date,commodity,open,high,low,close,volume,volatility,RSI,Bollinger_bands,moving_averages,trend_label
2025-08-30 15:37:16.250965,Crude Oil,189.22113383833658,192.70983377559915,182.87260094862518,184.2187637277013,76026764.93597254,0.026436635322717943,30.575739545190235,Normal,Above MA200,Bearish
2025-08-31 15:37:16.250965,Crude Oil,190.45544256438606,191.78690205419142,184.48573156352745,185.5991345237321,35284127.78785068,0.025498394665262603,48.58695251758446,Normal,Above MA200,Bullish
2025-09-01 15:37:16.250965,Crude Oil,191.5354699785169,200.63684971922507,190.69262870280727,197.80791685145053,38086648.84802065,0.03274822607863271,55.03439662856945,Normal,Above MA200,Bearish
2025-09-02 15:37:16.250965,Crude Oil,195.44666248118963,202.22312405466175,195.282167688353,195.97726333706638,68712413.17041597,0.002714811545721827,54.63404657559656,Normal,Above MA200,Neutral
2025-09-03 15:37:16.250965,Crude Oil,193.1983776339255,198.79878392729367,191.7511176192668,197.74795129245177,13721534.970157107,0.02354871564784485,62.44816706944012,Normal,Above MA200,Neutral
2025-09-04 15:37:16.250965,Crude Oil,191.1657114849335,198.40172629085006,190.04105071136897,198.10103844138536,96157865.81856751,0.03627913658040326,66.21402567824255,Normal,Above MA200,Bullish
2025-09-05 15:37:16.250965,Crude Oil,188.95418845893457,189.34645406880185,185.4786884447026,187.13481370679528,3303921.637846761,0.009628655321047213,62.578739303557434,Normal,Above MA200,Bullish
2025-09-06 15:37:16.250965,Crude Oil,185.37753215181397,188.9947670201207,183.60017644074614,183.67380233673103,35485323.840866536,0.009190594972899356,67.46592607422829,Normal,Above MA200,Bullish
2025-09-07 15:37:16.250965,Crude Oil,175.2656790557288,176.80232904662043,172.1209828234009,173.0759066566235,80876639.18745914,0.012494017145302258,69.62020568002694,Normal,Above MA200,Bearish
2025-09-08 15:37:16.250965,Crude Oil,178.94407841538808,179.82473565307,173.72576926679008,176.42050896346294,86844544.11376248,0.014102559158549677,52.474667685750944,Normal,Above MA200,Bullish
2025-09-09 15:37:16.250965,Crude Oil,182.10412352056653,187.88834748306675,180.96258949152437,186.29022944190865,53898419.87952578,0.02298743070949367,49.86244762732311,Normal,Above MA200,Bullish
2025-09-10 15:37:16.250965,Crude Oil,176.2059718879376,177.40761374882658,170.96210897199217,171.49419845929776,39530966.19468215,0.026740146081067125,30.433506059211936,Normal,Above MA200,Bullish
2025-09-11 15:37:16.250965,Crude Oil,174.54922252236497,176.26682796883685,172.95156006404065,173.1308683880085,48769574.01462161,0.008125811813196285,49.7210263108722,Normal,Above MA200,Bullish
2025-09-12 15:37:16.250965,Crude Oil,171.6757419338656,172.96035788794646,170.29420425914824,172.61184173405255,55816602.18223427,0.005452720283262495,38.509115800969155,Normal,Above MA200,Bullish
2025-09-13 15:37:16.250965,Crude Oil,168.95345455692004,172.15426294575323,168.93276321112344,171.07929388534365,6698317.241647784,0.012582396341043103,51.981155292949424,Normal,Above MA200,Bullish
2025-09-14 15:37:16.250965,Crude Oil,160.67206743251714,161.19347772063333,155.16116616871818,157.80486034167055,70877316.90399076,0.017845087429716633,68.7460777589654,Normal,Above MA200,Bullish
2025-09-15 15:37:16.250965,Crude Oil,158.23568889890743,162.36939013209505,157.55004826797273,160.1941446186572,82364145.86974527,0.012376826829508488,58.24968908625985,Normal,Above MA200,Bullish
2025-09-16 15:37:16.250965,Crude Oil,160.54916188049643,163.7696256848371,160.42231357031756,161.21968815821913,58549236.305451445,0.004176454550549343,64.52554087956015,Normal,Above MA200,Bearish
2025-09-17 15:37:16.250965,Crude Oil,170.4556428097703,170.81947552427988,167.5010333841414,168.0234309429203,42997978.915450655,0.014268884425048721,66.25417540378945,Normal,Above MA200,Neutral
2025-09-18 15:37:16.250965,Crude Oil,171.98151902625597,179.88260226926366,171.2554523077931,177.07339724407487,41115006.59136029,0.02960712433899104,52.858921008200426,Normal,Above MA200,Bullish
2025-09-19 15:37:16.250965,Crude Oil,172.45456746984618,175.66354340982826,170.55028656049942,174.3849990447227,40622066.39433046,0.011193855884472572,49.108595635209106,Normal,Above MA200,Bullish
2025-09-20 15:37:16.250965,Crude Oil,170.45957726287259,173.6669560678015,169.6794239134215,173.07296750305676,96359031.40462051,0.015331436825951932,30.486178987592652,Normal,Above MA200,Bullish
2025-09-21 15:37:16.250965,Crude Oil,168.13629883895032,168.92794348396617,167.97206986200004,168.906674078619,96960951.0262908,0.004581849636208336,50.92391376680595,Normal,Above MA200,Bullish
2025-09-22 15:37:16.250965,Crude Oil,171.80335819027985,173.00909725277307,167.52841713595743,169.16442499049265,99587306.1279077,0.01536019567710933,57.87700223455259,Normal,Above MA200,Neutral
2025-09-23 15:37:16.250965,Crude Oil,172.92980330286161,174.61813275491326,170.05634070364047,172.56342752702355,19623994.812652368,0.0021186387125902034,48.547936197599284,Normal,Above MA200,Bearish
2025-09-24 15:37:16.250965,Crude Oil,170.4698736723675,174.47056804241788,168.9781279084906,173.15991013627203,36674164.42532156,0.015780128218283368,40.397994514170506,Normal,Above MA200,Neutral
2025-09-25 15:37:16.250965,Crude Oil,166.51596288548706,170.8165611005342,164.93335547983835,167.67077098934365,68788386.08283405,0.006935119515543189,36.504677573795654,Normal,Above MA200,Bearish
2025-09-26 15:37:16.250965,Crude Oil,165.8898897680814,168.68461179880512,161.1548429718548,163.9924290801654,91998478.6317204,0.011438073113248062,33.30993680141225,Normal,Above MA200,Bearish
2025-09-27 15:37:16.250965,Crude Oil,163.8244057204565,164.28675290613202,163.1162021604568,163.59960221504798,38708194.80647113,0.0013722223158381265,68.79657591258413,Normal,Above MA200,Neutral
2025-09-28 15:37:16.250965,Crude Oil,163.80301016713102,164.94004213392964,160.0483966747153,160.22441933883405,4645364.895963146,0.02184691737133317,35.35408475202533,Normal,Above MA200,Bullish
2025-09-29 15:37:16.250965,Crude Oil,162.91492375393616,163.02485486434546,162.18169993423297,162.94830078510708,45603869.395699255,0.00020487399436366332,35.1663766060598,Normal,Above MA200,Neutral
2025-09-30 15:37:16.250965,Crude Oil,164.42189606137896,167.9384769858276,163.31858582363978,166.48654158775065,87943846.08044003,0.012556998646949974,60.27996528688915,Normal,Above MA200,Bearish
2025-10-01 15:37:16.250965,Crude Oil,159.5252611784048,160.0100017126543,156.51959540287578,156.89981651168617,77459520.7818283,0.016457861578314265,50.80654004447973,Normal,Above MA200,Bullish
2025-10-02 15:37:16.250965,Crude Oil,163.75180977351098,173.98651944628116,160.87740737631663,170.47349052775655,87788706.66317616,0.04104797842260477,46.13931464849588,Normal,Above MA200,Neutral
2025-10-03 15:37:16.250965,Crude Oil,174.50525141024812,181.2972500935735,173.74850881727355,179.71962598398773,2439921.9011203106,0.02988090347768958,44.023502352263876,Normal,Above MA200,Bearish
2025-10-04 15:37:16.250965,Crude Oil,179.12522580420216,180.60005785815144,174.26515751329393,177.91681608301607,10009207.014081698,0.006746172772487988,59.05588130600913,Normal,Above MA200,Bullish
2025-10-05 15:37:16.250965,Crude Oil,179.97146391203108,185.5344585841206,177.04042067316752,185.397089018108,86374007.16592777,0.030147141041920563,67.98082494630569,Normal,Above MA200,Bearish
2025-10-06 15:37:16.250965,Crude Oil,183.3843139861841,183.41130496381248,176.92055683685265,178.34087323466133,26566194.441596877,0.02750202916429783,48.36543024953045,Normal,Above MA200,Bearish
2025-10-07 15:37:16.250965,Crude Oil,179.47865606402155,181.6430164712522,173.37547405033828,174.0291066095964,34814757.835197955,0.030363217409435216,51.490536668562804,Normal,Above MA200,Neutral
2025-10-08 15:37:16.250965,Crude Oil,173.3505266328114,173.98602662304694,167.02779161435103,168.61254685949518,19006128.35551534,0.027331787594462482,43.826691332954525,Normal,Above MA200,Neutral
2025-10-09 15:37:16.250965,Crude Oil,176.34512880769492,178.41212855937488,176.2110217937839,176.51689837322692,23161057.52472574,0.000974053361685474,62.87162547377797,Normal,Above MA200,Bearish
2025-10-10 15:37:16.250965,Crude Oil,174.2622551845859,176.9411145018565,173.28808475301983,175.50983343665047,9781550.841948505,0.0071591995107780386,34.82543484402403,Normal,Above MA200,Bullish
2025-10-11 15:37:16.250965,Crude Oil,169.049946813692,172.21752147721386,168.41658203737447,171.72443177651104,32836693.703322873,0.015820679114241655,33.691623449149844,Normal,Above MA200,Neutral
2025-10-12 15:37:16.250965,Crude Oil,165.6416243375585,166.80066103490165,162.59737697713427,162.94604878687338,87484283.78657095,0.0162735397063716,66.83489602127253,Normal,Above MA200,Bullish
2025-10-13 15:37:16.250965,Crude Oil,161.265829369948,163.12222076087045,161.22752634551668,161.867373418555,92480134.15163589,0.0037301395525461997,39.44466132469617,Normal,Above MA200,Neutral
2025-10-14 15:37:16.250965,Crude Oil,161.78613544129854,165.72307276697072,161.37765814896707,162.82362455231262,7171794.888612904,0.0064127195336247745,35.909563676249064,Normal,Above MA200,Neutral
2025-10-15 15:37:16.250965,Crude Oil,164.03923773925385,166.4637118771278,158.9886651301637,165.9472009576863,11610029.122637829,0.011631139261115328,47.89649467293819,Normal,Above MA200,Neutral
2025-10-16 15:37:16.250965,Crude Oil,167.47526208408658,172.73397250446186,167.0955128864447,171.24203164460044,74003115.4032881,0.022491498228691537,37.29135513903832,Normal,Above MA200,Neutral
2025-10-17 15:37:16.250965,Crude Oil,170.93676925474648,172.05533391145627,166.031882823099,167.32568681553843,89162200.7932496,0.02112525265893181,53.743698142161946,Normal,Above MA200,Bearish
2025-10-18 15:37:16.250965,Crude Oil,173.85898306834892,173.8728442214657,170.10139033209302,172.65661173791437,9605108.520654945,0.006915784903457378,51.48426167274191,Normal,Above MA200,Bearish
2025-10-19 15:37:16.250965,Crude Oil,173.05714890673931,182.79677614067955,169.58290892660546,180.28912835120076,34407236.55331989,0.04178954461083128,65.98589588580049,Normal,Above MA200,Bearish
2025-10-20 15:37:16.250965,Crude Oil,170.64398391110248,174.3237176866074,167.8488456323349,174.30414778710625,33704499.64681049,0.021449123444695035,67.34767295039498,Normal,Above MA200,Bullish
2025-10-21 15:37:16.250965,Crude Oil,164.80668691258288,165.6095021186757,161.7148647364259,162.67856265764894,18163985.93418073,0.01291285138243654,65.87061698505701,Normal,Above MA200,Neutral
2025-10-22 15:37:16.250965,Crude Oil,169.0628630159456,169.3569754727234,164.64988879013063,166.15839423941878,91822165.69546764,0.017179815393596323,30.212000255904215,Normal,Above MA200,Bearish
2025-10-23 15:37:16.250965,Crude Oil,168.37495205541916,169.27168388393937,165.07695315840934,165.95371419479898,56119526.40837905,0.014380035932085979,52.864507578795994,Normal,Above MA200,Neutral
2025-10-24 15:37:16.250965,Crude Oil,166.78656626424015,168.21697831932758,165.96169561063698,167.49542079641768,96831412.5839192,0.00425006970318272,58.438099153469935,Normal,Above MA200,Bullish
2025-10-25 15:37:16.250965,Crude Oil,171.35265031269398,175.05089623143607,169.6605548757733,172.10955146103328,9641727.779377868,0.004417212963780105,50.24415825437388,Normal,Above MA200,Neutral
2025-10-26 15:37:16.250965,Crude Oil,167.8761426225478,175.20395652020818,165.17164854712215,170.45876393346975,6130530.1454202635,0.01538408776003816,43.46417112775683,Normal,Above MA200,Bearish
2025-10-27 15:37:16.250965,Crude Oil,171.1072125866055,181.48905340914513,170.03502729983,177.9583732924664,9698943.013023024,0.04004016313685892,35.55299093768082,Normal,Above MA200,Bullish
2025-10-28 15:37:16.250965,Crude Oil,172.25505139756598,173.1676658565404,166.35057241263414,168.78370534568117,47686042.66646568,0.02015236141826063,46.47363656589074,Normal,Above MA200,Bearish
2025-10-29 15:37:16.250965,Crude Oil,168.23813795438707,170.7701641830383,165.52571988430756,166.37156281691858,92718492.93538141,0.011094839494565441,58.86386203005109,Normal,Above MA200,Bullish
2025-10-30 15:37:16.250965,Crude Oil,167.9447400773965,168.51172599071307,163.11570828274628,163.79032289549042,20961104.684726708,0.02473681033411067,36.54623771462818,Normal,Above MA200,Bullish
2025-10-31 15:37:16.250965,Crude Oil,171.71058878430466,172.87949878628518,168.49714864461325,169.75736778582015,32303461.647352967,0.011375076006163295,53.53226703180226,Normal,Above MA200,Bearish
2025-11-01 15:37:16.250965,Crude Oil,174.78993558918353,176.09785112226618,172.51582687927765,175.65848953922247,38317498.51306585,0.004969130213997754,48.50719142678426,Normal,Above MA200,Bearish
2025-11-02 15:37:16.250965,Crude Oil,180.57800364323347,183.3061819334824,168.9899216905686,172.1943024796817,39756728.90994869,0.04642703426999554,51.274299187526964,Normal,Above MA200,Bullish
2025-11-03 15:37:16.250965,Crude Oil,181.88693186750473,185.968867727189,180.48482881750923,185.5317279661903,12572906.030128043,0.02003880136556806,67.59328494453901,Normal,Above MA200,Neutral
2025-11-04 15:37:16.250965,Crude Oil,194.93938146652417,200.69553916831998,191.61405703682908,198.53083260135818,57741934.07648148,0.018423425312092418,69.90770463695372,Normal,Above MA200,Bullish
2025-11-05 15:37:16.250965,Crude Oil,191.37701514665434,193.4656855891426,189.7097091874856,191.2724075097492,74650682.96469502,0.0005466050185022809,31.341297389431176,Normal,Above MA200,Bearish
2025-11-06 15:37:16.250965,Crude Oil,189.83408798291185,193.32882547001176,188.8860323267396,189.6565589985811,54111653.79697488,0.0009351796941060165,45.15286262227663,Normal,Above MA200,Bullish
2025-11-07 15:37:16.250965,Crude Oil,189.59851394836488,191.11978815381354,187.74279248817584,190.60539197555383,79932241.2121758,0.005310579741480321,35.99669709395095,Normal,Above MA200,Neutral
2025-11-08 15:37:16.250965,Crude Oil,184.107249995966,190.2297994408972,184.05705369770445,189.33313893622343,56985326.38497441,0.02838502525224827,58.64716298931809,Normal,Above MA200,Neutral
2025-11-09 15:37:16.250965,Crude Oil,188.1422066751396,190.13347632718362,186.6901620291703,187.65265949473496,90936605.5720292,0.0026020061582987474,53.33567179064482,Normal,Above MA200,Neutral
2025-11-10 15:37:16.250965,Crude Oil,191.63932300419503,194.2744575912567,191.1027930240916,194.16653076411322,51082979.20956213,0.013187313127081154,54.45816941738592,Normal,Above MA200,Neutral
2025-11-11 15:37:16.250965,Crude Oil,191.7128636556982,192.94625590036347,184.48410392468892,187.41662037664983,11119053.75829476,0.02240978094596753,66.75002089042985,Normal,Above MA200,Bullish
2025-11-12 15:37:16.250965,Crude Oil,189.64440842464944,191.3280724470157,189.16983479910158,190.48590252687163,61064789.59190273,0.004437220739658766,46.96522685209544,Normal,Above MA200,Bullish
2025-11-13 15:37:16.250965,Crude Oil,183.8578126367981,185.01137127368472,178.79500242494797,179.68514329598185,19445767.069917947,0.02269508856313412,63.49963156009969,Normal,Above MA200,Bullish
2025-11-14 15:37:16.250965,Crude Oil,180.80299367038697,183.00331229046887,177.74296695305014,181.0225785890303,6421402.243381102,0.0012144982457738922,43.40788966583604,Normal,Above MA200,Bullish
2025-11-15 15:37:16.250965,Crude Oil,183.68152311073683,190.9323575365285,179.4187573548137,189.3188939101087,92065706.02486329,0.030691006389212273,43.85383977463845,Normal,Above MA200,Bearish
2025-11-16 15:37:16.250965,Crude Oil,182.86035377818808,186.0241983830275,182.04940487785436,185.95262202039004,91362196.82503375,0.016910545005031127,39.929057710286074,Normal,Above MA200,Bullish
2025-11-17 15:37:16.250965,Crude Oil,181.20816102863182,186.42138667973614,181.10977429948196,181.5258405329165,91569744.2057419,0.0017531191889006334,44.49575596466532,Normal,Above MA200,Neutral
2025-11-18 15:37:16.250965,Crude Oil,183.14901336825088,184.46884419722224,179.70434385823475,179.84535866614206,97578590.25259288,0.018038069882835087,48.35955952068052,Normal,Above MA200,Bearish
2025-11-19 15:37:16.250965,Crude Oil,187.63176689187588,187.83788591722984,180.02213215207482,182.0789864851472,19261824.270466752,0.029594031430341443,41.983836470659085,Normal,Above MA200,Bullish
2025-11-20 15:37:16.250965,Crude Oil,188.62693597995883,192.23207523514714,182.46417409760383,183.50494656586494,47354951.015696555,0.027154072070799583,54.99903948204209,Normal,Above MA200,Bullish
2025-11-21 15:37:16.250965,Crude Oil,189.84425599360856,199.13900143244217,187.74248177870106,194.1495012896739,7505155.303406884,0.02267777486093815,61.02110466780042,Normal,Above MA200,Neutral
2025-11-22 15:37:16.250965,Crude Oil,195.15403900442942,208.64771931791037,194.05382602207476,204.65744637658108,76770271.82555783,0.04869695457307938,34.11925917325262,Normal,Above MA200,Bullish
2025-11-23 15:37:16.250965,Crude Oil,195.83351682872288,196.0484101151533,181.54307763456893,181.8776163295951,27957883.617309645,0.07126410598719764,65.89721639275537,Normal,Above MA200,Bearish
2025-11-24 15:37:16.250965,Crude Oil,194.63641762378788,194.7718647621365,192.3092787476138,193.24713802132655,66233470.249104984,0.007137819424660074,31.08383970013934,Normal,Above MA200,Neutral
2025-11-25 15:37:16.250965,Crude Oil,197.24174528126258,198.76153673769156,193.00147647744862,194.2134251425206,51045280.031497344,0.01535334284546942,53.80195918801682,Normal,Above MA200,Bullish
2025-11-26 15:37:16.250965,Crude Oil,196.24845991329428,197.20884995291152,191.83587228804694,194.2093588702713,10844697.88317517,0.010390405325595474,39.72688763997816,Normal,Above MA200,Bearish
2025-11-27 15:37:16.250965,Crude Oil,194.82479296223607,200.09236702566145,194.00589645548447,197.62247087234698,96302282.53693259,0.014359968603447761,67.77638902309093,Normal,Above MA200,Bearish
2025-11-28 15:37:16.250965,Crude Oil,199.7547702326401,201.62718292192793,193.85708236126447,197.14903590066746,89374499.39662051,0.013044666362349877,62.69774246953764,Normal,Above MA200,Neutral
2025-11-29 15:37:16.250965,Crude Oil,198.6247694157924,207.103359509069,195.8272164135796,205.65484260091384,59439199.308965966,0.035393738685254375,40.72254563291505,Normal,Above MA200,Bullish
2025-11-30 15:37:16.250965,Crude Oil,188.34792867261183,194.1234475021926,186.55915810653866,192.83140153442983,22731541.98301491,0.02380420583021779,68.9818906079548,Normal,Above MA200,Bullish
2025-12-01 15:37:16.250965,Crude Oil,189.68525351271592,189.75664099341924,186.2568412546537,188.33474200771576,89560670.46251506,0.007119749585117967,61.99421023789261,Normal,Above MA200,Bullish
2025-12-02 15:37:16.250965,Crude Oil,188.15440979034636,202.2247959490194,186.51795479832663,196.74734163776836,40852454.316101074,0.04566957456376813,38.72092429976346,Normal,Above MA200,Bearish
2025-12-03 15:37:16.250965,Crude Oil,187.0353075637154,193.46944762256044,186.84674338792473,191.00840483534319,27958425.325417526,0.021242498667126172,30.73562706189867,Normal,Above MA200,Bearish
2025-12-04 15:37:16.250965,Crude Oil,188.78839451960954,194.13811572177954,187.35428352906598,193.89227358172897,41119560.714741185,0.027034919572819914,49.89859575919562,Normal,Above MA200,Neutral
2025-12-05 15:37:16.250965,Crude Oil,188.1456569089122,189.84297121013446,186.43422023701356,188.15186244313904,73486273.26744717,3.298260682052824e-05,40.02922642246391,Normal,Above MA200,Bullish
2025-12-06 15:37:16.250965,Crude Oil,188.97757618162345,189.94192192999847,184.90991101200746,185.20271927082516,38930714.29670025,0.019975157831267416,50.7567082113135,Normal,Above MA200,Bearish
2025-12-07 15:37:16.250965,Crude Oil,181.15022005581022,185.04358769606316,179.8355335412413,184.0906259649177,9197068.124587521,0.016231864958273733,54.12608437865553,Normal,Above MA200,Bearish
2025-12-08 15:37:16.250965,Crude Oil,177.50012512470997,180.6694106078931,176.17236255015163,180.44455182863115,94981372.9087188,0.01658830776514921,45.865974922082174,Normal,Above MA200,Bearish
2025-12-09 15:37:16.250965,Crude Oil,182.93413782621744,188.53787164604887,180.8868945813473,188.44401026277785,27721211.016827293,0.030119432611285794,51.593711156327736,Normal,Above MA200,Neutral
2025-12-10 15:37:16.250965,Crude Oil,182.86233706415535,183.08544706266352,176.14737134174044,180.77537373369438,34090145.19087912,0.01141275652475548,60.836488149832874,Normal,Above MA200,Bullish
2025-12-11 15:37:16.250965,Crude Oil,176.3850488636414,178.62164922655452,173.7236718927006,176.0638167663924,41866561.510068476,0.0018211979944929974,58.197021987558124,Normal,Above MA200,Bearish
2025-12-12 15:37:16.250965,Crude Oil,172.23382172953058,172.36432472101018,168.9840907932844,169.50580528137777,80935594.92985936,0.015839028715491005,68.4839514305647,Normal,Above MA200,Bullish
2025-12-13 15:37:16.250965,Crude Oil,168.39202370677071,168.51736366434665,165.1583044292646,166.189798135266,19328159.955023345,0.01307796843952406,51.67603789513433,Normal,Above MA200,Neutral
2025-12-14 15:37:16.250965,Crude Oil,168.7881597125025,172.62340827624607,166.61709059097734,171.5620193253698,85070369.50496662,0.0164339703542714,39.986720354367435,Normal,Above MA200,Bullish
2025-12-15 15:37:16.250965,Crude Oil,167.11374844915383,172.99311586504197,165.3947451915084,170.6806572205149,6107984.85921229,0.02134419701827423,56.79669858200157,Normal,Above MA200,Bearish
2025-12-16 15:37:16.250965,Crude Oil,164.56238785327952,168.8508465998265,159.28541847664314,160.46150522362356,73371343.47436988,0.02491992661963694,37.703961111425215,Normal,Above MA200,Bearish
2025-12-17 15:37:16.250965,Crude Oil,164.57762716316861,166.81070984618077,162.81698193190593,163.4043179580132,74761390.26390181,0.007129214495188623,32.195304585859,Normal,Above MA200,Neutral
2025-12-18 15:37:16.250965,Crude Oil,166.42677113943546,170.44156381291236,166.26680043397843,169.56652470136953,23770874.891482603,0.018865676119519954,34.822675431091156,Normal,Above MA200,Bearish
2025-12-19 15:37:16.250965,Crude Oil,165.42420254051103,165.5559759160869,162.25037490584768,163.91131454100076,44662184.013068,0.009145505774100851,46.17941798727403,Normal,Above MA200,Neutral
2025-12-20 15:37:16.250965,Crude Oil,163.19979448075082,167.73828443306977,162.13804135640711,164.56274253902214,62963246.2672639,0.00835140793288245,65.43910992944748,Normal,Above MA200,Bearish
2025-12-21 15:37:16.250965,Crude Oil,161.56838849999033,165.31640278846157,159.95939753908405,164.95662595662407,46732342.20698317,0.02097091818573107,69.61365253367109,Normal,Above MA200,Neutral
2025-12-22 15:37:16.250965,Crude Oil,162.8836632190979,164.9065290190172,162.04108484216513,163.16800593736906,48507686.410086975,0.0017456797855084838,55.1002185287348,Normal,Above MA200,Neutral
2025-12-23 15:37:16.250965,Crude Oil,162.85509839918296,168.81156488805576,162.52809860816475,167.46177223002408,34300675.91901378,0.028286948803711597,50.900767665380926,Normal,Above MA200,Bullish
2025-12-24 15:37:16.250965,Crude Oil,165.8249155686952,166.2921846584237,162.23702789760975,164.44794919089207,30334503.92514302,0.008303736341917146,39.344310041996394,Normal,Above MA200,Bullish
2025-12-25 15:37:16.250965,Crude Oil,161.3746512566757,162.11709570006587,158.03020707452583,158.42584597199829,5464967.044811995,0.018273038929683967,34.37870394716461,Normal,Above MA200,Bullish
2025-12-26 15:37:16.250965,Crude Oil,158.373718158221,159.45481395881015,154.7416586177679,154.9985269088936,88032712.44865431,0.021311561593543346,67.7892808916564,Normal,Above MA200,Neutral
2025-12-27 15:37:16.250965,Crude Oil,161.36615455629388,161.52284039430342,158.631648368875,158.71786214419572,40756443.40612326,0.01641169686034922,63.51302941132982,Normal,Above MA200,Bearish
2025-12-28 15:37:16.250965,Crude Oil,158.2626853693394,163.10248944651593,157.25338094458928,159.19380376006558,22828134.69794736,0.005883372878156362,37.45753048577018,Normal,Above MA200,Neutral
2025-12-29 15:37:16.250965,Crude Oil,163.61950874931145,164.38617003534455,161.07549116854136,161.89824148169083,63348014.37661915,0.010519939100036353,38.65296092146214,Normal,Above MA200,Bullish
2025-12-30 15:37:16.250965,Crude Oil,169.05834628071898,171.0423646651369,166.47709445003036,167.8127268590636,16235694.72764565,0.007367985367531388,62.63332499962471,Normal,Above MA200,Bearish
2025-12-31 15:37:16.250965,Crude Oil,174.44733359265095,180.57807189769633,173.2548364873282,178.1230468542512,4451650.863148666,0.02107061877015201,65.7968576491136,Normal,Above MA200,Bullish
2026-01-01 15:37:16.250965,Crude Oil,171.038819323972,171.70193949458715,168.4767127880813,168.95971012359377,65868956.08326315,0.012155773809687725,52.034294824365574,Normal,Above MA200,Neutral
2026-01-02 15:37:16.250965,Crude Oil,171.33644069686886,174.1653542050669,169.87423145675444,172.4996670602041,1503131.8419845705,0.0067891357997405,57.82857171399001,Normal,Above MA200,Bearish
2026-01-03 15:37:16.250965,Crude Oil,169.42661364725788,171.37746871600632,169.35329988018484,171.31086714874684,90744858.22501342,0.011121354909518157,52.852757676782964,Normal,Above MA200,Bearish
2026-01-04 15:37:16.250965,Crude Oil,172.99970821275588,178.5314050881528,172.77036930198767,176.58244020470514,73657081.97641647,0.020709468408716594,50.850412487216595,Normal,Above MA200,Bullish
2026-01-05 15:37:16.250965,Crude Oil,179.6051110208186,180.08759511172707,176.57829049378483,178.66671910148534,93078944.70046413,0.005224750643229156,34.23336375314336,Normal,Above MA200,Neutral
2026-01-06 15:37:16.250965,Crude Oil,182.98633288279325,184.17426428162773,179.42083983129464,180.28723195255836,88206205.16069391,0.014750287017138815,64.87374110980929,Normal,Above MA200,Neutral
2026-01-07 15:37:16.250965,Crude Oil,183.02172601047613,184.191035430076,178.21873006439873,181.05644192169402,26610144.73909289,0.010737982487770957,37.72531458349172,Normal,Above MA200,Bullish
2026-01-08 15:37:16.250965,Crude Oil,181.60690866065502,183.22075427814437,181.52257668105992,182.87128894928628,63549539.17465017,0.0069621816590351715,40.39214324256639,Normal,Above MA200,Bullish
2026-01-09 15:37:16.250965,Crude Oil,184.1191944225961,184.52269224046543,182.5478659916051,183.00424872843126,96336208.38204047,0.006055564699060017,43.674886641547445,Normal,Above MA200,Neutral
2026-01-10 15:37:16.250965,Crude Oil,179.38607075759674,185.38834348611596,178.6532565072829,185.06347227788157,7715868.851412019,0.03164906559526949,42.03854267787265,Normal,Above MA200,Bullish
2026-01-11 15:37:16.250965,Crude Oil,181.46195570491608,186.00847169214066,180.2000300149227,184.20893629184377,8394747.358027548,0.015138052360653968,64.0965863679459,Normal,Above MA200,Bearish
2026-01-12 15:37:16.250965,Crude Oil,177.92165070765242,178.91609368448374,177.1208677447179,177.7915184652263,76068056.39697324,0.000731401950850491,30.98347665835206,Normal,Above MA200,Neutral
2026-01-13 15:37:16.250965,Crude Oil,180.32347833590168,182.35527888384382,177.7070414698659,178.72161507691504,1101918.5047177062,0.008883276175511259,36.35753133107026,Normal,Above MA200,Bearish
2026-01-14 15:37:16.250965,Crude Oil,179.7005713188078,184.58916244993532,179.38117094563103,182.34653821415722,79686145.32624301,0.014724309866857473,57.74728903125954,Normal,Above MA200,Bearish
2026-01-15 15:37:16.250965,Crude Oil,178.19779661647084,179.50068183966775,174.88060321448157,175.63731947083096,85878649.11715737,0.014368736282136503,68.58081889080835,Normal,Above MA200,Neutral
2026-01-16 15:37:16.250965,Crude Oil,174.77042702630533,177.21540049401062,174.40940870394175,175.6383637561777,23765505.983217534,0.004966153282567315,38.52418816100333,Normal,Above MA200,Bullish
2026-01-17 15:37:16.250965,Crude Oil,173.38964784252732,175.892986205205,168.92801675034084,169.06690720688317,96851149.36355746,0.02493078848380888,37.42102062812484,Normal,Above MA200,Bullish
2026-01-18 15:37:16.250965,Crude Oil,175.54211346249602,182.40163194263585,171.18639580184052,179.48231710663862,2768327.355353618,0.022445916631762552,61.8719131145611,Normal,Above MA200,Bullish
2026-01-19 15:37:16.250965,Crude Oil,179.58236882196059,181.99106164858418,176.46677695024744,179.01982437418746,56282854.585736595,0.003132514909249423,39.02160569774942,Normal,Above MA200,Neutral
2026-01-20 15:37:16.250965,Crude Oil,181.61998283197758,186.2785329088168,179.5230270574839,183.8399786972647,59436129.949676625,0.012223301812229123,47.329869958866226,Normal,Above MA200,Bullish
2026-01-21 15:37:16.250965,Crude Oil,186.8988963021661,189.10037212747707,184.72548345706537,186.47277438527038,97495285.3351983,0.0022799595146178737,58.8755051170774,Normal,Above MA200,Neutral
2026-01-22 15:37:16.250965,Crude Oil,196.72670823955818,204.71169559135896,195.8897195833023,203.11561278385878,78205247.90044163,0.03247604050041196,31.584753013934286,Normal,Above MA200,Bearish
2026-01-23 15:37:16.250965,Crude Oil,195.47076820527315,196.32441635121342,192.7498802696767,193.06411543761917,2818396.0571134603,0.012312085278790326,49.29425526206366,Normal,Above MA200,Bullish
2026-01-24 15:37:16.250965,Crude Oil,194.6739624839149,195.10412219677895,191.09198645766116,191.14337695823886,33319669.5161552,0.01813588977502714,50.70846573538846,Normal,Above MA200,Bullish
2026-01-25 15:37:16.250965,Crude Oil,189.1002919037641,191.13335504652824,186.15327777553048,187.3374680749407,82322632.07297678,0.009322163446053989,31.647339811170866,Normal,Above MA200,Bullish
2026-01-26 15:37:16.250965,Crude Oil,193.70899360957887,194.11688271990727,188.26444304805148,189.93644646222333,62043853.60438493,0.01947533295722507,54.51776699462424,Normal,Above MA200,Bullish
2026-01-27 15:37:16.250965,Crude Oil,198.73830009742792,202.32645288162388,196.95920830935736,201.5334482161568,34605569.0617378,0.014064466272271798,62.59300454986049,Normal,Above MA200,Neutral
2026-01-28 15:37:16.250965,Crude Oil,195.38201682763864,199.17260997462134,191.5202047621372,197.88357798221475,60150110.40056108,0.01280343603363939,61.35330213675448,Normal,Above MA200,Neutral
2026-01-29 15:37:16.250965,Crude Oil,197.7725914984316,203.7313436812268,197.04177902069537,199.3798641415429,6974856.315065816,0.008126872540495796,39.88412936040586,Normal,Above MA200,Bullish
2026-01-30 15:37:16.250965,Crude Oil,202.48325569910418,208.14789592192162,201.62464857285127,203.3318605781089,33572726.343651555,0.00419098792181491,48.8073037078666,Normal,Above MA200,Bullish
2026-01-31 15:37:16.250965,Crude Oil,203.3591028994523,206.6848933163514,203.30957561911555,205.50590592596018,55980991.54282549,0.010556709760709992,58.768071130890554,Normal,Above MA200,Bearish
2026-02-01 15:37:16.250965,Crude Oil,206.6389643520007,216.6036362381373,202.51153423802657,215.5131588137468,49834407.83159616,0.04294540717223728,33.26105958209707,Normal,Above MA200,Neutral
2026-02-02 15:37:16.250965,Crude Oil,207.31565432987833,207.75432382725154,203.01446202792647,205.2538764464372,72989737.9068645,0.009945114323882476,59.70826084799924,Normal,Above MA200,Bullish
2026-02-03 15:37:16.250965,Crude Oil,202.60582578656508,205.08929843029915,199.2167468225255,202.17738161232228,98777306.80986972,0.0021146685816139177,31.6043676564993,Normal,Above MA200,Bullish
2026-02-04 15:37:16.250965,Crude Oil,206.6673176959431,218.30430999965134,206.49609193262722,217.40811374681556,61012682.64255598,0.051971430077177236,53.908942610234575,Normal,Above MA200,Bearish
2026-02-05 15:37:16.250965,Crude Oil,211.7961301013446,213.6773261085258,207.37100250157573,210.23661088472838,39000868.03491183,0.007363303644263941,48.63251228080994,Normal,Above MA200,Bullish
2026-02-06 15:37:16.250965,Crude Oil,214.63901145243074,215.48856024389457,210.92785131265788,211.97507215650563,18788627.778153956,0.01241125403019059,39.501732996955106,Normal,Above MA200,Bearish
2026-02-07 15:37:16.250965,Crude Oil,210.94463632428022,217.60005911010398,210.14606560224044,212.06548544253272,7844145.832475325,0.005313475316478143,47.48661555267306,Normal,Above MA200,Bearish
2026-02-08 15:37:16.250965,Crude Oil,208.03720149565208,210.24739186544383,202.77155809472762,207.40589014709138,59702134.29205781,0.003034607964450517,36.54095490340091,Normal,Above MA200,Neutral
2026-02-09 15:37:16.250965,Crude Oil,203.66188744285927,206.42873287357406,200.3499017513977,204.64027845301928,85940639.13834788,0.004803996577094021,30.36121616518201,Normal,Above MA200,Bullish
2026-02-10 15:37:16.250965,Crude Oil,206.64207955144835,207.3581023783832,204.63374837102853,204.7298087824475,24368995.87129993,0.009254024026237827,32.93986989320051,Normal,Above MA200,Bearish
2026-02-11 15:37:16.250965,Crude Oil,211.55137252809502,214.85387036217026,207.4214978979254,213.59090050036758,67269649.74447677,0.009640816544462428,35.830262729790064,Normal,Above MA200,Bullish
2026-02-12 15:37:16.250965,Crude Oil,213.19434363422644,218.98907240677778,211.4069489254262,215.9826024911378,17594302.41254345,0.01307848421013991,31.466857077341718,Normal,Above MA200,Bullish
2026-02-13 15:37:16.250965,Crude Oil,216.83468018698292,220.21825808147577,212.16432301509877,219.11432571722716,78397242.65465792,0.01051328841068418,58.21542376448814,Normal,Above MA200,Neutral
2026-02-14 15:37:16.250965,Crude Oil,213.4764812788013,214.28710738117525,211.50919415052266,212.20284446300573,6651598.75284217,0.005966169238718969,51.24678112004128,Normal,Above MA200,Bearish
2026-02-15 15:37:16.250965,Crude Oil,214.04103858161616,215.60918901195356,211.53305237866692,211.70393255297907,32299454.3926983,0.010918962289308543,50.289392347535696,Normal,Above MA200,Bearish
2026-02-16 15:37:16.250965,Crude Oil,208.73896202006966,212.11209702661404,201.0378820437417,205.08140807985936,2720599.228362484,0.01752214299052923,42.92522628281114,Normal,Above MA200,Bullish
2026-02-17 15:37:16.250965,Crude Oil,205.75178990450576,206.02663281894286,202.6704163843106,204.8953055432722,52044006.82934578,0.004162706733346425,49.55386321027681,Normal,Above MA200,Bearish
2026-02-18 15:37:16.250965,Crude Oil,209.15268986678498,216.03260795115835,207.87105676154488,213.80919347546768,97021292.56461978,0.02226365633475033,33.75602863157673,Normal,Above MA200,Bullish
2026-02-19 15:37:16.250965,Crude Oil,208.22534096052019,210.45978074430502,203.52495784904534,203.8592071983172,18537829.155291203,0.020968311263473125,57.70503808904658,Normal,Above MA200,Neutral
2026-02-20 15:37:16.250965,Crude Oil,212.90624561157924,213.32478112378737,212.31680040617806,212.7076957520922,77083417.08785532,0.000932569445845388,34.52439276306292,Normal,Above MA200,Bullish
2026-02-21 15:37:16.250965,Crude Oil,214.98841612875333,218.11190346915376,212.43643847586077,215.7269856978752,22351840.087374,0.0034353923919303547,56.355418809306286,Normal,Above MA200,Bullish
2026-02-22 15:37:16.250965,Crude Oil,225.57197840481737,233.5445777696886,223.33875663685458,229.38046741982092,60890438.346363544,0.016883697354326245,42.72446214472478,Normal,Above MA200,Bullish
2026-02-23 15:37:16.250965,Crude Oil,225.93489686130602,228.2058646975508,223.40397622126696,223.969229860937,78456162.92176907,0.008700147819908051,52.68065043946671,Normal,Above MA200,Bullish
2026-02-24 15:37:16.250965,Crude Oil,220.49141488787592,223.58927332536024,218.5037407214488,221.84699100989562,87911224.74509142,0.006147976884764493,42.68782867061594,Normal,Above MA200,Bullish
2026-02-25 15:37:16.250965,Crude Oil,220.3577680899814,220.68842723246055,219.491838243295,219.767814871082,54904420.6981241,0.0026772517438934337,30.230346419924864,Normal,Above MA200,Neutral
2026-02-26 15:37:16.250965,Crude Oil,216.63042269178914,225.97849762244434,212.2554509695444,222.44961503304583,55301472.4434962,0.02686230432895362,53.85941899941686,Normal,Above MA200,Bullish
2026-02-27 15:37:16.250965,Crude Oil,220.41259120562174,225.83993636594784,220.33610071870947,225.15763748225297,59119109.062413946,0.02152801820747443,36.73777540570879,Normal,Above MA200,Bearish
2026-02-28 15:37:16.250965,Crude Oil,220.5750747582068,225.54338671972562,215.4254136829021,217.56135598903336,52389096.728485584,0.013663006903554476,49.16727510518924,Normal,Above MA200,Bullish
2026-03-01 15:37:16.250965,Crude Oil,220.0437651284232,220.24094229739018,216.0532718595803,218.6362270917538,25360896.221001826,0.006396627670172449,49.06781900164637,Normal,Above MA200,Neutral
2026-03-02 15:37:16.250965,Crude Oil,219.56331156573833,223.85203828206568,219.00850650131073,222.5712107016149,92776419.93483436,0.013699461510335117,32.41069561158243,Normal,Above MA200,Bullish
2026-03-03 15:37:16.250965,Crude Oil,222.42879564115654,227.3284258995164,222.21694316075244,224.1952563153385,17466829.166571073,0.007941690594017387,54.69407029651897,Normal,Above MA200,Bullish
2026-03-04 15:37:16.250965,Crude Oil,220.6775436635797,223.11291746094514,215.9472377175781,216.3364142736716,31819462.216444362,0.01967182214301835,54.41335133243673,Normal,Above MA200,Bearish
2026-03-05 15:37:16.250965,Crude Oil,223.68510958338888,230.6619360449625,223.53660413524028,229.93488177357358,82494227.54397036,0.027940045726891988,50.89924162064473,Normal,Above MA200,Neutral
2026-03-06 15:37:16.250965,Crude Oil,227.73198564368505,228.98687383371936,219.21614072364315,223.34040380741263,11580815.38637964,0.01928399220627532,52.692488785156144,Normal,Above MA200,Bearish
2026-03-07 15:37:16.250965,Crude Oil,226.40772848368573,227.76405812114945,224.60505020648134,227.43689975935234,9616857.296178205,0.00454565434916568,62.62994574017124,Normal,Above MA200,Bullish
2026-03-08 15:37:16.250965,Crude Oil,222.82347137383033,225.2621986918135,220.13587850750378,224.94903497353232,88536439.87149237,0.00953922666493218,39.1231908779573,Normal,Above MA200,Bullish
2026-03-09 15:37:16.250965,Crude Oil,220.83804261819137,224.91377808543578,219.78342233904905,222.5560369441635,36716479.391949385,0.007779431050937246,66.23564419151042,Normal,Above MA200,Bullish
2026-03-10 15:37:16.250965,Crude Oil,223.5865155792133,228.54053307628752,221.79133582767224,226.94999561185446,42950087.11122752,0.015043304485191627,56.70199597165882,Normal,Above MA200,Bearish
2026-03-11 15:37:16.250965,Crude Oil,223.9444544194314,225.21591039809553,220.4995443276317,221.45666375455934,42970536.4784169,0.011108963029790486,36.119352033142505,Normal,Above MA200,Bullish
2026-03-12 15:37:16.250965,Crude Oil,226.38315516253797,230.22406088932453,225.96369511424382,229.27532167754384,3340220.0185873033,0.01277553761864197,55.67886001773064,Normal,Above MA200,Neutral
2026-03-13 15:37:16.250965,Crude Oil,233.20659259888842,236.79085656648394,232.0015576851107,232.6244123974756,39699693.594645955,0.0024964139946685236,53.77905340744692,Normal,Above MA200,Bearish
2026-03-14 15:37:16.250965,Crude Oil,234.10049740491053,235.71785188654562,228.20688866030844,232.08804891169785,44828979.711173184,0.008596515238204901,47.83163658308916,Normal,Above MA200,Bullish
2026-03-15 15:37:16.250965,Crude Oil,230.96951269610713,236.59456037111642,227.20841295090727,235.255993574906,28141905.98942078,0.018558643644188157,33.176774759559464,Normal,Above MA200,Bullish
2026-03-16 15:37:16.250965,Crude Oil,235.06226315935643,236.73425780453994,228.5621622040086,229.9107359964219,52386919.29991876,0.0219155856567337,32.7045025436886,Normal,Above MA200,Bullish
2026-03-17 15:37:16.250965,Crude Oil,235.2610550149057,235.72256085223106,232.94458062681178,234.35513420840567,27843596.213518295,0.003850704513939361,53.71247966613691,Normal,Above MA200,Neutral
2026-03-18 15:37:16.250965,Crude Oil,238.63785577519604,239.53049635286652,226.33294792506766,229.14610358625688,99419796.76089558,0.039774712851429105,56.47356759397515,Normal,Above MA200,Bullish
2026-03-19 15:37:16.250965,Crude Oil,242.76456995234386,242.79437725897316,236.6470242366474,236.91568677535338,34023385.397747844,0.02409282037382411,53.21900026866699,Normal,Above MA200,Bearish
2026-03-20 15:37:16.250965,Crude Oil,239.05273567022806,240.55736606358,232.19597055932766,234.34008642956476,45586722.68956033,0.01971384777275407,60.24653315580984,Normal,Above MA200,Bullish
2026-03-21 15:37:16.250965,Crude Oil,244.40177504426526,250.54153018695723,243.18148372800428,244.82349931461482,12863071.199746989,0.001725536855340558,68.96658514512063,Normal,Above MA200,Bearish
2026-03-22 15:37:16.250965,Crude Oil,247.90504340350074,254.3043769673624,242.1553085007389,253.94449466716162,9823318.779485645,0.024361953999583668,60.21081681987232,Normal,Above MA200,Bullish
2026-03-23 15:37:16.250965,Crude Oil,245.56763565766443,247.90863487299777,239.5125910817315,247.52391505887132,16771098.04127905,0.007966356787887437,32.524361323166005,Normal,Above MA200,Bullish
2026-03-24 15:37:16.250965,Crude Oil,246.74600389512477,249.64401074632912,239.66509460412848,243.40489332404414,24666477.887529295,0.013540687663986289,50.388969870067925,Normal,Above MA200,Neutral
2026-03-25 15:37:16.250965,Crude Oil,247.74152373087395,250.47502097334674,236.65970769239388,241.86683605325624,60458839.00270111,0.023712971443574014,50.62717710785991,Normal,Above MA200,Neutral
2026-03-26 15:37:16.250965,Crude Oil,247.83415165518295,253.17016445470563,242.89251008252697,249.6696163044355,50614146.91901896,0.007406019860435774,45.88715109716844,Normal,Above MA200,Bearish
2026-03-27 15:37:16.250965,Crude Oil,251.20888878909125,258.4838797177889,248.27903261784107,257.35515294233994,87919457.72406188,0.024466746311707605,64.72226760429801,Normal,Above MA200,Bearish
2026-03-28 15:37:16.250965,Crude Oil,256.77216663315045,257.9279010661672,253.54932129231702,254.9419677212205,3266488.6726359045,0.007127715343636759,36.15164598672124,Normal,Above MA200,Neutral
2026-03-29 15:37:16.250965,Crude Oil,256.80044589890184,261.9386998584066,256.777028274858,261.8649032979137,64456235.65718787,0.019721373073494055,62.899222545374435,Normal,Above MA200,Bullish
2026-03-30 15:37:16.250965,Crude Oil,261.9516129818502,262.5233254256262,249.08583080799625,251.6613819879563,89927901.10197788,0.03928294571947095,63.17329620565135,Normal,Above MA200,Neutral
2026-03-31 15:37:16.250965,Crude Oil,265.7764444311491,269.54485854642405,264.84211276571136,267.4068368081061,48345168.28175916,0.0061344502536579675,50.244302193870034,Normal,Above MA200,Neutral
2026-04-01 15:37:16.250965,Crude Oil,266.675545123558,268.4186583959348,266.48754212286343,267.00435567013324,31869797.1754407,0.0012329984979421434,50.245674513609764,Normal,Above MA200,Bearish
2026-04-02 15:37:16.250965,Crude Oil,267.35745217811274,271.94505052404816,266.13039674157613,269.9855847228073,1032918.1059284513,0.009830032876524038,30.70751238453029,Normal,Above MA200,Bearish
2026-04-03 15:37:16.250965,Crude Oil,262.89645578522794,263.9932347299636,256.06520308469374,257.84086741931867,99491765.39980695,0.01923034051869986,32.31122243985467,Normal,Above MA200,Neutral
2026-04-04 15:37:16.250965,Crude Oil,257.0877419775155,258.6647250344428,256.0145682521514,256.7912840439279,69523972.82771906,0.001153139124048891,32.49167192520251,Normal,Above MA200,Neutral
2026-04-05 15:37:16.250965,Crude Oil,257.7264615896181,259.64211661360906,252.46830462672187,253.97393305553658,65916643.58360398,0.014560121265532822,63.92063540997606,Normal,Above MA200,Bearish
2026-04-06 15:37:16.250965,Crude Oil,254.4135945636869,257.89111979365094,251.29150010089748,251.85758882261183,37408175.73685167,0.010046655507770919,46.565190101157086,Normal,Above MA200,Bearish
2026-04-07 15:37:16.250965,Crude Oil,254.2601831468473,257.21546745140733,251.63314299355625,252.21998805342906,79243435.85015467,0.008024044772436652,53.28592919119889,Normal,Above MA200,Neutral
2026-04-08 15:37:16.250965,Crude Oil,252.19077465909464,252.4652732971016,244.17542877346543,246.93775207627834,22304985.329706512,0.020829558852488567,30.484830985755732,Normal,Above MA200,Bearish
2026-04-09 15:37:16.250965,Crude Oil,245.26841116147037,246.5262545430132,236.11055957449605,239.43377116910352,64962922.2227883,0.023788795160113996,49.97335339914473,Normal,Above MA200,Neutral
2026-04-10 15:37:16.250965,Crude Oil,246.65135594875386,247.61230126230143,241.57051426142425,242.9158632804563,65519354.14318586,0.015144829242591645,62.42743711945065,Normal,Above MA200,Bullish
2026-04-11 15:37:16.250965,Crude Oil,245.04691342943983,250.62509645036997,240.09800822726092,240.7839774419263,95578133.9638889,0.017396407601522383,61.4761354502118,Normal,Above MA200,Bullish
2026-04-12 15:37:16.250965,Crude Oil,245.3573219981471,246.8854846222316,244.4255595586802,246.39809763914155,93101569.59894454,0.004241877244659031,40.122337312031384,Normal,Above MA200,Bullish
2026-04-13 15:37:16.250965,Crude Oil,241.9005060838065,245.07371797713455,239.54157320473638,241.83592338555798,23469504.74217105,0.00026698041808213076,65.57563664515376,Normal,Above MA200,Neutral
2026-04-14 15:37:16.250965,Crude Oil,240.60459821634012,243.47089706956442,230.0813416331516,230.22565950154555,74005943.10342707,0.04313690923505262,50.488876832506975,Normal,Above MA200,Bullish
2026-04-15 15:37:16.250965,Crude Oil,246.64403888693502,253.65726675945666,246.34063237797426,250.5807558666318,4521515.836519286,0.015961127613148583,50.343171577903135,Normal,Above MA200,Bearish
2026-04-16 15:37:16.250965,Crude Oil,247.14159465402602,248.21564402546272,247.09649139900566,247.63182196150186,97104245.80939634,0.001983588833608177,67.69261558692772,Normal,Above MA200,Neutral
2026-04-17 15:37:16.250965,Crude Oil,249.26872614107418,250.35567111503275,246.34520221980978,247.0432068073305,76672893.55995186,0.00892819315201278,40.60185713300016,Normal,Above MA200,Bearish
2026-04-18 15:37:16.250965,Crude Oil,244.34982549934523,244.422591077094,238.87207630971972,240.91498692106634,89991181.5766173,0.014057053534863665,61.29939698255752,Normal,Above MA200,Bullish
2026-04-19 15:37:16.250965,Crude Oil,253.5965728426652,253.89429739797006,252.48146172243628,252.55005035967517,89685645.13981631,0.00412672171101985,42.88862013778513,Normal,Above MA200,Neutral
2026-04-20 15:37:16.250965,Crude Oil,260.73149319396646,263.9027457593929,260.0311885346826,263.7523722899602,58659843.1625174,0.011586168816769682,59.922927177181286,Normal,Above MA200,Bearish
2026-04-21 15:37:16.250965,Crude Oil,266.00866094221004,268.24103134079616,261.33437533368436,264.09365007044613,44501093.97975077,0.007199054590857706,54.51758329978102,Normal,Above MA200,Bearish
2026-04-22 15:37:16.250965,Crude Oil,269.2163939936691,270.0645346382638,258.2254468838082,258.65580702711856,67922245.28304918,0.039227131787520034,49.84191354719546,Normal,Above MA200,Bullish
2026-04-23 15:37:16.250965,Crude Oil,269.2750059486651,271.73348734612006,261.2853230199777,262.0823841388593,84804919.53033753,0.026711063600076565,66.75706134558217,Normal,Above MA200,Bearish
2026-04-24 15:37:16.250965,Crude Oil,270.9860504092411,275.8362708915091,269.34512208096413,272.4542445913736,97861330.601259,0.005417969596276966,59.9276762391599,Normal,Above MA200,Bearish
2026-04-25 15:37:16.250965,Crude Oil,275.04240366484856,281.9869801719727,274.5445176186383,278.7163170547888,98482304.21292631,0.013357625373348253,67.49552265988476,Normal,Above MA200,Bullish
2026-04-26 15:37:16.250965,Crude Oil,272.609528753704,274.0820383602982,264.73219620401255,265.56621478247956,68844503.59547147,0.025836638959116934,33.674835508401785,Normal,Above MA200,Bearish
2026-04-27 15:37:16.250965,Crude Oil,270.88909940248413,275.1256762193143,269.5497060910181,271.08131607841017,54681483.34369298,0.0007095770053132965,53.613907618350915,Normal,Above MA200,Neutral
2026-04-28 15:37:16.250965,Crude Oil,264.4287340156377,269.7992224893379,259.77277134258316,268.2820615537523,69199644.90295897,0.014572272383555589,64.9329166344323,Normal,Above MA200,Neutral
2026-04-29 15:37:16.250965,Crude Oil,261.44141355079194,264.1016869066263,259.9962925760109,260.53363680774845,81363469.46970528,0.00347219949094689,59.6684824605172,Normal,Above MA200,Neutral
2026-04-30 15:37:16.250965,Crude Oil,267.87147054362197,271.32160813653934,260.33638842573856,261.4417956088496,21199527.828260984,0.024002835844085538,52.20339797209145,Normal,Above MA200,Bearish
2026-05-01 15:37:16.250965,Crude Oil,266.5777694620022,267.76298133791204,257.11453416132446,260.2285104546538,55868424.899069645,0.023817661240703687,30.20918454171651,Normal,Above MA200,Bearish
2026-05-02 15:37:16.250965,Crude Oil,265.3475451829306,266.1767341853938,261.3008983910763,262.1379920023356,2092129.8119841137,0.012095658086387646,59.98181937875553,Normal,Above MA200,Bullish
2026-05-03 15:37:16.250965,Crude Oil,266.5774603099468,269.5266285626665,257.698357138328,258.87413643518573,87788425.42099185,0.02889713130961812,69.85337350508989,Normal,Above MA200,Neutral
2026-05-04 15:37:16.250965,Crude Oil,260.33734553757847,264.83327738627304,255.06862007135265,256.0920565980029,88733382.26604238,0.016306876490613915,53.721773367471364,Normal,Above MA200,Bullish
2026-05-05 15:37:16.250965,Crude Oil,263.9964389070988,265.0836452889888,258.1587330365388,261.9426450128375,87551984.59041354,0.007779627266048426,50.40438849995301,Normal,Above MA200,Neutral
2026-05-06 15:37:16.250965,Crude Oil,268.89805798455404,269.23807695126675,258.2020783065972,259.9906512001134,56586974.20799285,0.033125589865555354,52.426403776646836,Normal,Above MA200,Bearish
2026-05-07 15:37:16.250965,Crude Oil,270.35838060108694,284.932686561823,269.5301283456302,283.9704253154194,32888692.418689366,0.05034815153156638,55.45962604196616,Normal,Above MA200,Neutral
2026-05-08 15:37:16.250965,Crude Oil,276.7499233067833,277.61231092067106,275.4956150278652,277.14066013435826,78704800.73403528,0.0014118769136635722,58.307237389636626,Normal,Above MA200,Neutral
2025-08-30 15:37:16.250965,Natural Gas,395.2215887690901,400.95206538277563,366.0364805348214,375.362232720978,54163741.34678448,0.05024866204795058,64.16543990602017,Normal,Above MA200,Bullish
2025-08-31 15:37:16.250965,Natural Gas,398.28401246741527,399.5155427864029,389.7700892528879,392.72398788404854,80455982.27840148,0.013959949205396801,52.88194573477203,Normal,Above MA200,Bearish
2025-09-01 15:37:16.250965,Natural Gas,401.27655935119293,401.7387213130522,393.9416855399617,397.2360628185105,29171667.87452686,0.010069106800594873,62.7282667499299,Normal,Above MA200,Bullish
2025-09-02 15:37:16.250965,Natural Gas,396.4781374581313,396.88866733045586,383.43024063829597,391.90406567385435,87548029.9438324,0.01153675663834042,49.741863213604745,Normal,Above MA200,Neutral
2025-09-03 15:37:16.250965,Natural Gas,391.18864115000315,393.4977317923999,384.9415169673296,390.7264885412113,88343597.0533899,0.0011814060025699515,56.83772018970032,Normal,Above MA200,Bullish
2025-09-04 15:37:16.250965,Natural Gas,380.3222388533207,386.33585873182983,371.608560116492,374.96463728442416,82555248.03790818,0.014087005758721337,68.20242045939955,Normal,Above MA200,Bearish
2025-09-05 15:37:16.250965,Natural Gas,386.7283618567876,393.7328153148044,385.27041465346156,392.08735984706124,66863918.09582747,0.013857266543740357,62.01419516093627,Normal,Above MA200,Bearish
2025-09-06 15:37:16.250965,Natural Gas,394.0386493298827,399.38654879677523,390.81298322237967,398.6156429522825,55408782.015492216,0.011615595653329055,66.01285072297085,Normal,Above MA200,Bearish
2025-09-07 15:37:16.250965,Natural Gas,386.7545870836303,398.78219230942557,379.8623174431047,395.5685734443314,64998558.92233609,0.022789610401686373,65.52156257440471,Normal,Above MA200,Bullish
2025-09-08 15:37:16.250965,Natural Gas,382.28053867698924,383.0708044783723,371.3350224028879,374.17477923441896,87496160.75316817,0.02120369368166892,58.95892221864375,Normal,Above MA200,Neutral
2025-09-09 15:37:16.250965,Natural Gas,381.7561072639038,389.8635111441289,379.62296948579825,383.39698731881646,53716777.244277515,0.004298241792837397,47.95412286698833,Normal,Above MA200,Neutral
2025-09-10 15:37:16.250965,Natural Gas,400.5731340582134,410.2026710228486,400.2012223278992,407.9640705530899,13177326.217250818,0.01845090413328241,52.34569585801701,Normal,Above MA200,Neutral
2025-09-11 15:37:16.250965,Natural Gas,405.09016578889543,416.5389144949431,404.4072258144503,415.95310958349006,85332282.45052081,0.026816113329829888,46.15591456680495,Normal,Above MA200,Bullish
2025-09-12 15:37:16.250965,Natural Gas,397.2727601627965,401.0224219120493,387.8737115895101,392.1663112450598,79109530.83215854,0.012853760513668619,47.856780656063286,Normal,Above MA200,Bearish
2025-09-13 15:37:16.250965,Natural Gas,399.78996903071305,408.40984467631733,386.53164830155674,392.4020106842402,10788488.146422904,0.0184795990864525,65.58608132070265,Normal,Above MA200,Bearish
2025-09-14 15:37:16.250965,Natural Gas,388.3823167036349,393.0405972620071,388.0913762297015,391.9727548963391,39904448.309183836,0.00924459749655378,51.03250395493295,Normal,Above MA200,Bearish
2025-09-15 15:37:16.250965,Natural Gas,394.3317858388477,399.12078480892524,388.58981931137475,392.37388979857764,3519328.230669337,0.004965098200504203,55.83289545145937,Normal,Above MA200,Neutral
2025-09-16 15:37:16.250965,Natural Gas,408.21584160506404,410.5107005459952,403.89791362474875,404.74472812882203,41553260.59462797,0.008503132711836739,42.44869980253574,Normal,Above MA200,Bearish
2025-09-17 15:37:16.250965,Natural Gas,422.13506676168333,428.1449855364203,420.987394804517,423.0820020665406,56409156.038956046,0.0022432045556448634,34.2103674078805,Normal,Above MA200,Bullish
2025-09-18 15:37:16.250965,Natural Gas,428.2246005007938,438.38748822920644,423.3143001079531,438.1860540654607,3726135.2670770832,0.023262216960486005,50.218204716418,Normal,Above MA200,Neutral
2025-09-19 15:37:16.250965,Natural Gas,423.39028204774337,429.53356183603,405.04373113006477,408.4674905800338,49297268.522048235,0.03524594706221152,35.201911300445545,Normal,Above MA200,Bearish
2025-09-20 15:37:16.250965,Natural Gas,412.6106451342194,415.48635319896255,407.6257815876171,408.9910735023302,60691344.771466695,0.008772366090341068,63.0682943896595,Normal,Above MA200,Bullish
2025-09-21 15:37:16.250965,Natural Gas,401.0081533269603,405.79994793608677,400.93475486369124,402.6675215335756,53693495.58374864,0.004137991192569016,36.73347823676521,Normal,Above MA200,Bullish
2025-09-22 15:37:16.250965,Natural Gas,377.7550510927299,381.62858283378404,373.1172734660167,380.7940497510455,30930991.68579788,0.008044892184829056,40.373395892683774,Normal,Above MA200,Neutral
2025-09-23 15:37:16.250965,Natural Gas,383.5045346014796,388.8506986508761,379.22966569450864,383.77678834209905,83238162.5414876,0.0007099100950719628,51.79310630180747,Normal,Above MA200,Bullish
2025-09-24 15:37:16.250965,Natural Gas,382.6524106311017,392.5683910150176,381.73692673822103,388.4018373925438,44960331.17101809,0.015025194149331846,55.04937285684255,Normal,Above MA200,Neutral
2025-09-25 15:37:16.250965,Natural Gas,390.18643086067965,397.7346407546093,386.66661265666835,395.15004331252936,33256488.638880532,0.012721130360430117,61.70085567851677,Normal,Above MA200,Neutral
2025-09-26 15:37:16.250965,Natural Gas,402.01950037175476,412.4267668350901,396.8904065917438,410.58768514152956,4906493.756199032,0.0213128586097233,49.02184149947307,Normal,Above MA200,Bearish
2025-09-27 15:37:16.250965,Natural Gas,402.84734573634387,406.8258367561246,398.47328434595755,404.9319974537401,13934582.038522828,0.005174793229891469,61.6203917709954,Normal,Above MA200,Bullish
2025-09-28 15:37:16.250965,Natural Gas,404.0568245829536,407.5835230459909,400.52872390806453,404.88904550249333,87831967.52080071,0.0020596630694179087,67.76168375301592,Normal,Above MA200,Bullish
2025-09-29 15:37:16.250965,Natural Gas,400.2093359465658,403.0171382057656,399.34002400034524,400.3996779425476,49701178.91046718,0.0004756060863289851,42.0978991315752,Normal,Above MA200,Bearish
2025-09-30 15:37:16.250965,Natural Gas,397.3415833742703,407.96455419572845,390.85076076778137,394.6266819730415,44681147.65187733,0.006832663669816442,54.23021212556227,Normal,Above MA200,Bullish
2025-10-01 15:37:16.250965,Natural Gas,403.3778894362489,417.85751850608443,402.9479097394218,414.41167735702385,44902127.801808506,0.027353477247341156,54.084679414191186,Normal,Above MA200,Neutral
2025-10-02 15:37:16.250965,Natural Gas,401.93296901492545,411.92736194731884,401.5729147230924,409.6513209132825,20846977.037311874,0.019203082338016465,34.370568412384856,Normal,Above MA200,Bullish
2025-10-03 15:37:16.250965,Natural Gas,399.2895819928029,409.4748785047453,398.7495255623112,408.63939491289034,51532816.41141899,0.02341612038416771,55.06370044372841,Normal,Above MA200,Neutral
2025-10-04 15:37:16.250965,Natural Gas,399.13780335679036,410.79443517013453,395.9880711432789,407.1889441842038,92996482.4027157,0.020171331203665707,31.221978283735197,Normal,Above MA200,Neutral
2025-10-05 15:37:16.250965,Natural Gas,406.4821840152023,408.13677904198994,396.35065703962886,400.23961218573345,80639283.560271,0.015357553356472183,41.15039489658212,Normal,Above MA200,Bearish
2025-10-06 15:37:16.250965,Natural Gas,400.74259602558203,402.88902682264734,386.3867819636073,389.7252349875533,2417212.4890389377,0.027492363295778612,59.5147807424612,Normal,Above MA200,Bullish
2025-10-07 15:37:16.250965,Natural Gas,400.19132206502746,400.9488357914778,393.47356485865015,395.31861752477124,88558003.27469574,0.012175937536857534,58.00137091088418,Normal,Above MA200,Neutral
2025-10-08 15:37:16.250965,Natural Gas,402.22376303987136,406.2810192519567,398.6766536324085,406.17329697886447,8687284.132488903,0.00981924565854542,46.30172124129723,Normal,Above MA200,Bearish
2025-10-09 15:37:16.250965,Natural Gas,411.8376872252606,432.62177370550904,404.73300390216474,429.2538466577307,1602786.0757440678,0.042288891892849186,34.03764799910086,Normal,Above MA200,Bearish
2025-10-10 15:37:16.250965,Natural Gas,409.8548069996343,417.3291783548795,408.9554059889446,415.40473716723926,50561802.538971364,0.013541210381875347,61.780621779629946,Normal,Above MA200,Bearish
2025-10-11 15:37:16.250965,Natural Gas,403.9067210423917,406.9874176860763,387.9539802104311,390.96102704056347,80544791.58639158,0.03205119728737948,67.16912214527416,Normal,Above MA200,Bearish
2025-10-12 15:37:16.250965,Natural Gas,399.8931703740167,404.49312562227965,391.3177958548463,392.4159430721182,55349064.49472254,0.018698062022177293,38.77095847695503,Normal,Above MA200,Bullish
2025-10-13 15:37:16.250965,Natural Gas,408.6190996920082,413.5352477561344,391.7744241098956,395.1516785984772,88977248.94627446,0.03295837395677768,50.123358031193455,Normal,Above MA200,Bearish
2025-10-14 15:37:16.250965,Natural Gas,425.467637826065,433.9329867448755,424.6747232748793,428.36113367523683,55911077.455474466,0.006800742505249351,55.4836334832362,Normal,Above MA200,Bearish
2025-10-15 15:37:16.250965,Natural Gas,414.58147201613616,425.4169906581741,412.6065809638759,421.3152916475654,55697595.773381025,0.016242451932746208,50.80679569243004,Normal,Above MA200,Bullish
2025-10-16 15:37:16.250965,Natural Gas,405.5054955543262,410.5724961674592,403.77213828739843,409.64546465149743,40743117.46040617,0.010209403183332537,36.344965781055116,Normal,Above MA200,Bearish
2025-10-17 15:37:16.250965,Natural Gas,404.1067980249337,410.71158814399047,401.57632153617186,406.8566533528546,28340786.224269047,0.00680477374139897,58.27905949822865,Normal,Above MA200,Neutral
2025-10-18 15:37:16.250965,Natural Gas,405.02621136492377,409.1097681055417,395.1526055605991,405.19129179725616,34696703.884270504,0.0004075796274421135,67.6179402294469,Normal,Above MA200,Bullish
2025-10-19 15:37:16.250965,Natural Gas,411.547261964016,417.4602326485597,410.692686809674,413.110325189053,90812782.33450161,0.0037980163385795376,67.71935267264169,Normal,Above MA200,Neutral
2025-10-20 15:37:16.250965,Natural Gas,404.1630838535024,413.70521692603563,401.10739543141256,412.771277038653,96443763.23252071,0.021298811121183012,33.57158098102292,Normal,Above MA200,Bearish
2025-10-21 15:37:16.250965,Natural Gas,395.3538641278905,398.2102721029343,392.0234012687493,396.01290849477607,26168906.991120864,0.0016669733792518762,65.02044906210465,Normal,Above MA200,Bullish
2025-10-22 15:37:16.250965,Natural Gas,396.49809301815765,400.1472472800046,395.71574000106915,399.79280061414283,30507168.65530487,0.008309516877889124,34.21459689003426,Normal,Above MA200,Neutral
2025-10-23 15:37:16.250965,Natural Gas,394.3569121579747,398.19407167223943,390.48005755776563,394.3686798312632,48120805.370153934,2.9840159829198324e-05,34.43910098340592,Normal,Above MA200,Bearish
2025-10-24 15:37:16.250965,Natural Gas,402.035982330717,403.1873807126451,398.28549642938015,399.5938456864581,55654867.100684404,0.006074423065570152,46.631900027498006,Normal,Above MA200,Bearish
2025-10-25 15:37:16.250965,Natural Gas,406.0743823853961,415.8507575162694,401.8548156123354,411.1682374582988,22358327.238468956,0.012544142880868038,57.11252801240177,Normal,Above MA200,Bullish
2025-10-26 15:37:16.250965,Natural Gas,410.67641146774434,411.0806771635735,408.31551274079357,410.0951870026552,93149922.43433249,0.0014152857307091976,35.028970759689045,Normal,Above MA200,Neutral
2025-10-27 15:37:16.250965,Natural Gas,409.81064972014195,424.39427497465107,403.4667818709197,418.664001760309,20722312.214511257,0.021603518713369168,65.60860010544698,Normal,Above MA200,Neutral
2025-10-28 15:37:16.250965,Natural Gas,429.3296485844919,431.6656913176677,422.14634001817603,422.8346848895894,12039709.019806363,0.0151281508656961,50.634476108493125,Normal,Above MA200,Neutral
2025-10-29 15:37:16.250965,Natural Gas,422.38783378456685,427.1769329157659,408.65159398893235,409.5445480408662,41024684.97823204,0.030406381804669116,51.23750713648376,Normal,Above MA200,Bearish
2025-10-30 15:37:16.250965,Natural Gas,427.4491754255602,431.356154753447,401.0922257074717,404.9327899922617,87887054.94542736,0.052676170005197996,31.666272735307295,Normal,Above MA200,Bearish
2025-10-31 15:37:16.250965,Natural Gas,416.928167989872,421.5740890169686,404.21109232002766,407.1235783301574,52608308.71775976,0.0235162563061769,69.04055293116855,Normal,Above MA200,Neutral
2025-11-01 15:37:16.250965,Natural Gas,408.03311365814284,417.0937265905867,407.47919287500304,413.93478812641746,38875452.03349291,0.014463714514158689,44.709346032204394,Normal,Above MA200,Bullish
2025-11-02 15:37:16.250965,Natural Gas,403.0004776401383,413.99663183963105,394.2893791723822,410.9464658578499,37802190.1957267,0.019717068982749504,30.054145028618727,Normal,Above MA200,Neutral
2025-11-03 15:37:16.250965,Natural Gas,416.5015079028205,421.14653662523335,408.2079107908211,418.6720942966395,88046256.36979207,0.0052114730742473785,57.02320367801039,Normal,Above MA200,Neutral
2025-11-04 15:37:16.250965,Natural Gas,418.6882111873315,426.7033336984634,414.7761911511741,421.8385290423789,16080450.7806052,0.007524257361136606,65.97820850184407,Normal,Above MA200,Bullish
2025-11-05 15:37:16.250965,Natural Gas,413.79534425680845,416.8703992459954,405.0686484349868,408.3229941460011,48923629.90130996,0.01322477448516455,59.897776263867755,Normal,Above MA200,Neutral
2025-11-06 15:37:16.250965,Natural Gas,416.8980286992061,431.536337303689,408.0329606472185,424.0193595118789,64814526.29949202,0.017081709009017416,52.45174171793611,Normal,Above MA200,Bearish
2025-11-07 15:37:16.250965,Natural Gas,417.1892739051862,426.14698087717386,414.61788022235453,420.84365739027794,20387475.329292733,0.00875953365455463,35.632117955707045,Normal,Above MA200,Bearish
2025-11-08 15:37:16.250965,Natural Gas,413.11264454875163,416.6850142129841,405.6516916549615,409.34995992211714,17224221.35426774,0.009108132312784846,55.71275659200697,Normal,Above MA200,Bullish
2025-11-09 15:37:16.250965,Natural Gas,401.5397860350626,404.63394473720973,400.5890658933225,402.06667719184105,29759946.061470617,0.00131217671349866,48.799530726317464,Normal,Above MA200,Neutral
2025-11-10 15:37:16.250965,Natural Gas,413.4599526349397,416.4604680317269,411.6009993521623,414.8711654094312,50233932.170728266,0.003413178871370648,39.210036828420584,Normal,Above MA200,Bearish
2025-11-11 15:37:16.250965,Natural Gas,415.1985645124652,423.9297878305279,412.2119582391961,416.8883007622396,76347742.29636368,0.004069706386770642,44.170710593641864,Normal,Above MA200,Bearish
2025-11-12 15:37:16.250965,Natural Gas,433.2107705023857,434.1838735980165,425.0552793488568,428.6625965908927,46506822.16986346,0.010498755389249785,51.86308568129179,Normal,Above MA200,Bullish
2025-11-13 15:37:16.250965,Natural Gas,441.0025392509561,451.0968558027123,428.8178068474499,435.5990532433369,86532196.49276601,0.012252732187884937,49.2533350614266,Normal,Above MA200,Bullish
2025-11-14 15:37:16.250965,Natural Gas,445.57092915928615,448.1933514320009,434.7299510272679,441.7903095484238,44262592.68089647,0.008484888405973237,53.74243741515144,Normal,Above MA200,Neutral
2025-11-15 15:37:16.250965,Natural Gas,441.96470399878234,449.76299998579645,436.14421077443416,446.0941805804069,70132804.5655297,0.009343453321638856,45.80823705239881,Normal,Above MA200,Bearish
2025-11-16 15:37:16.250965,Natural Gas,432.88836336499327,434.6278207280985,430.37149227694306,432.1331099235303,31689993.780007143,0.0017446840926656096,39.28159315604424,Normal,Above MA200,Neutral
2025-11-17 15:37:16.250965,Natural Gas,431.08418334459054,439.8532240568928,429.0477145995213,435.68616310420157,56943445.932822876,0.01067536211583147,60.8650764391443,Normal,Above MA200,Bearish
2025-11-18 15:37:16.250965,Natural Gas,421.76797949644,432.91529493067367,419.45185338688844,431.40711722198125,55647039.90995139,0.022854124054295558,62.19012487958779,Normal,Above MA200,Bullish
2025-11-19 15:37:16.250965,Natural Gas,427.15563939761813,441.0927207155224,422.5244547290028,438.0453644927554,84956166.8705469,0.02549357679204268,59.15445769079788,Normal,Above MA200,Neutral
2025-11-20 15:37:16.250965,Natural Gas,440.6842560229751,444.2894324443289,429.45363690647196,433.28325953859047,1043835.3622835806,0.01679432923512191,66.0553238656774,Normal,Above MA200,Bearish
2025-11-21 15:37:16.250965,Natural Gas,438.5222637887853,441.7857112691412,435.8648182401967,436.65614472828656,99332246.52687344,0.004255471647837733,31.796451959824633,Normal,Above MA200,Bullish
2025-11-22 15:37:16.250965,Natural Gas,446.34858095647047,467.9734222733342,445.97113520977786,466.53917148196416,28279245.982728858,0.04523502792868235,54.88158249483975,Normal,Above MA200,Bullish
2025-11-23 15:37:16.250965,Natural Gas,440.63743552217437,442.42852745385295,427.88939269677815,434.75687978944615,36499267.69096244,0.013345565443751978,56.26524294831505,Normal,Above MA200,Bearish
2025-11-24 15:37:16.250965,Natural Gas,438.13111044579534,445.35293724791245,436.1971055283293,442.4437615001074,23264131.464775335,0.009843288804403836,47.25522595096299,Normal,Above MA200,Neutral
2025-11-25 15:37:16.250965,Natural Gas,431.3780902371407,439.7185315594539,416.7990222149644,423.95881284116695,33307504.662266735,0.01719901303261653,63.586386228351614,Normal,Above MA200,Bullish
2025-11-26 15:37:16.250965,Natural Gas,413.7023514727325,421.4124422996196,407.86480071457333,420.191470501005,48157237.59680878,0.01568547774788327,49.90159408584409,Normal,Above MA200,Bullish
2025-11-27 15:37:16.250965,Natural Gas,413.39962588612667,418.5770156999529,408.59782444642167,410.08903893915476,33824905.20765218,0.00800820015227557,64.20120806479741,Normal,Above MA200,Bearish
2025-11-28 15:37:16.250965,Natural Gas,414.4640130201139,417.53997224455753,409.21843405695785,414.597814960066,83746766.86314109,0.00032283126097514876,43.28764132462418,Normal,Above MA200,Bearish
2025-11-29 15:37:16.250965,Natural Gas,423.29603627583134,426.05998157137196,415.11734388506267,420.21616871565175,82653997.77150089,0.007275918733556709,50.62637623425814,Normal,Above MA200,Bullish
2025-11-30 15:37:16.250965,Natural Gas,429.8872607921846,431.2614032706999,412.5478834090883,414.63840662691274,13658813.321019338,0.03547175168013034,60.62187002063443,Normal,Above MA200,Bullish
2025-12-01 15:37:16.250965,Natural Gas,436.5904714597983,439.4275301148603,435.3383289661816,435.92229006126206,36855449.2250741,0.0015304534620329178,58.925130955302166,Normal,Above MA200,Neutral
2025-12-02 15:37:16.250965,Natural Gas,428.5193340558748,437.79994837568455,423.77566611011696,437.08956363145444,64422923.687456064,0.019999633375847075,46.637756183274206,Normal,Above MA200,Bullish
2025-12-03 15:37:16.250965,Natural Gas,432.3268576427881,439.78798364235627,421.6489983552756,424.5254326269307,33204218.26828008,0.01804520093522245,58.50485332394051,Normal,Above MA200,Neutral
2025-12-04 15:37:16.250965,Natural Gas,445.4406752266299,447.1163188261052,433.9344993109731,439.99199986170896,76485805.56307974,0.012232101080909939,51.69884013850624,Normal,Above MA200,Bullish
2025-12-05 15:37:16.250965,Natural Gas,448.58836680692036,454.3750947250897,436.47029446441815,444.4683419649033,75629140.35635264,0.00918442194866452,30.82685475567618,Normal,Above MA200,Bearish
2025-12-06 15:37:16.250965,Natural Gas,463.7406064841489,474.22236717547264,460.7242052801451,467.6675454389334,30359431.308387138,0.008467964417773675,58.57696656284969,Normal,Above MA200,Bullish
2025-12-07 15:37:16.250965,Natural Gas,480.47032608795604,487.46938513517364,464.6213765598251,466.07466346610636,71140480.05178693,0.02996160603519636,36.88356917181038,Normal,Above MA200,Bullish
2025-12-08 15:37:16.250965,Natural Gas,478.24572268339114,493.50682256319413,474.3428892158793,488.64223050090584,69764947.29807526,0.021738841194816984,59.159242466232655,Normal,Above MA200,Bearish
2025-12-09 15:37:16.250965,Natural Gas,472.47068443399746,473.43888927556065,471.496422614374,471.81668126588596,6137634.652322677,0.0013842195709878164,35.68681786815582,Normal,Above MA200,Bearish
2025-12-10 15:37:16.250965,Natural Gas,466.1609953083584,473.968556739576,464.0270367592532,470.30517802999276,94761976.04374339,0.008890024612404528,49.85035011529446,Normal,Above MA200,Neutral
2025-12-11 15:37:16.250965,Natural Gas,453.59786856149776,474.8886932004664,438.23535352723934,468.8341523221299,39336489.8466315,0.03358984866695075,66.26288842688652,Normal,Above MA200,Bullish
2025-12-12 15:37:16.250965,Natural Gas,449.3022367025698,451.34564157218824,445.3310634928586,448.80540735262423,81895686.05954292,0.0011057798278322356,51.8572126431139,Normal,Above MA200,Bullish
2025-12-13 15:37:16.250965,Natural Gas,459.30929142149284,470.0242321930935,444.0799040171567,450.1558352703798,31574607.976726744,0.019928741530101556,49.29057445008769,Normal,Above MA200,Bullish
2025-12-14 15:37:16.250965,Natural Gas,441.04601774536565,443.75906019521904,436.396825197872,442.74108126515284,32338416.861519128,0.0038432804097232394,62.65643139860123,Normal,Above MA200,Bullish
2025-12-15 15:37:16.250965,Natural Gas,432.44938781662944,448.3030713565764,429.1104686283417,445.4106118402328,62862535.861092895,0.02997165538617739,52.86983932574995,Normal,Above MA200,Neutral
2025-12-16 15:37:16.250965,Natural Gas,431.39594102524865,432.01451305326145,420.6462069908236,428.2529874396666,31370883.35269198,0.007285542784924063,44.11834013809426,Normal,Above MA200,Bullish
2025-12-17 15:37:16.250965,Natural Gas,424.1273383646173,428.1161784494179,421.14591915706956,427.63616768342405,87920465.20149864,0.008273056229613416,54.220190664635055,Normal,Above MA200,Neutral
2025-12-18 15:37:16.250965,Natural Gas,419.75809910419474,420.73767719943953,409.019558017582,414.1448995302496,8138998.200014083,0.01337246282066805,38.216056339121174,Normal,Above MA200,Neutral
2025-12-19 15:37:16.250965,Natural Gas,415.5127916913621,416.177687888818,403.8704401433281,405.90721246031285,67476435.71805349,0.023117409194430276,55.291286145505595,Normal,Above MA200,Bearish
2025-12-20 15:37:16.250965,Natural Gas,413.37874117679155,421.7427687515275,411.62405964315536,418.9715951622867,91558380.38069385,0.013529612020138347,30.459226389975115,Normal,Above MA200,Bearish
2025-12-21 15:37:16.250965,Natural Gas,407.33427492132415,412.7449569975459,405.69105610775244,406.005603747257,97096977.99556467,0.0032618693193048874,34.53214018909857,Normal,Above MA200,Bearish
2025-12-22 15:37:16.250965,Natural Gas,400.61233465102464,401.571123358036,384.6828488937529,389.934337976482,52450722.02655394,0.026654188478355982,32.96168871649392,Normal,Above MA200,Neutral
2025-12-23 15:37:16.250965,Natural Gas,408.3542873199065,411.7968467772095,402.4345989143395,411.4535382982229,27584841.850693125,0.00758961292816891,41.49846659589001,Normal,Above MA200,Bearish
2025-12-24 15:37:16.250965,Natural Gas,417.05201631092365,418.86900731141753,405.41023487415185,410.2757400435397,92626698.5773362,0.016248036221774422,32.733364193824166,Normal,Above MA200,Bullish
2025-12-25 15:37:16.250965,Natural Gas,405.6124468502553,409.256883460515,402.31592109796236,408.450898483492,62741229.050736345,0.006997940164998386,55.940192804747525,Normal,Above MA200,Bearish
2025-12-26 15:37:16.250965,Natural Gas,382.745648613794,397.0630115517756,378.8888987177611,393.30585715179905,45617961.0189524,0.027590669093826087,56.882241550090136,Normal,Above MA200,Bearish
2025-12-27 15:37:16.250965,Natural Gas,391.5570709398452,395.95247450316316,372.4371732432,375.88593732192453,60169159.98756761,0.04002260406204789,64.64382534446766,Normal,Above MA200,Bullish
2025-12-28 15:37:16.250965,Natural Gas,381.37488594020914,385.2152527585076,375.4618185514827,380.39178594685,93966652.50075153,0.0025777785313143143,30.26728516895551,Normal,Above MA200,Bearish
2025-12-29 15:37:16.250965,Natural Gas,383.13774935578897,392.6528759737516,377.65755158897593,387.0617025751572,5998405.496828384,0.010241625175190975,55.09946287137117,Normal,Above MA200,Bullish
2025-12-30 15:37:16.250965,Natural Gas,370.16415297739263,372.067739739152,356.8130278001853,358.865947156673,40504496.44660104,0.030522150051114444,63.59206426657707,Normal,Above MA200,Bearish
2025-12-31 15:37:16.250965,Natural Gas,380.9177148614971,384.0846627135829,377.82782188894896,380.4820134313774,66834457.1075396,0.00114382033998622,49.92161572227476,Normal,Above MA200,Neutral
2026-01-01 15:37:16.250965,Natural Gas,401.99526065051333,402.561784186843,393.8352318977846,395.08583789945595,43968076.298167124,0.017187821418283615,40.34846568621764,Normal,Above MA200,Bullish
2026-01-02 15:37:16.250965,Natural Gas,403.51004998541083,416.50400687615985,401.15981326647704,405.0810023900922,99629966.3659628,0.0038932175412684164,39.16687804856649,Normal,Above MA200,Neutral
2026-01-03 15:37:16.250965,Natural Gas,402.73028904042394,405.5079512780223,390.3884141514102,392.3618954950071,20727763.31021328,0.025745253902112374,65.09880186617929,Normal,Above MA200,Neutral
2026-01-04 15:37:16.250965,Natural Gas,400.060950146355,402.50732117904397,399.0922056527518,402.2091751557049,2565506.4270632444,0.005369744306621192,33.085806741583276,Normal,Above MA200,Bearish
2026-01-05 15:37:16.250965,Natural Gas,406.53915856831804,409.44900320541757,403.2642398151225,406.03360037396044,67614295.1912099,0.001243565800987105,33.24596714144957,Normal,Above MA200,Neutral
2026-01-06 15:37:16.250965,Natural Gas,411.2431702471788,425.244117293611,409.38216562192895,423.51669104136903,82475396.69913498,0.029844923106718546,67.30842032531045,Normal,Above MA200,Bullish
2026-01-07 15:37:16.250965,Natural Gas,419.55843995791287,425.121636659737,408.6518866661077,415.6214784580063,98778299.64178392,0.009383583131592902,41.65982963694891,Normal,Above MA200,Bearish
2026-01-08 15:37:16.250965,Natural Gas,414.35534749399983,418.0006107791589,413.4880444895288,415.1636770065526,58860442.06598517,0.0019508123098724475,51.533277730228534,Normal,Above MA200,Bullish
2026-01-09 15:37:16.250965,Natural Gas,417.17365822695393,422.8581375245003,412.34199435161327,413.7078201708493,83530670.28025188,0.008307902447232543,49.977270794673416,Normal,Above MA200,Bearish
2026-01-10 15:37:16.250965,Natural Gas,412.67861564053817,422.3631214375931,411.91826389992707,420.10161353346535,7336628.314253472,0.017987357744247496,62.989729493880304,Normal,Above MA200,Bearish
2026-01-11 15:37:16.250965,Natural Gas,403.91408704577333,413.1907049326679,402.31204258374623,407.7155973141634,41355652.93998592,0.00941168033082064,48.78102168175451,Normal,Above MA200,Neutral
2026-01-12 15:37:16.250965,Natural Gas,403.5742217607441,407.5249067030804,389.05407132958493,393.009766874827,2137754.856513416,0.02617722915954755,46.351090449165284,Normal,Above MA200,Bearish
2026-01-13 15:37:16.250965,Natural Gas,395.9300224722327,397.0376769702265,390.6484462148161,393.7606194889761,81598442.87352502,0.00547925860663617,57.405372394979366,Normal,Above MA200,Neutral
2026-01-14 15:37:16.250965,Natural Gas,405.655853656571,408.8805958271621,402.4927298416666,408.45529520564395,55784638.59870901,0.006901025891377809,40.19528995659529,Normal,Above MA200,Bullish
2026-01-15 15:37:16.250965,Natural Gas,398.51373959849303,408.81365769781206,395.85138625965817,406.9141696634214,91465055.94345267,0.021079398851823406,68.11260068010024,Normal,Above MA200,Bearish
2026-01-16 15:37:16.250965,Natural Gas,401.52618325334385,409.99316353635226,392.6151111717234,409.64131029991626,94170960.44083367,0.020210704519491196,65.05277732569246,Normal,Above MA200,Bullish
2026-01-17 15:37:16.250965,Natural Gas,396.5260567998416,400.6226409110257,387.1149712211756,392.8011087102044,88553278.15527415,0.009393955392741179,43.79125680290588,Normal,Above MA200,Neutral
2026-01-18 15:37:16.250965,Natural Gas,398.8218764780175,400.5592697223213,398.6728213490564,399.70865667905116,30298345.997007005,0.0022234993949300425,48.36756934930247,Normal,Above MA200,Neutral
2026-01-19 15:37:16.250965,Natural Gas,394.4798938667287,402.56677316000446,392.83346570338443,398.90211325152967,17363164.524152786,0.011210252926844966,30.07968540876281,Normal,Above MA200,Bearish
2026-01-20 15:37:16.250965,Natural Gas,384.0622885412756,389.67627346941026,381.21908725262404,381.83403661437654,30381881.51996521,0.005801798284758126,51.654784406290744,Normal,Above MA200,Bearish
2026-01-21 15:37:16.250965,Natural Gas,388.07096519192055,389.720135300981,382.9197439299716,385.9286609733482,23013769.17006886,0.005520392945431713,50.768982831208206,Normal,Above MA200,Neutral
2026-01-22 15:37:16.250965,Natural Gas,386.12024530451265,391.43950537778284,381.7672623272393,383.93563096367177,22735838.399750393,0.00565786012882589,68.39451210853821,Normal,Above MA200,Neutral
2026-01-23 15:37:16.250965,Natural Gas,388.4899967544488,393.97871573573985,367.27879352466385,372.27359113718296,69946550.89657462,0.04174214459250448,58.08584384727318,Normal,Above MA200,Bullish
2026-01-24 15:37:16.250965,Natural Gas,384.93648388087644,387.31497742417963,363.1348213934891,367.03189653286535,55121840.254829586,0.046513095270937985,53.016375491445935,Normal,Above MA200,Bullish
2026-01-25 15:37:16.250965,Natural Gas,373.93282938432776,374.25324181138245,362.9970015490375,366.38764302442485,34383450.98100945,0.020177919045850756,35.713678592573274,Normal,Above MA200,Bearish
2026-01-26 15:37:16.250965,Natural Gas,382.90835111784764,388.8181552059784,382.7842832929606,384.9024134087102,76715296.27346845,0.005207675113486342,57.15590900311362,Normal,Above MA200,Bearish
2026-01-27 15:37:16.250965,Natural Gas,389.0133325717577,390.02310833374713,367.99561525782303,368.16386699585496,56507151.19895604,0.05359576094234984,55.13705826458349,Normal,Above MA200,Bearish
2026-01-28 15:37:16.250965,Natural Gas,384.31533487131804,385.39386360900517,371.81788582702796,378.4738036656037,83775652.61751762,0.015199838975122549,62.855534516027774,Normal,Above MA200,Bullish
2026-01-29 15:37:16.250965,Natural Gas,384.8935450104479,385.6127940263121,367.9944017594289,368.875693161349,19160777.443940017,0.04161631717846577,64.19896078245898,Normal,Above MA200,Bullish
2026-01-30 15:37:16.250965,Natural Gas,393.5280107793412,406.1428551848148,393.48674945848904,404.8234896356246,41564184.407850966,0.028703112731197564,55.910969318013684,Normal,Above MA200,Bearish
2026-01-31 15:37:16.250965,Natural Gas,389.740862909421,389.9670012167469,386.14185612027694,389.4460365640105,96838515.39302513,0.0007564676262314976,32.66258911656892,Normal,Above MA200,Bullish
2026-02-01 15:37:16.250965,Natural Gas,387.23936320778876,387.38107679293637,368.55973184957713,369.87640724629813,51823452.81226664,0.044837786679692106,69.56871015831001,Normal,Above MA200,Bullish
2026-02-02 15:37:16.250965,Natural Gas,389.2581704522735,391.67044788892457,372.30720128005584,374.68782680709626,37880794.10219553,0.03743105412083748,32.74854710895844,Normal,Above MA200,Bearish
2026-02-03 15:37:16.250965,Natural Gas,385.4540131048172,391.05387318774086,371.0635192863134,376.32132274606005,5486608.617128566,0.023693333181807226,43.997797581185594,Normal,Above MA200,Neutral
2026-02-04 15:37:16.250965,Natural Gas,392.5561178431214,402.9347637285687,391.02697440371077,401.31104261535023,63566879.35922272,0.022302352133326354,33.81486409092234,Normal,Above MA200,Neutral
2026-02-05 15:37:16.250965,Natural Gas,391.15655859354075,399.8406095788597,388.89155657454205,399.4254514213584,43181026.784983605,0.02113959908418664,51.9212942665696,Normal,Above MA200,Bullish
2026-02-06 15:37:16.250965,Natural Gas,384.6598173774639,399.4566354906679,382.0877900464755,394.9945783296575,39275397.090749584,0.02686727462892771,56.49935787766432,Normal,Above MA200,Neutral
2026-02-07 15:37:16.250965,Natural Gas,389.7031694712409,390.85893377053105,380.8150359288547,382.58712130338387,90914620.38133197,0.01826017524443609,60.34861284655683,Normal,Above MA200,Neutral
2026-02-08 15:37:16.250965,Natural Gas,380.2391544931479,392.8499494716014,379.71717687552393,391.4487827008283,76068461.91354986,0.029480467950815346,42.2761805277828,Normal,Above MA200,Bullish
2026-02-09 15:37:16.250965,Natural Gas,396.9350035109571,410.21363919868725,393.23067725947004,406.2010604968748,21023163.871928956,0.023344015780815044,42.553072328976626,Normal,Above MA200,Bullish
2026-02-10 15:37:16.250965,Natural Gas,410.04801233806245,415.8115119622838,406.98692044601125,407.05049495165633,19604117.70071698,0.007310161971800579,33.078866775234964,Normal,Above MA200,Bearish
2026-02-11 15:37:16.250965,Natural Gas,414.3029799174572,422.5199899319231,409.82126784239586,421.82073265167514,45626852.104750015,0.018145543475732943,68.33991342670961,Normal,Above MA200,Bullish
2026-02-12 15:37:16.250965,Natural Gas,417.86053721012473,430.32210024932505,417.4497377127063,425.6461607713117,64001053.871804066,0.018632110160888143,42.98047200701369,Normal,Above MA200,Bullish
2026-02-13 15:37:16.250965,Natural Gas,421.029554089487,421.6444113594491,415.1991434030236,420.62681402070496,28567297.090983726,0.0009565600914953809,56.18836301425196,Normal,Above MA200,Neutral
2026-02-14 15:37:16.250965,Natural Gas,416.97677748118184,429.3188851362658,414.6738149990152,424.09185415773766,76324281.7621474,0.01706348425333336,37.50889622769008,Normal,Above MA200,Bearish
2026-02-15 15:37:16.250965,Natural Gas,419.44036861347126,428.7631057735813,413.4225109261407,424.730610038822,43802276.413931385,0.012612618672920017,31.24596371173564,Normal,Above MA200,Neutral
2026-02-16 15:37:16.250965,Natural Gas,411.79103282470754,418.23016673016485,403.2159084390566,407.20691710799025,78593466.51270767,0.011132140700763276,47.15939727363562,Normal,Above MA200,Bearish
2026-02-17 15:37:16.250965,Natural Gas,415.9658135826979,420.34844780353313,412.92148165323164,418.9681664536526,90195128.67335632,0.007217787551086384,69.84630693995115,Normal,Above MA200,Bearish
2026-02-18 15:37:16.250965,Natural Gas,423.15703682115117,426.8063521731483,420.6520119691431,425.17928273717547,96759095.16511019,0.0047789490426907956,63.06608229842561,Normal,Above MA200,Neutral
2026-02-19 15:37:16.250965,Natural Gas,420.0241093189459,438.0581293805334,415.0833520411642,427.5846161025716,31098996.972351965,0.018000173361202416,42.72417787613888,Normal,Above MA200,Neutral
2026-02-20 15:37:16.250965,Natural Gas,415.09292890086107,415.6512155425117,413.42323641788437,414.8081146507811,31965020.93182505,0.0006861457525526237,56.173680219708785,Normal,Above MA200,Neutral
2026-02-21 15:37:16.250965,Natural Gas,405.0460041225315,417.68022012355175,403.08493695769874,416.68189663123275,31586643.016747113,0.02872733563662367,35.30578310403813,Normal,Above MA200,Neutral
2026-02-22 15:37:16.250965,Natural Gas,417.1270302071784,423.4989396423263,399.87742265089787,402.5578679346546,64193901.73939083,0.034927399131357124,59.32014478513413,Normal,Above MA200,Bearish
2026-02-23 15:37:16.250965,Natural Gas,412.8540933567608,416.2330096053075,405.1930106441796,411.4986836600617,23658670.785866402,0.0032830235148664116,53.874075075510376,Normal,Above MA200,Neutral
2026-02-24 15:37:16.250965,Natural Gas,411.20728594945626,413.5120262977336,403.52659068210767,409.55027696775636,99567479.84038946,0.004029619703536941,69.24471631471744,Normal,Above MA200,Bearish
2026-02-25 15:37:16.250965,Natural Gas,413.6944593333175,417.4991047440215,410.03230573591793,414.9038479131841,59722663.684907354,0.0029233859738308256,32.133919879555904,Normal,Above MA200,Neutral
2026-02-26 15:37:16.250965,Natural Gas,416.0329110337184,420.4376338097028,411.5999850134277,412.4333255858019,6384684.103708807,0.008652165135139327,55.77026894603246,Normal,Above MA200,Bullish
2026-02-27 15:37:16.250965,Natural Gas,422.21911742883617,433.3813491123671,418.5558089016383,427.77035910043685,16464450.299975576,0.013147774324871329,55.437613073068434,Normal,Above MA200,Bullish
2026-02-28 15:37:16.250965,Natural Gas,419.0758832946535,427.56455308385927,410.74858938919454,423.8355867563274,83899340.89724492,0.011357617203487096,36.78913714307693,Normal,Above MA200,Bearish
2026-03-01 15:37:16.250965,Natural Gas,409.6405613110184,411.7833050791139,399.9369587128387,405.3313810347593,70264317.39259005,0.01051941795623929,63.5261989995457,Normal,Above MA200,Bearish
2026-03-02 15:37:16.250965,Natural Gas,398.75516202109895,404.57421739100624,397.00597382943835,403.4972345437084,88279948.34792176,0.011892190933840547,53.37999182123161,Normal,Above MA200,Bullish
2026-03-03 15:37:16.250965,Natural Gas,393.95529065568826,396.58039847506456,393.14976546274517,395.05421193635766,58735889.62343266,0.002789456841258262,53.713607220324405,Normal,Above MA200,Neutral
2026-03-04 15:37:16.250965,Natural Gas,386.06799058742484,386.64325196647974,376.33331880310607,379.8720981269931,88408566.8353535,0.016048708029392292,56.3618164052893,Normal,Above MA200,Neutral
2026-03-05 15:37:16.250965,Natural Gas,383.55213738966455,387.2981452485518,383.54653049337804,385.59468050595353,68661923.96334338,0.0053253336826379885,45.017644386716505,Normal,Above MA200,Neutral
2026-03-06 15:37:16.250965,Natural Gas,394.3871022478713,404.0245879454555,393.3886512016744,401.48887363450325,97364879.2973173,0.018007108615251993,48.600380701057105,Normal,Above MA200,Neutral
2026-03-07 15:37:16.250965,Natural Gas,391.2608691911111,399.4858573764788,389.9721609588189,397.71936550623974,35403201.16009292,0.01650688025224912,47.41574584702943,Normal,Above MA200,Bullish
2026-03-08 15:37:16.250965,Natural Gas,388.13154820673907,395.0783259260497,386.2155229809388,393.8363949172902,79151532.76944497,0.014698229857657485,46.64872235381397,Normal,Above MA200,Bearish
2026-03-09 15:37:16.250965,Natural Gas,387.9956633461196,388.68153943292526,367.925538273137,373.71292501514046,27587654.577910617,0.03681159270648323,34.039124272710445,Normal,Above MA200,Neutral
2026-03-10 15:37:16.250965,Natural Gas,384.63454087363266,386.41468986387576,369.3017629800268,371.5784039663662,30638953.99682948,0.03394426532160023,39.30023968831325,Normal,Above MA200,Bearish
2026-03-11 15:37:16.250965,Natural Gas,384.0761181883236,395.2145648239921,379.09804361708063,392.1946812068636,67725426.60642731,0.021137901145312086,32.50259368877806,Normal,Above MA200,Bullish
2026-03-12 15:37:16.250965,Natural Gas,388.55791230294756,401.1409781696877,388.26223228749893,395.2105616346811,78275046.66183417,0.017121384280412273,42.14495752575361,Normal,Above MA200,Neutral
2026-03-13 15:37:16.250965,Natural Gas,395.8892077535447,396.52554993651756,382.2883453506971,386.2897169729421,98439215.42420897,0.02424792237978532,45.828318542951706,Normal,Above MA200,Neutral
2026-03-14 15:37:16.250965,Natural Gas,404.2021137711513,406.77105200034623,396.2858303398669,403.2985933829111,57854469.93393089,0.002235318315904933,56.688493487767246,Normal,Above MA200,Bullish
2026-03-15 15:37:16.250965,Natural Gas,421.2457683078842,422.990236203522,415.2081427659856,418.5814497681812,54264247.83102639,0.006324855322358234,63.604323137567995,Normal,Above MA200,Bullish
2026-03-16 15:37:16.250965,Natural Gas,425.963640408749,427.6475008218011,416.9935497256993,426.1472256169079,56398306.59206885,0.0004309879781822668,57.48156602329922,Normal,Above MA200,Neutral
2026-03-17 15:37:16.250965,Natural Gas,444.47915945302964,445.39152801634305,439.8721225743266,441.02892385419995,13200024.99591616,0.007762423783998127,57.941225008365485,Normal,Above MA200,Neutral
2026-03-18 15:37:16.250965,Natural Gas,438.0450133548122,439.55602773290246,432.6460053213859,433.7822995704916,58352132.199531846,0.009731223171961692,49.58497848200979,Normal,Above MA200,Neutral
2026-03-19 15:37:16.250965,Natural Gas,455.37398675191025,457.1676483957204,443.6270768101669,443.9886557589412,93299953.06465888,0.025002154985132714,59.66410477807142,Normal,Above MA200,Neutral
2026-03-20 15:37:16.250965,Natural Gas,452.2220840547587,459.2121746571528,449.5590982185738,454.22792020750177,22652270.23203474,0.0044355112752525825,37.313511194752685,Normal,Above MA200,Bearish
2026-03-21 15:37:16.250965,Natural Gas,449.88519607598323,450.8454896103004,438.73056156834275,442.39674513639386,58084786.70584206,0.016645248620994008,52.3506377849759,Normal,Above MA200,Bearish
2026-03-22 15:37:16.250965,Natural Gas,448.89189851861784,453.3630853131919,443.4213605776704,445.79437873651034,9614704.611976085,0.0069003690918228175,52.27139643712752,Normal,Above MA200,Neutral
2026-03-23 15:37:16.250965,Natural Gas,447.0803459734185,466.2916855927002,443.34528436144313,457.81151876814226,98863643.15154922,0.024002783596668718,31.00949383393057,Normal,Above MA200,Neutral
2026-03-24 15:37:16.250965,Natural Gas,447.79164358262767,452.8855839518908,444.0365264529103,451.49584150489886,1064685.685368656,0.008272146154035352,64.8267613650207,Normal,Above MA200,Bearish
2026-03-25 15:37:16.250965,Natural Gas,442.9853688311384,443.63788803920824,432.85593215195195,435.17393386015607,23973518.230414443,0.017633618445669148,40.614804464079015,Normal,Above MA200,Bullish
2026-03-26 15:37:16.250965,Natural Gas,449.86266823739186,451.03998163776157,439.8016798979139,443.47869402798057,4965852.786018753,0.014190940169417406,41.658436539751754,Normal,Above MA200,Neutral
2026-03-27 15:37:16.250965,Natural Gas,445.2817220464509,446.58280285883706,444.24907268592005,445.08284200494313,47338836.36919472,0.00044663868212186736,48.65197651759275,Normal,Above MA200,Bullish
2026-03-28 15:37:16.250965,Natural Gas,450.7142937333662,465.51737706767415,450.35382823977454,458.55248490552634,70704243.86081257,0.017390598170815903,67.40688346905974,Normal,Above MA200,Bearish
2026-03-29 15:37:16.250965,Natural Gas,463.37344023710295,483.96172525088764,461.6805704632061,478.3569966058911,17900127.96793554,0.032335811826247916,31.218547452358404,Normal,Above MA200,Bullish
2026-03-30 15:37:16.250965,Natural Gas,460.4143898182602,463.55178061329997,457.1853885778367,461.6705783991843,47364688.40744753,0.0027283868808270165,60.942109674595486,Normal,Above MA200,Bullish
2026-03-31 15:37:16.250965,Natural Gas,466.9968736784445,476.7296159498309,448.64302793272725,456.5165536389429,84078859.10304956,0.02244194903693918,36.42718338847381,Normal,Above MA200,Neutral
2026-04-01 15:37:16.250965,Natural Gas,471.63022441459225,474.9001532075297,462.35557643840843,464.34457431833346,77564723.73044272,0.015447801517178094,66.59863460311874,Normal,Above MA200,Neutral
2026-04-02 15:37:16.250965,Natural Gas,490.29827715259785,492.3388711493557,464.96070085266535,470.2751359734315,80343131.8460724,0.04083869373445599,45.68374307618291,Normal,Above MA200,Neutral
2026-04-03 15:37:16.250965,Natural Gas,486.1151094655469,509.11861983326304,484.7606994750436,504.7567431693864,85792846.87349479,0.03834818819833597,63.4026378182008,Normal,Above MA200,Bearish
2026-04-04 15:37:16.250965,Natural Gas,492.7032959342779,499.77095395260613,473.6262066702991,478.68752698483183,75193174.59210005,0.028446671790309307,47.2444962038802,Normal,Above MA200,Bullish
2026-04-05 15:37:16.250965,Natural Gas,479.22971186157963,487.09508485416774,468.6632328860524,473.38091267693,30083814.711264685,0.012204583814158464,31.659966687323177,Normal,Above MA200,Neutral
2026-04-06 15:37:16.250965,Natural Gas,475.1208899605449,478.42307847245803,456.6815686791936,463.45837164758836,68171496.86097114,0.024546422940748814,42.70198801030354,Normal,Above MA200,Bearish
2026-04-07 15:37:16.250965,Natural Gas,478.0492021548049,499.4724859647154,467.5596159332397,491.3164245592213,91380169.47269431,0.027752838713283857,43.59080969195375,Normal,Above MA200,Bullish
2026-04-08 15:37:16.250965,Natural Gas,489.59331650013826,494.8489861763048,482.383219297604,490.5515252734408,99020775.7625997,0.0019571524794340296,42.47517743054901,Normal,Above MA200,Neutral
2026-04-09 15:37:16.250965,Natural Gas,479.4348887106983,483.368498998863,475.28301765677776,475.37407515708117,98499728.65274231,0.008470000096441707,67.5598568834391,Normal,Above MA200,Bearish
2026-04-10 15:37:16.250965,Natural Gas,485.94865629220635,493.57777916081653,484.4986251233319,488.2297065465463,96839561.76362261,0.0046940149433571015,47.86858109034081,Normal,Above MA200,Bearish
2026-04-11 15:37:16.250965,Natural Gas,485.4247689948823,489.56936723612966,470.09392551728206,472.7200848951096,12364895.79787673,0.02617230292158133,67.66131641137764,Normal,Above MA200,Bullish
2026-04-12 15:37:16.250965,Natural Gas,472.8169640047465,477.30360228944994,456.5027393546219,464.62136204464406,40838219.67063186,0.017333561576737707,65.38347552918455,Normal,Above MA200,Neutral
2026-04-13 15:37:16.250965,Natural Gas,474.32164355321993,479.36352446650034,463.80053507946906,464.4715497669357,73241478.7432448,0.020766696861006725,67.60883222285139,Normal,Above MA200,Bullish
2026-04-14 15:37:16.250965,Natural Gas,488.48423302311585,494.4588009626521,478.04009496986487,479.28073424057146,12869218.253798498,0.018840933156810583,59.39703389579577,Normal,Above MA200,Bullish
2026-04-15 15:37:16.250965,Natural Gas,479.20009653621054,486.1208125482454,475.4826192815182,482.5860221579909,58776898.66380187,0.007065786601995171,45.60480938753357,Normal,Above MA200,Bearish
2026-04-16 15:37:16.250965,Natural Gas,478.28912178438264,492.82469422691884,474.86857781845225,491.4617917664636,73567010.61503969,0.02754122847899371,56.346454197590674,Normal,Above MA200,Bearish
2026-04-17 15:37:16.250965,Natural Gas,470.1135543628723,489.0636772963742,463.56701037446976,487.9911492506224,94323258.51969641,0.038028248115455646,33.30936158494683,Normal,Above MA200,Neutral
2026-04-18 15:37:16.250965,Natural Gas,466.23074473134454,466.80285150629976,446.7525433755935,447.1700766932567,58108880.73213732,0.040882477729072,48.559267926675496,Normal,Above MA200,Neutral
2026-04-19 15:37:16.250965,Natural Gas,478.09810832608144,482.8281840600539,476.07411847803303,479.56979064837094,11223235.878629792,0.003078201516927439,36.90095507785448,Normal,Above MA200,Neutral
2026-04-20 15:37:16.250965,Natural Gas,475.84818034783416,497.6444386491471,468.2797991243509,495.69833854920626,25378171.936089408,0.04171531808078379,46.94191663967585,Normal,Above MA200,Bearish
2026-04-21 15:37:16.250965,Natural Gas,487.46194724852216,491.6559967759023,466.97157976790265,468.9110217004798,23425640.977574464,0.03805615115754782,54.55881225300931,Normal,Above MA200,Bullish
2026-04-22 15:37:16.250965,Natural Gas,496.65188022717496,517.5961777892547,492.68863099115185,515.4520179011904,89876613.0844628,0.03785375314680381,59.807179814784575,Normal,Above MA200,Bearish
2026-04-23 15:37:16.250965,Natural Gas,493.64613211241397,495.26825052869606,466.8788362978943,472.32743282650887,33489768.796963587,0.04318619735695679,38.36237494827384,Normal,Above MA200,Bullish
2026-04-24 15:37:16.250965,Natural Gas,489.48145198100593,491.6380899722313,479.4121079644344,484.4534203945104,91376352.02892096,0.010272159580605894,52.62752688564023,Normal,Above MA200,Bearish
2026-04-25 15:37:16.250965,Natural Gas,482.0569545014331,495.9635720227452,480.0736439291611,493.67705067055647,46453278.30538141,0.024105234994776584,42.13143563397132,Normal,Above MA200,Neutral
2026-04-26 15:37:16.250965,Natural Gas,474.34341177402456,486.02696689229657,470.74384668534077,485.33775033791045,60566534.23781131,0.023178014685114944,67.48435779678708,Normal,Above MA200,Bearish
2026-04-27 15:37:16.250965,Natural Gas,477.27018733482385,478.7612834043671,465.61738436036126,466.3662629448997,56656692.29538798,0.022846439352966805,58.59013105775783,Normal,Above MA200,Bullish
2026-04-28 15:37:16.250965,Natural Gas,477.1062406623184,481.1037698079775,473.46934324518594,477.6626173472102,51717734.34182098,0.0011661484119752075,60.94288406922881,Normal,Above MA200,Neutral
2026-04-29 15:37:16.250965,Natural Gas,471.9388710802757,472.9970354474625,463.11663001737656,466.44992686315805,40917567.85719197,0.011630625391278711,63.34576041900689,Normal,Above MA200,Bullish
2026-04-30 15:37:16.250965,Natural Gas,459.1053870127676,463.2946474097765,439.7063622221305,440.3285158703737,96263883.21430652,0.04089882557154956,47.764609859853294,Normal,Above MA200,Bullish
2026-05-01 15:37:16.250965,Natural Gas,459.9852140706661,490.9111540797798,455.82958613536044,481.4967843542306,29512529.246480074,0.04676578643299566,52.25312029028317,Normal,Above MA200,Bearish
2026-05-02 15:37:16.250965,Natural Gas,456.09437298532686,458.0932481587856,447.2592544853153,449.67924381245035,52309341.46831699,0.014065354788060268,58.40459065349117,Normal,Above MA200,Neutral
2026-05-03 15:37:16.250965,Natural Gas,454.4760814903072,461.817900570741,452.8692910154491,454.65100173535734,93496107.30258153,0.0003848832802742406,66.65682178128264,Normal,Above MA200,Bearish
2026-05-04 15:37:16.250965,Natural Gas,457.0005948736819,462.2544071517286,450.2330740081384,454.7070865545806,10046036.38118051,0.005018611233395067,42.59303317406595,Normal,Above MA200,Bearish
2026-05-05 15:37:16.250965,Natural Gas,436.26995450062185,444.201612422958,426.58504635329666,429.9175760639778,15497189.403678795,0.014560659910479789,63.31718862296912,Normal,Above MA200,Bearish
2026-05-06 15:37:16.250965,Natural Gas,423.5648109846348,429.3811020661569,421.9887761280286,428.29213385435287,50547254.2708051,0.011160801717047168,47.3508226407207,Normal,Above MA200,Neutral
2026-05-07 15:37:16.250965,Natural Gas,442.59378257036644,475.7894003514725,439.6153777870416,463.4417714454904,33195908.43134492,0.04710411600011444,31.570776569666094,Normal,Above MA200,Neutral
2026-05-08 15:37:16.250965,Natural Gas,438.3958657857572,440.7550184548557,419.4550924893716,422.96787434414546,69972816.03223811,0.03519191818554094,42.973832307802226,Normal,Above MA200,Bullish
2025-08-30 15:37:16.250965,Lithium,376.4999550232296,390.2841183045903,371.1314619322144,385.7521427832009,45964182.6109339,0.024574206813385818,46.49118911326662,Normal,Above MA200,Bearish
2025-08-31 15:37:16.250965,Lithium,367.8497579983514,373.12521175014126,362.7189536089283,363.62650923856063,32480272.58269316,0.01148090672336299,53.18924664536768,Normal,Above MA200,Bullish
2025-09-01 15:37:16.250965,Lithium,377.73166671970813,378.35730900651225,372.99009741072,373.2834124286407,17030377.656589158,0.011776228161374103,56.32408872225968,Normal,Above MA200,Bullish
2025-09-02 15:37:16.250965,Lithium,374.25090356256817,375.403916931706,358.24582765285766,358.3547154873406,1018466.2888956483,0.04247468188829624,54.55917825093575,Normal,Above MA200,Bullish
2025-09-03 15:37:16.250965,Lithium,374.7897685888896,392.80253551010605,374.1431558584183,389.7651131349754,95502026.95702226,0.0399566525054006,36.05729257479853,Normal,Above MA200,Bearish
2025-09-04 15:37:16.250965,Lithium,372.3214103968003,376.84647813622564,365.957284617714,376.1627471106245,12009665.986483654,0.010317259782966354,64.72677181306017,Normal,Above MA200,Bullish
2025-09-05 15:37:16.250965,Lithium,381.7314376479357,385.4133816391041,377.7125486616932,379.6333627064138,21674262.61396441,0.005496206847540121,32.34261221138135,Normal,Above MA200,Bullish
2025-09-06 15:37:16.250965,Lithium,389.7133100059537,390.1861307678203,382.5106323790679,384.0759339252502,10760828.79395171,0.014465444048132261,34.659113986933484,Normal,Above MA200,Neutral
2025-09-07 15:37:16.250965,Lithium,392.9677408758785,402.4977334782752,389.50681744176063,395.14883621848145,15687673.391662164,0.005550316516418198,36.883441298105055,Normal,Above MA200,Bullish
2025-09-08 15:37:16.250965,Lithium,384.51529107715186,397.8717656958109,384.2243452584331,397.5776661111767,43844376.94984007,0.03397101581430711,53.82719296646118,Normal,Above MA200,Bullish
2025-09-09 15:37:16.250965,Lithium,379.2684360324364,380.2564963838932,363.19444793923924,364.20145090510357,20876326.50091118,0.03972644094760421,42.600414895069264,Normal,Above MA200,Bearish
2025-09-10 15:37:16.250965,Lithium,371.72070613349644,375.7916441492374,345.42668746351444,346.9306509162377,78563486.4448775,0.06669000356508484,41.082769988535986,Normal,Above MA200,Neutral
2025-09-11 15:37:16.250965,Lithium,355.22375635586,359.4091024458375,341.61415630259614,346.96319352409756,80366745.0259392,0.023254533752205216,48.78074661382534,Normal,Above MA200,Bearish
2025-09-12 15:37:16.250965,Lithium,364.47935194192814,366.96535439910207,352.55710566514267,353.00251684076636,67552818.04212528,0.0314882997898612,49.251118048769484,Normal,Above MA200,Bullish
2025-09-13 15:37:16.250965,Lithium,362.0737716375019,370.6263206675465,359.0293150280731,365.9372282902806,2277815.5701182056,0.01067035768789852,39.067626082996945,Normal,Above MA200,Neutral
2025-09-14 15:37:16.250965,Lithium,359.5898912926316,360.21897426733807,353.2475984447763,357.06785070107526,64751701.36531374,0.007013658205157711,45.238073800939,Normal,Above MA200,Bearish
2025-09-15 15:37:16.250965,Lithium,370.56834090632503,371.54891922240535,362.99993144308655,368.971293973563,90648344.95496121,0.004309723083348232,63.414901211369845,Normal,Above MA200,Neutral
2025-09-16 15:37:16.250965,Lithium,367.0755201810821,368.6386880061557,363.66848473442866,365.19575439958624,59212045.87953322,0.0051209238376030515,44.124115557535575,Normal,Above MA200,Bullish
2025-09-17 15:37:16.250965,Lithium,360.9081155659075,363.55590043973575,359.43882903425043,360.5320737730233,25492574.95877623,0.0010419322167210681,64.65169743928726,Normal,Above MA200,Neutral
2025-09-18 15:37:16.250965,Lithium,359.2589244774933,364.08752475423876,357.23535527861094,359.04972870622186,62939428.153300375,0.0005822980502868885,52.864305979317756,Normal,Above MA200,Bullish
2025-09-19 15:37:16.250965,Lithium,350.9473600421213,355.5418562559884,348.5294786853196,354.0296760998025,83886484.60395999,0.00878284440524432,51.719925304210776,Normal,Above MA200,Bearish
2025-09-20 15:37:16.250965,Lithium,353.47425451353485,360.38025875087146,350.62890524625743,359.9788505566531,17173309.0814436,0.018401894791659,37.37836204239534,Normal,Above MA200,Bullish
2025-09-21 15:37:16.250965,Lithium,350.7323093395219,351.20879572365703,345.9987736827642,346.9918461608004,48846134.2116662,0.010664723719823088,45.31136401612162,Normal,Above MA200,Neutral
2025-09-22 15:37:16.250965,Lithium,347.0099342923835,347.41382145509914,325.1138211399534,329.7045933706684,1726080.9327818472,0.04986987175742902,31.03237571452727,Normal,Above MA200,Neutral
2025-09-23 15:37:16.250965,Lithium,342.65185240214475,344.0868523388555,340.432931537153,344.0583668028008,12240523.590302382,0.004104791469229582,66.70172038614979,Normal,Above MA200,Neutral
2025-09-24 15:37:16.250965,Lithium,341.8723954292308,349.06427305866833,334.4424239028286,336.4489958531727,5512930.636918211,0.01586381248842528,67.83883559382397,Normal,Above MA200,Bearish
2025-09-25 15:37:16.250965,Lithium,342.4849827977528,349.16080722258977,326.2568094508995,328.37538605706345,68375258.01613104,0.04119770924093773,36.64299409334055,Normal,Above MA200,Neutral
2025-09-26 15:37:16.250965,Lithium,338.66938772615987,347.1106052197234,331.53820612055466,343.7493704237714,8599048.126985064,0.014999828392281644,30.167497745118315,Normal,Above MA200,Bullish
2025-09-27 15:37:16.250965,Lithium,336.0367509554013,337.4429674100409,333.42546380057433,335.00218966828504,65644319.26888599,0.003078714706575623,53.18476388912546,Normal,Above MA200,Bearish
2025-09-28 15:37:16.250965,Lithium,335.4385336500552,345.38169148996417,333.7921057248453,345.2010872940245,96352743.67944159,0.029103852612693767,34.59014397655342,Normal,Above MA200,Bullish
2025-09-29 15:37:16.250965,Lithium,334.0999431012935,334.8131020796491,330.3010993627506,331.94822375147237,68077034.7131938,0.006440346352195422,51.87715503941908,Normal,Above MA200,Bearish
2025-09-30 15:37:16.250965,Lithium,334.32797961438195,338.05729683924574,328.58078358198907,330.7819853130122,44268100.662376575,0.010606334251353182,55.109816595893456,Normal,Above MA200,Neutral
2025-10-01 15:37:16.250965,Lithium,329.36254600126153,333.86578805982185,327.72873547518253,332.7069913892054,40533925.43972304,0.01015429783546514,46.386914771700766,Normal,Above MA200,Neutral
2025-10-02 15:37:16.250965,Lithium,336.7342832988301,341.35978288703757,336.60106866305404,340.77943222369896,20282576.27103536,0.01201288115139439,62.41872868861864,Normal,Above MA200,Neutral
2025-10-03 15:37:16.250965,Lithium,337.44481179289045,347.91091945669535,335.5867781421011,340.1230686650401,67900367.99662715,0.007936873759948107,54.74441156375756,Normal,Above MA200,Bearish
2025-10-04 15:37:16.250965,Lithium,333.7475670021746,348.2255064492174,331.911512333366,347.64933552143316,77123084.41254567,0.04165354265838887,69.76326618582303,Normal,Above MA200,Neutral
2025-10-05 15:37:16.250965,Lithium,336.2746702266546,340.2221312058276,331.7375903088912,332.39552646522316,42420563.80445502,0.01153564066784108,44.312449973423725,Normal,Above MA200,Neutral
2025-10-06 15:37:16.250965,Lithium,335.72895089228615,354.00257769689756,333.27832781247594,349.6476442964785,65934427.996741556,0.04145812676327105,37.95256243749612,Normal,Above MA200,Neutral
2025-10-07 15:37:16.250965,Lithium,323.0060735070891,324.1000898093091,310.2311636789229,314.01401019777467,56825399.18448483,0.027838681829359183,40.44649730043441,Normal,Above MA200,Bullish
2025-10-08 15:37:16.250965,Lithium,325.5079960673415,327.2823726728804,316.5815236577805,321.4775644430012,20379805.034156837,0.012381974246514205,50.52700329128143,Normal,Above MA200,Bullish
2025-10-09 15:37:16.250965,Lithium,318.0268245112403,318.1407594615633,309.3356185527217,310.9883804548473,60330629.41363248,0.022131604990271024,50.5483142086122,Normal,Above MA200,Bullish
2025-10-10 15:37:16.250965,Lithium,324.8836877032373,327.51708022308924,309.26474477901394,314.72873703374745,90893493.84812245,0.03125718850730912,39.703130642953006,Normal,Above MA200,Bearish
2025-10-11 15:37:16.250965,Lithium,323.1097205434908,324.7218388640116,320.23010693836403,323.55669195611847,62942509.31387391,0.001383342512493483,52.02126722384902,Normal,Above MA200,Bullish
2025-10-12 15:37:16.250965,Lithium,328.83390319873496,330.02676966464816,326.6484271676295,328.46008426539623,64566564.227887504,0.0011368016792136677,41.02146268563405,Normal,Above MA200,Bullish
2025-10-13 15:37:16.250965,Lithium,324.20933779316573,329.22646692796224,323.482007677518,325.72712178631195,81205947.90601055,0.004681493764114052,47.18693453420592,Normal,Above MA200,Bearish
2025-10-14 15:37:16.250965,Lithium,324.7224811590895,331.1032869792506,322.0381902550799,330.6260498750748,18897729.905675575,0.01818035109522629,40.751904601207926,Normal,Above MA200,Neutral
2025-10-15 15:37:16.250965,Lithium,333.6032895649382,340.3379183383142,320.9326702407761,326.1575428660204,7670310.2806706475,0.022319164504127142,63.261631453506624,Normal,Above MA200,Neutral
2025-10-16 15:37:16.250965,Lithium,331.6292369005673,347.91334894291896,331.3170933095595,342.8084294948403,29045155.945765156,0.03370991260829296,46.01251344691976,Normal,Above MA200,Bullish
2025-10-17 15:37:16.250965,Lithium,327.2938007221664,332.1381050421776,315.6166024835398,316.9254781947832,30059944.453407384,0.03167894565832219,40.639907723706315,Normal,Above MA200,Neutral
2025-10-18 15:37:16.250965,Lithium,332.1005112614993,345.1198225475114,327.18726943262357,337.34853105643896,66639693.16859159,0.015802504413512535,57.1626641798255,Normal,Above MA200,Bullish
2025-10-19 15:37:16.250965,Lithium,336.76501790775427,337.82846248432253,329.4165537067127,334.12132739032427,6654599.173673882,0.007850252778197245,35.50518937593446,Normal,Above MA200,Neutral
2025-10-20 15:37:16.250965,Lithium,332.7382779048611,341.5818535747896,331.5211223730264,339.9708511424432,86052064.00704473,0.02173652302080526,50.00233036764347,Normal,Above MA200,Bullish
2025-10-21 15:37:16.250965,Lithium,318.16889669171997,325.73371282429173,315.6876471769087,323.17770237452424,41657580.668018006,0.015742600030629182,38.38761109720804,Normal,Above MA200,Neutral
2025-10-22 15:37:16.250965,Lithium,313.6925271148048,321.1617353973826,311.37209073648785,320.5121073497852,38020766.31342768,0.021739696184998845,65.45152865822871,Normal,Above MA200,Neutral
2025-10-23 15:37:16.250965,Lithium,318.66301456749926,319.5685117686064,308.6795128939225,312.41209660011174,57930996.77242265,0.019616076173356534,38.27271572533585,Normal,Above MA200,Bearish
2025-10-24 15:37:16.250965,Lithium,312.9757870456232,321.7749793999238,311.8022402715277,318.60714277750947,21451520.6059563,0.017992943751477447,42.53065906322441,Normal,Above MA200,Bullish
2025-10-25 15:37:16.250965,Lithium,312.89552482163725,317.33257085676723,307.2078318087291,309.78929034636053,78555334.779588,0.009927385433356369,66.37010777747969,Normal,Above MA200,Neutral
2025-10-26 15:37:16.250965,Lithium,308.0708777474204,309.3695384670813,303.3574151021875,304.16899393382954,84766296.84249292,0.01266553931394295,37.312535541569034,Normal,Above MA200,Bearish
2025-10-27 15:37:16.250965,Lithium,293.89256869533335,294.05933088350963,292.35190213511777,292.8042378213389,27474112.568738658,0.0037031588747745633,62.49562896744604,Normal,Above MA200,Bearish
2025-10-28 15:37:16.250965,Lithium,288.93586460021834,292.47002573548025,287.23991021731155,289.60227266871055,87673376.38919376,0.0023064221169438125,42.098652698458785,Normal,Above MA200,Bullish
2025-10-29 15:37:16.250965,Lithium,293.875330505289,296.9457851798638,292.59184898135106,295.74180427890644,10653261.55392365,0.006351243469154852,64.13316866235151,Normal,Above MA200,Bearish
2025-10-30 15:37:16.250965,Lithium,276.4823363349951,276.5021835280152,269.4412499156265,275.1828792100055,64926779.29175431,0.004699964352931141,50.42281634914014,Normal,Above MA200,Neutral
2025-10-31 15:37:16.250965,Lithium,278.3327490204143,278.81815108745377,273.87920474432883,276.17666663276003,68582607.8993757,0.0077464200502548415,39.424914047665936,Normal,Above MA200,Neutral
2025-11-01 15:37:16.250965,Lithium,269.62933223220693,271.83184788367555,267.9203007389422,269.06724982124416,14037003.440184496,0.002084648603730895,58.20163625414371,Normal,Above MA200,Neutral
2025-11-02 15:37:16.250965,Lithium,274.09410105170093,277.19138815748954,270.0538262739473,275.3847492572934,31407419.16231694,0.004708777754210069,64.38718340321331,Normal,Above MA200,Bullish
2025-11-03 15:37:16.250965,Lithium,279.33579795608983,290.22078773399994,279.1019437249125,286.80293564796006,38956316.964767635,0.026731760649753987,36.731143540308516,Normal,Above MA200,Neutral
2025-11-04 15:37:16.250965,Lithium,278.0740380994256,288.24804176588987,274.01058590077133,284.2011249703665,31479538.402162373,0.022034012642166097,49.08800317671845,Normal,Above MA200,Bullish
2025-11-05 15:37:16.250965,Lithium,276.82900731836537,277.2455364227631,264.86740600857956,266.6477082107946,47410198.170172304,0.0367782957653056,58.22541585475926,Normal,Above MA200,Bullish
2025-11-06 15:37:16.250965,Lithium,270.91189013005436,276.5333351325492,269.3629621210474,275.66475207617805,41370025.4062101,0.017543940001459556,65.45521447840567,Normal,Above MA200,Neutral
2025-11-07 15:37:16.250965,Lithium,261.03795288898027,263.3362153831604,259.5179091299544,262.80052035647975,86387154.23275694,0.006752150206483952,39.3229124756334,Normal,Above MA200,Neutral
2025-11-08 15:37:16.250965,Lithium,273.4986170034041,281.01252500860625,270.70186021273054,278.9769290487152,2060814.471840536,0.020030492677931614,51.770293480610036,Normal,Above MA200,Bullish
2025-11-09 15:37:16.250965,Lithium,267.15069313613003,270.58828485380224,265.27187601744055,265.55868136893474,17578514.707280863,0.00595922753748602,48.50374188420612,Normal,Above MA200,Neutral
2025-11-10 15:37:16.250965,Lithium,278.65523503596705,303.60610481300654,278.14961770558483,296.7571972331889,66651478.64854567,0.06496185939189467,53.8146548062749,Normal,Above MA200,Bullish
2025-11-11 15:37:16.250965,Lithium,272.3481942007237,278.9586384425916,269.43052368979335,271.7962152078213,81944714.45214413,0.0020267400506262996,65.80226415999333,Normal,Above MA200,Bearish
2025-11-12 15:37:16.250965,Lithium,276.2020593371436,281.2489932433098,266.2494318354565,270.73102904253636,75459318.93700051,0.019808072060494952,50.51498969221071,Normal,Above MA200,Bearish
2025-11-13 15:37:16.250965,Lithium,267.8527912902962,270.10173762844903,263.426200260444,266.350117326277,84719698.7054569,0.005610073939422298,40.38413134833914,Normal,Above MA200,Neutral
2025-11-14 15:37:16.250965,Lithium,271.6934819147333,272.80371905385823,262.7993611788485,264.0637479110809,17613644.968956836,0.028082138555119544,34.81454304839944,Normal,Above MA200,Bearish
2025-11-15 15:37:16.250965,Lithium,269.304310696683,274.0106375177805,267.60663659519327,272.9914943569209,23952287.87975792,0.013691513703212822,58.222508465987644,Normal,Above MA200,Bullish
2025-11-16 15:37:16.250965,Lithium,267.01105636767426,270.988552982699,256.65953852890624,260.450607614989,11949756.288442925,0.02456995167889807,31.423609232259054,Normal,Above MA200,Bearish
2025-11-17 15:37:16.250965,Lithium,271.48742735559136,276.61068045851925,270.4605856109432,275.89889082709186,75275818.61464423,0.0162492367122489,40.98026694028313,Normal,Above MA200,Bullish
2025-11-18 15:37:16.250965,Lithium,268.044851893066,276.0196842797628,266.1893105232559,274.788016746064,67883090.58317643,0.025156852688549673,50.35576280279521,Normal,Above MA200,Neutral
2025-11-19 15:37:16.250965,Lithium,257.56504914441496,259.37876329599726,244.67411033197865,247.4482899305699,4140526.689787084,0.03927846284832166,51.398666936377765,Normal,Above MA200,Neutral
2025-11-20 15:37:16.250965,Lithium,263.15153553671075,265.797932356345,255.67743307749836,260.0977883017359,78467514.29364906,0.011604519915669943,65.4601010656761,Normal,Above MA200,Bullish
2025-11-21 15:37:16.250965,Lithium,254.74287761991968,259.72807908023356,251.4222840041052,257.21924990107846,1691243.9261544636,0.009721065822509646,46.13923876107998,Normal,Above MA200,Neutral
2025-11-22 15:37:16.250965,Lithium,258.53309920683665,262.0499081447107,257.7736890281072,259.1566706856171,7081087.796723435,0.002411959941274406,38.956983511863584,Normal,Above MA200,Bearish
2025-11-23 15:37:16.250965,Lithium,265.6729813008417,268.1172031749474,258.0746274543126,258.85472011626166,90624600.90204103,0.025664112139650388,49.7182788662344,Normal,Above MA200,Bullish
2025-11-24 15:37:16.250965,Lithium,262.91759425611485,269.7463231808101,259.5821663780008,269.3867276054751,99384613.56243904,0.024605174741780297,42.58515635740795,Normal,Above MA200,Neutral
2025-11-25 15:37:16.250965,Lithium,271.59374006651717,272.8549395466651,264.8543811944776,266.3206144820464,13127288.334632933,0.019415490147819087,55.39626636612651,Normal,Above MA200,Neutral
2025-11-26 15:37:16.250965,Lithium,275.12908547492754,278.68042107777984,272.8993572973643,274.6484824884459,44567036.431583345,0.001746827259837046,49.31405097640419,Normal,Above MA200,Bearish
2025-11-27 15:37:16.250965,Lithium,270.02283045538866,276.5911901434151,269.8374947544831,272.31618968110934,93544756.23178555,0.00849320489624131,66.36808544825948,Normal,Above MA200,Bullish
2025-11-28 15:37:16.250965,Lithium,280.3065646446755,287.81417579897794,279.3575027320916,280.8231917336155,59629918.533812605,0.0018430788076434967,58.03741460071997,Normal,Above MA200,Bearish
2025-11-29 15:37:16.250965,Lithium,271.92893757460456,280.6461481594394,266.5760049808911,280.5487591680534,79847615.59082425,0.03169880215886894,59.57876932954909,Normal,Above MA200,Bullish
2025-11-30 15:37:16.250965,Lithium,269.1646968718259,273.3003093778693,268.57080448230715,270.07127303916184,41938136.49870595,0.0033681094804480756,31.592457577830153,Normal,Above MA200,Bearish
2025-12-01 15:37:16.250965,Lithium,267.65075175130585,269.4689160731957,261.5306139071341,263.7042520501428,96991977.95152946,0.01474496027132405,59.38834281060103,Normal,Above MA200,Bullish
2025-12-02 15:37:16.250965,Lithium,272.0919040724467,277.4303240986001,272.00492565266217,272.30264138405687,62403894.0726223,0.000774507835242547,49.10968505598144,Normal,Above MA200,Bullish
2025-12-03 15:37:16.250965,Lithium,280.2769919488923,290.99174566270005,276.13991550492705,287.54924496534113,20009592.389263637,0.025946664283363306,35.840840771878504,Normal,Above MA200,Bullish
2025-12-04 15:37:16.250965,Lithium,288.0024125805523,298.2367755154409,286.44877221180576,297.61016694127426,92483225.89572263,0.033359978739882064,62.81296352588804,Normal,Above MA200,Bullish
2025-12-05 15:37:16.250965,Lithium,289.644285440384,297.910119094807,285.522719886114,294.85516118133467,36239819.57359341,0.017990604347770337,35.940271265747235,Normal,Above MA200,Bearish
2025-12-06 15:37:16.250965,Lithium,287.5876611182726,295.9953947928183,286.3381481990411,290.5703387413194,96806539.65853785,0.010371368547067602,56.310615330904,Normal,Above MA200,Neutral
2025-12-07 15:37:16.250965,Lithium,274.1885259895136,277.43306410305064,261.4531635951961,265.90413717184646,69911906.29513688,0.030214206768024856,44.50007938126053,Normal,Above MA200,Neutral
2025-12-08 15:37:16.250965,Lithium,264.5452785390054,266.1742924105093,254.14946727488305,259.8709581600659,38444227.00909113,0.017669264047176184,50.691739286090126,Normal,Above MA200,Bullish
2025-12-09 15:37:16.250965,Lithium,277.5090572438421,281.10574962787734,261.84891989711826,264.7804547514596,3509511.8221299094,0.0458673407592536,57.60187553637799,Normal,Above MA200,Bullish
2025-12-10 15:37:16.250965,Lithium,264.0358978891117,268.3281426035517,262.18280375517264,266.442723736496,21012790.523301806,0.009115525073015369,51.81961361979343,Normal,Above MA200,Bearish
2025-12-11 15:37:16.250965,Lithium,258.27927858407406,259.6641001879991,256.40062354504477,257.07941026646074,91171800.2039452,0.004645623621806521,30.241881727359136,Normal,Above MA200,Bullish
2025-12-12 15:37:16.250965,Lithium,266.6784388247697,272.1374528482278,264.6011747512537,270.5489535297627,57470539.648960516,0.01451378942388459,53.26256817751955,Normal,Above MA200,Bearish
2025-12-13 15:37:16.250965,Lithium,268.2173222226564,269.07434273847116,262.14607532413027,266.553855915379,88563394.03207916,0.006201934660642187,52.15973022012524,Normal,Above MA200,Bullish
2025-12-14 15:37:16.250965,Lithium,275.02734885295183,278.7673463309006,272.8090274996211,277.0847312630329,20925115.02531277,0.007480646629005113,65.60946487183084,Normal,Above MA200,Bullish
2025-12-15 15:37:16.250965,Lithium,279.0106419529591,280.07435402826843,269.6791452728465,270.0462117698634,74054849.13088124,0.03212934861677094,53.8971697029368,Normal,Above MA200,Neutral
2025-12-16 15:37:16.250965,Lithium,289.7944891253809,290.796935501506,284.6319219882601,288.9865837131544,87389962.66310374,0.0027878563690594263,33.48437157845736,Normal,Above MA200,Bearish
2025-12-17 15:37:16.250965,Lithium,291.96234470877687,297.34993442330483,289.3629518443373,291.96667166523883,96193522.48161906,1.4820255215799893e-05,47.79409731310163,Normal,Above MA200,Bullish
2025-12-18 15:37:16.250965,Lithium,296.83074694966666,298.26462752720215,280.9720602926289,286.11042193738604,72786004.8333983,0.036115952011192685,61.85202653660529,Normal,Above MA200,Bearish
2025-12-19 15:37:16.250965,Lithium,291.516201003238,294.99586916882726,286.09291600345347,287.6904844381175,94158239.93486927,0.013123512696565306,54.92841492272028,Normal,Above MA200,Bearish
2025-12-20 15:37:16.250965,Lithium,295.8187325317773,295.9815944167393,291.4486199041999,292.4962906174376,2982299.7434865744,0.011231343890579384,32.50027766041643,Normal,Above MA200,Bearish
2025-12-21 15:37:16.250965,Lithium,292.91194560887675,305.56243938544554,285.8798768097262,302.44676548038706,62301227.411923334,0.032551830044658184,49.21177035165423,Normal,Above MA200,Neutral
2025-12-22 15:37:16.250965,Lithium,289.58703917523985,296.0598559484724,287.6919761027147,291.3366282212612,75112262.1496014,0.0060416690298167,49.30404942646083,Normal,Above MA200,Neutral
2025-12-23 15:37:16.250965,Lithium,296.15255107963014,296.38062040255124,287.8580434569444,290.66979468778817,40181990.286382645,0.01851328435920774,54.52607644412072,Normal,Above MA200,Bearish
2025-12-24 15:37:16.250965,Lithium,302.76869440422894,318.66880291092315,299.3086245813764,316.50990081746704,51586103.56146114,0.0453851625587556,47.150571644587345,Normal,Above MA200,Bearish
2025-12-25 15:37:16.250965,Lithium,315.15854097912023,323.09399025562675,314.8357500356961,322.99566930315126,34032428.17273557,0.02486725665020222,45.50780619356027,Normal,Above MA200,Bearish
2025-12-26 15:37:16.250965,Lithium,327.0701020298781,332.5825314029044,322.1028283641008,330.203002523771,77204915.66285163,0.009578681984227018,69.0164147073898,Normal,Above MA200,Neutral
2025-12-27 15:37:16.250965,Lithium,333.80139221437037,342.45642225892607,329.3525627064649,338.23021909565665,7775630.215019987,0.013267850238449803,65.89589273286344,Normal,Above MA200,Bearish
2025-12-28 15:37:16.250965,Lithium,321.17670319038757,324.47171275435795,310.3979104816764,311.1519788339585,58808009.6368524,0.031212489127789043,38.279744049802325,Normal,Above MA200,Bullish
2025-12-29 15:37:16.250965,Lithium,334.58828906528913,334.91273992061684,325.1438994930719,325.61372083180305,84907215.67241889,0.026822720719118856,37.27270611349355,Normal,Above MA200,Neutral
2025-12-30 15:37:16.250965,Lithium,341.3243673855089,347.7533889756711,333.8695130272105,344.87614998916376,20452209.728664905,0.010405886432489348,38.46983448209678,Normal,Above MA200,Bullish
2025-12-31 15:37:16.250965,Lithium,335.7044597199078,341.88155811461496,334.0191586385179,339.5684664488191,70729196.27976087,0.011510144167090319,67.14387526122553,Normal,Above MA200,Bullish
2026-01-01 15:37:16.250965,Lithium,341.05322015787823,345.39219842494015,339.9166942824632,345.1025633170529,53231209.3539444,0.011873053587648697,40.356170991725584,Normal,Above MA200,Bullish
2026-01-02 15:37:16.250965,Lithium,333.4417284972474,336.54879447577406,331.6296178802121,334.60773885863335,48745126.00807281,0.003496893944980602,32.29241240041947,Normal,Above MA200,Bearish
2026-01-03 15:37:16.250965,Lithium,337.9812575824942,341.7067227132382,334.1646853286454,335.3301642591145,73035482.63226917,0.007843906322919753,66.90415028375831,Normal,Above MA200,Bullish
2026-01-04 15:37:16.250965,Lithium,328.3224227775629,331.6688115269346,326.40684865503243,328.9245509942602,33510164.46204393,0.0018339539882879317,49.48848027687656,Normal,Above MA200,Bullish
2026-01-05 15:37:16.250965,Lithium,322.3916883133762,330.45678397775606,314.21378116380106,320.8160692076488,52411956.57158802,0.004887282032518914,37.90223622713913,Normal,Above MA200,Bullish
2026-01-06 15:37:16.250965,Lithium,327.60117266550895,330.43494511491207,319.66324392054935,329.96787301994084,85744106.41442212,0.007224334196289246,59.99814727209632,Normal,Above MA200,Bearish
2026-01-07 15:37:16.250965,Lithium,335.474052463421,337.9937962414873,315.5983079270267,322.2531021046244,73976108.98170727,0.039409755424342746,31.468517739322664,Normal,Above MA200,Bearish
2026-01-08 15:37:16.250965,Lithium,337.86211932403404,340.10612091607754,337.07725043821205,338.08820030975403,2188299.6999955717,0.0006691516236631776,52.11259502873396,Normal,Above MA200,Bearish
2026-01-09 15:37:16.250965,Lithium,335.7622040316781,337.29132450957593,330.6075141189489,334.56805023677435,18780378.362569496,0.0035565462120658756,41.254024874153664,Normal,Above MA200,Neutral
2026-01-10 15:37:16.250965,Lithium,320.24324246554136,337.2033409000622,318.2260797512619,328.32416953463814,8414688.358196389,0.025233716118042027,34.24641414189869,Normal,Above MA200,Bearish
2026-01-11 15:37:16.250965,Lithium,318.7094384517159,323.3677003762373,315.5701723916365,318.8855627225277,4609644.031736227,0.0005526170535373828,32.1097580864887,Normal,Above MA200,Bearish
2026-01-12 15:37:16.250965,Lithium,322.6241702826853,328.71702641000485,320.0799086573013,323.93841216435334,55204270.52193945,0.0040736001909481385,67.75112445473476,Normal,Above MA200,Bearish
2026-01-13 15:37:16.250965,Lithium,320.29973704731196,325.36287775852736,316.80142703825084,316.99511712131033,58183694.98307624,0.010317273303017125,52.83628215008579,Normal,Above MA200,Bearish
2026-01-14 15:37:16.250965,Lithium,320.13405933950014,324.0130228495044,311.72851850886354,316.631421363437,88595986.75603443,0.010941160035548033,39.25430569037636,Normal,Above MA200,Neutral
2026-01-15 15:37:16.250965,Lithium,318.7719919797768,331.63421729370737,316.02346491561667,328.99525274394557,46109305.394547865,0.03207076224192683,49.2806935910773,Normal,Above MA200,Neutral
2026-01-16 15:37:16.250965,Lithium,316.4113006955469,318.77608987023837,305.8468953959352,307.48073692954495,10468428.906347878,0.028224541115852913,46.7654469776822,Normal,Above MA200,Bullish
2026-01-17 15:37:16.250965,Lithium,316.9680915911698,322.63609606750316,314.0302193118113,322.53803558157324,25724673.743706167,0.017572570041490602,43.73101956257793,Normal,Above MA200,Bearish
2026-01-18 15:37:16.250965,Lithium,314.9670493741327,332.0245383144208,314.8512730725677,328.8837359711508,75425307.98061483,0.04418457938591281,66.24934077740554,Normal,Above MA200,Bearish
2026-01-19 15:37:16.250965,Lithium,325.5579577281953,339.97324323870106,324.79186137876655,334.51108585055385,93324104.16189013,0.027500873223419802,53.02661011989679,Normal,Above MA200,Neutral
2026-01-20 15:37:16.250965,Lithium,309.36718037856065,313.8907347257812,304.68323559029886,306.05631367299065,41235237.120827846,0.010702061871975695,65.19350991765872,Normal,Above MA200,Bullish
2026-01-21 15:37:16.250965,Lithium,305.361768720715,311.79931687346885,302.5649682393412,309.13640158243646,84652114.51037003,0.012361183515326517,49.052894088276176,Normal,Above MA200,Neutral
2026-01-22 15:37:16.250965,Lithium,298.97579863963875,301.25906998478814,288.9039409284217,292.19810643943396,30795665.643530548,0.022669701798753657,37.36179088200854,Normal,Above MA200,Bullish
2026-01-23 15:37:16.250965,Lithium,300.58363975407656,302.2044288688511,292.2648734323425,293.18709981855557,99555585.83357076,0.02460726053344905,48.01107241766363,Normal,Above MA200,Bullish
2026-01-24 15:37:16.250965,Lithium,301.14973084454834,303.18777494859677,300.2293597141566,302.0149092951361,21149952.514802743,0.0028729178942360533,60.76244532638897,Normal,Above MA200,Neutral
2026-01-25 15:37:16.250965,Lithium,313.0534395825967,322.01477834495734,310.36247957359353,321.2940548276753,39409302.68539075,0.02632334995605249,63.182633257134746,Normal,Above MA200,Bullish
2026-01-26 15:37:16.250965,Lithium,327.37098699869165,329.9852447844947,317.90396607715843,327.9262179093969,81493216.9241979,0.001696029681174662,33.96918384378587,Normal,Above MA200,Bearish
2026-01-27 15:37:16.250965,Lithium,321.6980740288823,325.6186577691241,312.65221462761957,315.8667476003001,93010944.90106623,0.01812670606184193,38.19209636224838,Normal,Above MA200,Bullish
2026-01-28 15:37:16.250965,Lithium,321.7017435232876,329.1857910546568,318.2756237344089,326.6897319388776,40513483.944051646,0.015505008959421326,39.69028630339069,Normal,Above MA200,Bearish
2026-01-29 15:37:16.250965,Lithium,323.14223208215765,334.84764507527035,322.93981715381557,331.90632050856743,80382176.67682779,0.027121457848262785,47.381238532179815,Normal,Above MA200,Bullish
2026-01-30 15:37:16.250965,Lithium,317.28784737398246,320.3153930337447,315.1839140480475,318.8623785346733,54714759.36962961,0.004962469170257862,56.1434708017768,Normal,Above MA200,Bearish
2026-01-31 15:37:16.250965,Lithium,321.89893635350603,326.46423191063434,314.6952451762099,318.1446010086206,74494623.7718884,0.011663087139755009,39.13325009474443,Normal,Above MA200,Bullish
2026-02-01 15:37:16.250965,Lithium,320.141423049035,336.67160459782053,315.583983737048,333.7266039846002,66710531.12391332,0.04243493642959301,34.72953569888562,Normal,Above MA200,Neutral
2026-02-02 15:37:16.250965,Lithium,312.30708181801566,315.0747594221949,307.0467421196607,313.0853428098651,42514133.36150955,0.0024919735643489822,58.0439034945708,Normal,Above MA200,Bullish
2026-02-03 15:37:16.250965,Lithium,310.2555999918382,321.3500819183173,308.5879222100887,316.4918722962572,93463819.44030741,0.020100434301856446,35.242345232171616,Normal,Above MA200,Bearish
2026-02-04 15:37:16.250965,Lithium,302.93462968446966,304.11075234093084,302.12450000357967,302.2935439091874,50692595.10805233,0.00211625120558175,66.39720632638874,Normal,Above MA200,Bearish
2026-02-05 15:37:16.250965,Lithium,310.54157975092085,316.8552570553246,309.3964947564994,312.6716312030143,86572260.37914135,0.006859150564642366,48.27552286949067,Normal,Above MA200,Bearish
2026-02-06 15:37:16.250965,Lithium,324.4952869263447,327.3583793257506,322.824841408333,327.0482583288728,86433002.70798883,0.007867514584603367,49.222397633450726,Normal,Above MA200,Bullish
2026-02-07 15:37:16.250965,Lithium,326.29177990704375,329.963595599257,325.05443039067563,327.9136471607362,22850546.008497447,0.0049706040837268935,36.33792148759624,Normal,Above MA200,Neutral
2026-02-08 15:37:16.250965,Lithium,327.1083326558826,330.1548264210484,323.34893519218446,323.5797262190277,84105870.18674552,0.010787271630181899,56.0333288624594,Normal,Above MA200,Bullish
2026-02-09 15:37:16.250965,Lithium,328.22690421477375,329.20297251354873,310.7563988754778,311.5239421638285,30488080.440630913,0.050888461111693956,61.20192348160174,Normal,Above MA200,Bullish
2026-02-10 15:37:16.250965,Lithium,336.90217815549596,339.16327558523227,328.9682830452433,335.61394409999184,6195689.29987303,0.003823762917049321,48.00945146690469,Normal,Above MA200,Bearish
2026-02-11 15:37:16.250965,Lithium,345.4194273400517,348.7774305867959,338.6284179691975,341.987831062376,19245838.298059806,0.009934578098577566,31.57447519278918,Normal,Above MA200,Bullish
2026-02-12 15:37:16.250965,Lithium,344.5707574787392,348.9667779549409,341.94282813029525,342.1871219097451,29735255.43188041,0.006917695472579984,52.47741014078653,Normal,Above MA200,Bullish
2026-02-13 15:37:16.250965,Lithium,346.42427104800146,352.8704241178124,345.511267068846,351.4792732010293,43851152.184660055,0.014591939928849277,51.42169892391193,Normal,Above MA200,Bearish
2026-02-14 15:37:16.250965,Lithium,351.21341281697414,357.5658792930548,350.99328612218136,351.7024496162692,49253224.00697995,0.0013924206236106426,67.81486598459111,Normal,Above MA200,Bearish
2026-02-15 15:37:16.250965,Lithium,342.8650231556103,353.84716304481196,340.9066487522167,343.51548036548525,28590737.27692405,0.001897123258267644,68.35487492761641,Normal,Above MA200,Bullish
2026-02-16 15:37:16.250965,Lithium,351.76318408221283,353.88991736465573,337.9130370680434,340.21223890976086,99880500.64574979,0.032837277165856917,32.198652273592884,Normal,Above MA200,Bullish
2026-02-17 15:37:16.250965,Lithium,364.4934401305969,368.30735538610924,345.48463936978396,353.07329146797787,73270170.38700528,0.03133156157358355,44.310190531748574,Normal,Above MA200,Bullish
2026-02-18 15:37:16.250965,Lithium,373.0424857610081,377.243145447801,365.7469792081763,366.6869470156596,96689285.49867387,0.01703703730255599,67.78829526689927,Normal,Above MA200,Neutral
2026-02-19 15:37:16.250965,Lithium,363.90227482336826,366.8162497735589,355.4705118837099,360.0227289852871,79624052.18640117,0.01066095516980277,55.00864500125753,Normal,Above MA200,Neutral
2026-02-20 15:37:16.250965,Lithium,349.4463437676077,349.53287904607095,346.0636272056581,347.2415990754254,69597982.191452,0.006309250995192877,59.32641512547198,Normal,Above MA200,Neutral
2026-02-21 15:37:16.250965,Lithium,354.6469457543351,356.23383316811817,341.97567665403676,343.03187984682,10600897.489093443,0.03275106707266242,32.228273444609805,Normal,Above MA200,Bullish
2026-02-22 15:37:16.250965,Lithium,349.0686494482178,353.18246777807303,344.2706726355553,349.06473782927725,54834919.96878294,1.1205872961411313e-05,57.79880532485903,Normal,Above MA200,Bearish
2026-02-23 15:37:16.250965,Lithium,351.17564387027164,355.8033907878634,348.90594196892164,354.8623008066295,14199354.81791494,0.01049804279057505,64.07383703355552,Normal,Above MA200,Neutral
2026-02-24 15:37:16.250965,Lithium,362.4406179446302,366.539459953084,356.5432219993361,359.60403903041214,78396202.7669439,0.007826327331368326,49.3669212865363,Normal,Above MA200,Bullish
2026-02-25 15:37:16.250965,Lithium,357.61985827900816,362.7767573689518,343.7611543299719,343.9930258797263,34460173.49651378,0.03810423857572939,58.21960098692467,Normal,Above MA200,Bullish
2026-02-26 15:37:16.250965,Lithium,354.849349232771,360.542808896377,354.26635032703,355.06375536649807,45106263.63482296,0.0006042173508016424,68.67874058473262,Normal,Above MA200,Neutral
2026-02-27 15:37:16.250965,Lithium,356.8799519172923,376.21332689175415,352.22825927793707,372.59140009990676,87379475.23110688,0.044024462843055986,39.76590242027629,Normal,Above MA200,Bearish
2026-02-28 15:37:16.250965,Lithium,347.3587815804156,350.9046907315917,343.9586676556894,348.89616694358637,26986015.782158513,0.004425929168037413,53.248619099575336,Normal,Above MA200,Bullish
2026-03-01 15:37:16.250965,Lithium,341.7976067646908,344.39361047313986,338.8210507981233,339.8124830509164,96695599.86871465,0.0058078923739832465,47.73756411344176,Normal,Above MA200,Bearish
2026-03-02 15:37:16.250965,Lithium,341.98001198163286,356.32065495901446,338.76683819468366,355.3572564377945,6114078.354349462,0.0391170360473586,31.97177971057666,Normal,Above MA200,Bullish
2026-03-03 15:37:16.250965,Lithium,339.7752638268546,344.3913622714788,330.089914428114,333.69291806599784,49610956.50422209,0.017901084653284986,42.82934329246285,Normal,Above MA200,Bearish
2026-03-04 15:37:16.250965,Lithium,344.2397808367462,355.02713088765466,336.62901452858944,354.75491240631027,78846833.884109,0.03054595126688965,46.204322183514265,Normal,Above MA200,Bullish
2026-03-05 15:37:16.250965,Lithium,364.53663432121476,369.9344673400457,358.9617602820991,367.14445314079154,9769255.624027764,0.007153790796452238,57.07489103310306,Normal,Above MA200,Bearish
2026-03-06 15:37:16.250965,Lithium,365.26411486350037,367.7325726888997,362.6332353572006,367.71283580395067,69031809.65039898,0.00670397348331188,62.591746700946345,Normal,Above MA200,Bullish
2026-03-07 15:37:16.250965,Lithium,359.0876036717056,364.4166671869126,347.4304714941213,348.15626663305557,14244036.354402833,0.030441978299657387,68.13228670329491,Normal,Above MA200,Neutral
2026-03-08 15:37:16.250965,Lithium,369.49470014342364,372.3317885845144,366.6713877773075,369.31511727089213,87891525.70395698,0.00048602286436537644,33.58264097265243,Normal,Above MA200,Bullish
2026-03-09 15:37:16.250965,Lithium,357.83589555981547,361.08932646731665,349.2289047163337,352.04273197975243,72518727.06189092,0.01618944228890164,30.295676057771722,Normal,Above MA200,Bullish
2026-03-10 15:37:16.250965,Lithium,347.64403966051816,353.1989468974857,336.4556236858377,338.5888178159869,7735694.095075299,0.026047395644619283,42.676165508824994,Normal,Above MA200,Neutral
2026-03-11 15:37:16.250965,Lithium,343.27715017251126,349.9999098857913,337.66117432107313,348.3367498666219,10057264.320358414,0.014739110050196914,59.86412818576815,Normal,Above MA200,Bullish
2026-03-12 15:37:16.250965,Lithium,341.20131769380635,354.41851267098224,339.84881095568505,350.7523982285135,70454961.2946913,0.027992507764223528,30.393102102791513,Normal,Above MA200,Bearish
2026-03-13 15:37:16.250965,Lithium,336.6585406741478,340.7667272653239,331.94168929134497,335.5545349302211,76858301.8032775,0.0032793041332502193,42.16378543885135,Normal,Above MA200,Neutral
2026-03-14 15:37:16.250965,Lithium,336.42730215437336,339.224684346514,335.88604316508645,338.21459142456183,53616445.381900266,0.005312557152000525,48.31852857958142,Normal,Above MA200,Bullish
2026-03-15 15:37:16.250965,Lithium,338.44336768029996,339.8719662193751,327.0598402279171,332.23230463390286,28191921.109002635,0.018351853336550566,48.97739656588696,Normal,Above MA200,Bullish
2026-03-16 15:37:16.250965,Lithium,346.287429492991,359.2564998702904,345.6498008464371,358.72790972818575,71731508.7046924,0.03592530128341413,47.78510631655619,Normal,Above MA200,Neutral
2026-03-17 15:37:16.250965,Lithium,346.95657218082823,347.1209279465944,332.76107433790327,338.1105813910876,31713293.090725772,0.025495959722389407,37.27054391044777,Normal,Above MA200,Bullish
2026-03-18 15:37:16.250965,Lithium,342.8329912997282,345.0308122370512,336.16259703135154,342.3382651326779,46052487.91651806,0.0014430529721621056,36.542151781207494,Normal,Above MA200,Neutral
2026-03-19 15:37:16.250965,Lithium,350.2784940213481,354.4929088745776,349.14335289762363,353.68991082872986,80987775.48279288,0.009739155744953704,60.710584708573506,Normal,Above MA200,Bullish
2026-03-20 15:37:16.250965,Lithium,344.2780697534918,344.52153107130516,335.21959105979454,340.65176250979545,27290202.20322895,0.01053307649334989,62.270942785950695,Normal,Above MA200,Bullish
2026-03-21 15:37:16.250965,Lithium,332.2979746889538,332.634393620343,331.2215535489303,332.3131261799124,9063274.07622476,4.559609781774672e-05,47.400583773608936,Normal,Above MA200,Neutral
2026-03-22 15:37:16.250965,Lithium,341.147321400095,344.22809745082,333.1294958111079,334.0682453329806,58918481.70314753,0.02075078894965768,49.54169865761028,Normal,Above MA200,Bearish
2026-03-23 15:37:16.250965,Lithium,349.5262797589011,357.81585249146497,341.0666338915729,348.1766434663828,11564470.091133073,0.003861329950495519,55.98224027027847,Normal,Above MA200,Bullish
2026-03-24 15:37:16.250965,Lithium,343.71236692360833,348.3785288703152,338.9722558172909,346.36164035013695,62530353.679370806,0.007707821077958015,38.79447825475907,Normal,Above MA200,Neutral
2026-03-25 15:37:16.250965,Lithium,340.7837658162336,349.5322017907727,338.681706324459,348.11799870786626,39120747.51617721,0.02152166161456064,67.71931136284542,Normal,Above MA200,Bearish
2026-03-26 15:37:16.250965,Lithium,334.0553199714844,335.65895343029246,324.5413225663572,333.77397780846115,93302466.02173737,0.0008422023126206611,64.3282716390812,Normal,Above MA200,Bearish
2026-03-27 15:37:16.250965,Lithium,336.45209970687756,341.33786828341,333.2080283211988,338.29097825266666,93136553.30067743,0.005465498795790525,30.985776185452906,Normal,Above MA200,Bearish
2026-03-28 15:37:16.250965,Lithium,349.16193694185023,352.836796764618,334.514481391979,337.0501939027063,51908474.115331784,0.03468803943873474,51.56764318054532,Normal,Above MA200,Neutral
2026-03-29 15:37:16.250965,Lithium,354.31970773976593,359.6093604619384,351.45641275913766,356.8983740076432,59248203.232548006,0.007277795198937051,38.50657146045371,Normal,Above MA200,Bearish
2026-03-30 15:37:16.250965,Lithium,361.919890767515,369.07704613965836,359.5010165683756,365.87139379564803,43262578.05450696,0.0109181703712198,48.76099758871534,Normal,Above MA200,Bullish
2026-03-31 15:37:16.250965,Lithium,367.93508544159914,370.4176484940567,366.93600308314535,367.52244130299454,34484865.764411196,0.0011215134270475219,66.55505161287185,Normal,Above MA200,Neutral
2026-04-01 15:37:16.250965,Lithium,367.9342111253771,369.1671567491823,347.8898703370997,351.8475823383627,71816908.74238443,0.04372148145129329,40.72572918447683,Normal,Above MA200,Bullish
2026-04-02 15:37:16.250965,Lithium,375.8838004959204,386.7850463388192,372.71012321645605,385.4345983027182,4939915.606229602,0.02540891039783308,53.90729342093836,Normal,Above MA200,Neutral
2026-04-03 15:37:16.250965,Lithium,381.35086037515885,385.03971008485564,377.3734458172941,380.4269863547937,67405737.51886055,0.002422635206476894,62.85037681491382,Normal,Above MA200,Bearish
2026-04-04 15:37:16.250965,Lithium,391.9135625103415,396.13072010141394,390.5028984808789,391.3475025994432,93828484.60104261,0.0014443488693589902,44.077190829271075,Normal,Above MA200,Bullish
2026-04-05 15:37:16.250965,Lithium,388.5413765842374,389.4084185350439,375.9493923396148,378.03571843815206,5827865.5625009015,0.027038711393991506,63.749151708410295,Normal,Above MA200,Neutral
2026-04-06 15:37:16.250965,Lithium,375.7870536299614,382.6905834606497,367.3535459494579,380.9370664515515,58670843.966632865,0.013704604168352582,57.35152803559498,Normal,Above MA200,Bearish
2026-04-07 15:37:16.250965,Lithium,383.4571415050204,384.7418045893362,371.88940861869435,373.7271665478232,6643236.367641465,0.02537434801450899,53.511937974867394,Normal,Above MA200,Bullish
2026-04-08 15:37:16.250965,Lithium,386.0237622696905,390.9171983256469,381.2099640877281,382.31381111980517,33347150.166294724,0.009610680772789955,43.98457595230889,Normal,Above MA200,Neutral
2026-04-09 15:37:16.250965,Lithium,383.8513658096802,385.40010266113745,369.4943500100002,371.36641208357446,69007202.06534752,0.032525489911363295,65.7245496528989,Normal,Above MA200,Bearish
2026-04-10 15:37:16.250965,Lithium,382.08911621830845,391.5472998659888,380.77868364600386,388.1730960859472,13855844.328370221,0.0159229342302506,57.047829854261565,Normal,Above MA200,Bullish
2026-04-11 15:37:16.250965,Lithium,400.8354922888068,401.6222889409267,386.8465171871238,395.3223878074917,33528492.64049713,0.013754032732567572,54.09025209509029,Normal,Above MA200,Bearish
2026-04-12 15:37:16.250965,Lithium,396.1230458546563,402.7022702205479,393.9672636188048,397.5540031874082,70624445.5455127,0.0036124061645152064,63.378330114243866,Normal,Above MA200,Bearish
2026-04-13 15:37:16.250965,Lithium,389.8614768589724,396.6494424268669,386.35811207819495,394.8729083065204,32102044.31986024,0.012854389943638323,68.31884265929816,Normal,Above MA200,Bullish
2026-04-14 15:37:16.250965,Lithium,390.4872954957814,395.1517558173505,378.75418159905246,379.83977616388256,71509800.31253871,0.027267261841080446,37.035611336746484,Normal,Above MA200,Bearish
2026-04-15 15:37:16.250965,Lithium,399.14977813480334,399.6825713537152,393.86829999319866,395.2172877303892,92193244.13790333,0.009852167331246785,69.04344096798286,Normal,Above MA200,Neutral
2026-04-16 15:37:16.250965,Lithium,415.86877022639214,421.0110721427563,413.00541358228804,415.8142806196541,16519282.436512291,0.00013102596453296148,57.337176606290825,Normal,Above MA200,Neutral
2026-04-17 15:37:16.250965,Lithium,420.69253692304073,426.0604781791595,413.5188548326418,420.52184326637934,87995905.84401606,0.000405744437279155,37.86668929561229,Normal,Above MA200,Neutral
2026-04-18 15:37:16.250965,Lithium,411.3702338925589,413.38098409789205,403.83597900440276,409.0129071188122,23085547.11836851,0.005730426218349919,51.82674659874539,Normal,Above MA200,Bullish
2026-04-19 15:37:16.250965,Lithium,425.8325036546745,428.7845285839851,421.88111315327455,427.16000983856594,31069769.57628484,0.003117437425509403,33.720696370507,Normal,Above MA200,Bullish
2026-04-20 15:37:16.250965,Lithium,425.6896416716583,427.96156091545186,409.37640341533785,420.70332978395896,51812789.95247378,0.01171349123769704,34.2888957683395,Normal,Above MA200,Neutral
2026-04-21 15:37:16.250965,Lithium,419.5425010662217,426.30073652537385,417.4963697467182,422.50733860650985,65926255.96541189,0.007066834784922538,51.49102694672152,Normal,Above MA200,Bullish
2026-04-22 15:37:16.250965,Lithium,411.6218821145786,421.6039803340815,406.5236850046958,420.50742377161686,51541505.86858562,0.021586660095404876,35.623676726934626,Normal,Above MA200,Neutral
2026-04-23 15:37:16.250965,Lithium,417.75889100379493,432.03427143322136,413.20157350752646,426.91186067957517,80057027.9749293,0.021909694498152794,34.28116536844152,Normal,Above MA200,Neutral
2026-04-24 15:37:16.250965,Lithium,419.51142924880077,427.430302938695,418.1674465058724,426.2177484543179,45386300.58193873,0.015986022639540128,49.56955445711098,Normal,Above MA200,Bearish
2026-04-25 15:37:16.250965,Lithium,422.04360422594266,424.5660224576452,405.2085494940792,406.71425402055115,26030902.668338638,0.036321721385889925,32.69138451686058,Normal,Above MA200,Bullish
2026-04-26 15:37:16.250965,Lithium,431.48400833405765,438.5255807410476,427.14890101685336,436.56960110808865,32256391.84727837,0.011786283328706198,61.654516764915435,Normal,Above MA200,Neutral
2026-04-27 15:37:16.250965,Lithium,425.59777036947827,444.227569636516,424.4133361193492,437.98141865407274,24268098.582379945,0.02909707039546699,56.09124451273785,Normal,Above MA200,Neutral
2026-04-28 15:37:16.250965,Lithium,435.6226599899393,436.35257772884734,432.1894560145371,433.00960175119593,5573451.8369612545,0.005998444247146546,53.18386909650696,Normal,Above MA200,Bearish
2026-04-29 15:37:16.250965,Lithium,431.81306571052926,441.19832170104496,428.1319947271005,438.6949509457022,96579414.8254615,0.015937186207761352,66.63257392762975,Normal,Above MA200,Bearish
2026-04-30 15:37:16.250965,Lithium,447.6926262027033,449.4586513635638,435.33570513837975,436.73146680563246,97766380.23619722,0.024483671956008327,68.57412936143946,Normal,Above MA200,Bullish
2026-05-01 15:37:16.250965,Lithium,452.0861936822349,453.4387531693931,443.1250586769768,446.7388150356569,38453245.10936069,0.011828228159377592,33.53587868587034,Normal,Above MA200,Bearish
2026-05-02 15:37:16.250965,Lithium,445.33345171981074,451.8365136735161,432.1989224652177,440.1724352150694,51941617.24448154,0.011589105837008765,58.3585706849511,Normal,Above MA200,Neutral
2026-05-03 15:37:16.250965,Lithium,430.4708642056642,431.2118951483776,424.4956915401127,427.59803661833206,50177599.372592464,0.006673686481971942,63.71781929824789,Normal,Above MA200,Bearish
2026-05-04 15:37:16.250965,Lithium,436.4067816225357,438.33843029236795,433.6824973606545,437.64331292934844,98389768.33390002,0.002833437423257652,44.43225245512011,Normal,Above MA200,Bearish
2026-05-05 15:37:16.250965,Lithium,433.6610338957975,434.5120543880197,426.04456387346045,428.3826192926416,99626224.81141923,0.01217175210725589,48.981342504897626,Normal,Above MA200,Bearish
2026-05-06 15:37:16.250965,Lithium,432.51948748221,434.2216803525587,410.01243987950755,413.777800410598,39639259.17406428,0.04333142809520895,65.64086731868846,Normal,Above MA200,Bullish
2026-05-07 15:37:16.250965,Lithium,438.14186013362377,441.8060483994178,428.3256770135798,429.6214243961462,64728260.82616964,0.019446751184374413,41.08577407493439,Normal,Above MA200,Bearish
2026-05-08 15:37:16.250965,Lithium,445.55631152112915,449.3872985993087,441.8185722651191,446.3239383813474,32681595.195651785,0.0017228503791082163,50.241787696473466,Normal,Above MA200,Bullish
2025-08-30 15:37:16.250965,Cobalt,485.8463213777904,489.6630869847687,467.6751464642098,467.96709895316246,50411757.152653046,0.03680016012866996,34.405691316758656,Normal,Above MA200,Bearish
2025-08-31 15:37:16.250965,Cobalt,477.5029061485873,498.0647939145546,472.88150875740456,494.6940464579244,14427034.984724028,0.03600216896687882,35.825145868216936,Normal,Above MA200,Bullish
2025-09-01 15:37:16.250965,Cobalt,465.73382317216357,465.866128195303,461.13225331625495,465.58081513879125,92142185.5343668,0.00032853107453128047,33.745315733345166,Normal,Above MA200,Neutral
2025-09-02 15:37:16.250965,Cobalt,478.0827974116511,482.63023466699275,476.06187229768864,481.6620218466967,40850109.19352406,0.00748662042312262,66.80160210183615,Normal,Above MA200,Bearish
2025-09-03 15:37:16.250965,Cobalt,479.5603772718758,491.6720486028477,479.41481093054887,487.91832419271446,32239793.96986798,0.017428351709091083,61.55780495739707,Normal,Above MA200,Bearish
2025-09-04 15:37:16.250965,Cobalt,484.5426178590935,493.93304473473506,481.2700619095271,492.2865428479847,25109305.551054094,0.015981927499188878,67.26636999036076,Normal,Above MA200,Bullish
2025-09-05 15:37:16.250965,Cobalt,494.3164377012811,496.1843768082677,483.34826388062936,490.09498147091995,15989633.94967242,0.0085399875634162,61.93814020204762,Normal,Above MA200,Neutral
2025-09-06 15:37:16.250965,Cobalt,469.17372009810754,475.10627395529036,453.8667795299128,455.60944080406614,38549055.78102691,0.028910995464974085,31.888995059790194,Normal,Above MA200,Bullish
2025-09-07 15:37:16.250965,Cobalt,475.2670148933472,481.5656150074626,466.49771908746857,470.3883739021933,55855828.75918679,0.01026505277722405,36.979939455918206,Normal,Above MA200,Bearish
2025-09-08 15:37:16.250965,Cobalt,467.96191468464815,474.2448634984091,459.37225655579783,469.48723010876023,39678660.17299393,0.0032594862450290338,56.6332331060745,Normal,Above MA200,Neutral
2025-09-09 15:37:16.250965,Cobalt,461.9215090727557,467.0335502791249,457.92475654095114,462.8722704523658,61064903.99503038,0.0020582747521728367,36.671493407346965,Normal,Above MA200,Bearish
2025-09-10 15:37:16.250965,Cobalt,466.1205171645466,478.24632572534745,465.4742288296303,473.7178789906794,29429311.74792519,0.016299136267050148,43.10988903584513,Normal,Above MA200,Bearish
2025-09-11 15:37:16.250965,Cobalt,462.63567949605107,483.18884079673074,455.5366177976687,472.82797948683844,83792839.99714354,0.022030942364605073,38.6185162910292,Normal,Above MA200,Bearish
2025-09-12 15:37:16.250965,Cobalt,468.3425025038587,488.18144273956597,455.8917274544374,478.9024477607741,19867028.60520219,0.02254748437406319,48.48157371358222,Normal,Above MA200,Bearish
2025-09-13 15:37:16.250965,Cobalt,467.9504498141388,476.1143546181671,467.151059048067,474.7505269480721,66777954.872675106,0.014531617902353064,48.110173508349604,Normal,Above MA200,Bearish
2025-09-14 15:37:16.250965,Cobalt,469.5650924479302,482.0334205254282,464.6813252017891,473.7515933072732,26310956.109849628,0.00891569864684353,44.58265710079458,Normal,Above MA200,Neutral
2025-09-15 15:37:16.250965,Cobalt,464.8594428490683,471.6846172865506,464.6677486745445,466.19638283266045,7181983.222418489,0.0028760090908302046,45.357880356166206,Normal,Above MA200,Bearish
2025-09-16 15:37:16.250965,Cobalt,454.63712097144395,472.45532321727956,453.7363409369866,467.50546569894846,43779507.443391,0.028304650311017577,68.66363080893267,Normal,Above MA200,Bearish
2025-09-17 15:37:16.250965,Cobalt,447.530793676685,460.99083843599783,443.01000563099103,457.08042759754113,70513519.75449347,0.021338495709761623,44.86907938465842,Normal,Above MA200,Bearish
2025-09-18 15:37:16.250965,Cobalt,446.5437822185459,447.8586560954398,429.4452177296807,435.77597740577085,49041407.49191953,0.02411365971613754,61.11637626994147,Normal,Above MA200,Bearish
2025-09-19 15:37:16.250965,Cobalt,464.17948053699865,479.0478162159874,459.1333744400885,465.8006896302493,88975569.2698152,0.003492634123712416,49.35399880132893,Normal,Above MA200,Bearish
2025-09-20 15:37:16.250965,Cobalt,478.3083477051648,485.8316156952859,473.7159717994938,481.3718641389462,93407899.57532203,0.006404898531417089,58.941382933243545,Normal,Above MA200,Bullish
2025-09-21 15:37:16.250965,Cobalt,472.037342906061,473.2169786744695,461.4579230094057,466.7965620418542,36639249.459126726,0.011102470901861977,33.068935978240916,Normal,Above MA200,Neutral
2025-09-22 15:37:16.250965,Cobalt,472.6157578918274,482.8434420310971,469.9371054026054,482.28976253816853,47201632.427255556,0.020469069185279472,32.10839159413756,Normal,Above MA200,Bullish
2025-09-23 15:37:16.250965,Cobalt,469.8538977065862,470.99922776433266,466.8283236307586,469.3573847722987,10345350.114482056,0.001056738992080505,35.028236260484626,Normal,Above MA200,Bullish
2025-09-24 15:37:16.250965,Cobalt,471.10433031259635,471.9161851433603,449.8937003546904,456.09686702329356,29341706.34908215,0.03185592303799188,39.89851924932586,Normal,Above MA200,Bullish
2025-09-25 15:37:16.250965,Cobalt,473.58964039778925,491.2018958060367,471.2659152547326,484.285997427672,86952104.50211892,0.022585707366610416,46.56526058316393,Normal,Above MA200,Bullish
2025-09-26 15:37:16.250965,Cobalt,478.65327052489016,485.1230550647957,476.1229681743868,483.11688404596623,45231583.97431294,0.009325358868187118,47.90000991241713,Normal,Above MA200,Bullish
2025-09-27 15:37:16.250965,Cobalt,450.80516516343533,457.1474038632796,448.6675324659005,456.86133639756827,47106832.18908226,0.013434121217172187,39.609800738572154,Normal,Above MA200,Bullish
2025-09-28 15:37:16.250965,Cobalt,454.32319523025564,462.3059183256218,451.0253621051555,456.0878165374294,80279466.10987394,0.0038840660694847043,55.284897137960925,Normal,Above MA200,Neutral
2025-09-29 15:37:16.250965,Cobalt,450.493942068652,452.54927021215866,432.514023714502,439.59723535930095,53051263.33163932,0.024188353475551296,58.724069518240896,Normal,Above MA200,Bullish
2025-09-30 15:37:16.250965,Cobalt,443.72722500160154,453.3955416634522,439.7270394516016,452.34390262062334,53475181.5820257,0.019418861709444797,31.11364205050345,Normal,Above MA200,Neutral
2025-10-01 15:37:16.250965,Cobalt,451.35131516789147,456.5647375794392,450.1980324128031,454.1945455553338,27344687.66076062,0.006299373219694103,63.327666391418155,Normal,Above MA200,Bearish
2025-10-02 15:37:16.250965,Cobalt,465.4314002540676,466.3115278972492,461.6482640359688,465.5183508920593,75265922.4625055,0.00018681730099045574,57.73603413716176,Normal,Above MA200,Bearish
2025-10-03 15:37:16.250965,Cobalt,472.04515905454076,499.5036284926494,471.1593262166609,490.58212983008315,91955983.1756209,0.03926948602263,47.614968921008426,Normal,Above MA200,Neutral
2025-10-04 15:37:16.250965,Cobalt,467.06756891529204,479.76983060742987,460.80069222059996,477.97180796440273,96061589.16589963,0.023346170393363994,56.4134332205651,Normal,Above MA200,Bearish
2025-10-05 15:37:16.250965,Cobalt,456.73896316144464,460.02031898107873,438.0389729516548,441.5125959369912,21316788.64211311,0.033337132262726096,37.58076172949507,Normal,Above MA200,Neutral
2025-10-06 15:37:16.250965,Cobalt,427.8819460132199,435.1046445456939,422.14377222064854,433.65085571593613,39169697.64767526,0.013482479820585962,66.61664805866815,Normal,Above MA200,Bearish
2025-10-07 15:37:16.250965,Cobalt,429.6339217321355,433.2544726489424,420.1032053619212,424.0614735350022,11187603.745858062,0.01297022398666081,59.205207511057,Normal,Above MA200,Bullish
2025-10-08 15:37:16.250965,Cobalt,435.19191215882506,437.84452021007445,413.3773785380951,419.90852544909035,72423466.55384763,0.03511872873261717,67.65115715627192,Normal,Above MA200,Bullish
2025-10-09 15:37:16.250965,Cobalt,434.2141217202992,448.0457040807385,426.6484787070436,447.6634504822895,12359453.875480998,0.030973955219848276,35.04550632064608,Normal,Above MA200,Bearish
2025-10-10 15:37:16.250965,Cobalt,443.17717545890383,465.8441876196885,432.87475396337817,461.43154085640555,96912654.36720264,0.04118976880657161,49.368525573905664,Normal,Above MA200,Neutral
2025-10-11 15:37:16.250965,Cobalt,430.5046356221174,443.921827941849,430.5006464532417,437.12012824765395,60460056.289531074,0.015366832498740775,32.49919045431283,Normal,Above MA200,Bullish
2025-10-12 15:37:16.250965,Cobalt,428.8609084997774,431.0040143735488,423.9956861020386,424.43144395986843,35381558.95626408,0.010328440881692717,40.60914090010698,Normal,Above MA200,Bearish
2025-10-13 15:37:16.250965,Cobalt,426.4582631874045,426.74856300455446,415.6397785961665,419.96019889875726,65104459.76144615,0.015237280760091048,68.75777588697164,Normal,Above MA200,Bearish
2025-10-14 15:37:16.250965,Cobalt,425.4013271112706,435.0908833481435,422.2549476790119,429.7122169241153,62578909.69208908,0.010133700903375764,51.60317287688783,Normal,Above MA200,Bullish
2025-10-15 15:37:16.250965,Cobalt,436.61233301307874,449.80914621647594,431.5397225673727,443.6147691253881,97073416.33952564,0.016038108827538755,34.495437291661034,Normal,Above MA200,Bearish
2025-10-16 15:37:16.250965,Cobalt,435.60594982268117,441.080544680817,420.46260718967613,420.5818797074117,17203890.70924306,0.034490047992652956,41.078184724984396,Normal,Above MA200,Bullish
2025-10-17 15:37:16.250965,Cobalt,432.77622954858515,439.9460009699486,425.07270859079557,426.4593956142436,3558058.249781108,0.014596074144207171,38.87117967734186,Normal,Above MA200,Bullish
2025-10-18 15:37:16.250965,Cobalt,423.7848848805405,424.216937670398,414.0617052285921,415.8845425863068,98355334.82559669,0.018642340904774665,63.644292357554804,Normal,Above MA200,Bullish
2025-10-19 15:37:16.250965,Cobalt,436.5379532042948,438.3160838989848,434.63462251728566,437.8877107231911,6180952.872765621,0.003091959150375761,61.3139447194663,Normal,Above MA200,Bearish
2025-10-20 15:37:16.250965,Cobalt,422.79986406182434,430.15228014371513,416.7428919013992,429.977648647561,24057282.026298683,0.016976790192834747,63.81319902754907,Normal,Above MA200,Bearish
2025-10-21 15:37:16.250965,Cobalt,417.4916083633113,425.15837295714664,414.3848537906317,419.07912049062907,47698177.92222974,0.0038025006862803523,68.39135145750859,Normal,Above MA200,Neutral
2025-10-22 15:37:16.250965,Cobalt,433.7517535917493,450.4326968727821,431.98438823118516,445.82341306666933,55907428.629903354,0.027830802699836326,66.06524917945441,Normal,Above MA200,Bearish
2025-10-23 15:37:16.250965,Cobalt,438.24643298496414,450.5247409386487,437.7988385003258,445.2851954843646,61090338.511152275,0.01606119746704684,37.539994111822445,Normal,Above MA200,Bullish
2025-10-24 15:37:16.250965,Cobalt,438.05275678927853,455.4084618894473,435.00058415510176,446.7695601857398,52383147.66427702,0.019898980799370847,69.17053165618066,Normal,Above MA200,Bullish
2025-10-25 15:37:16.250965,Cobalt,438.26097938503597,452.33435766060654,437.4539401297262,439.50873012589227,34076360.55656976,0.00284704958814072,50.87323501220757,Normal,Above MA200,Bullish
2025-10-26 15:37:16.250965,Cobalt,429.17667288136977,432.9595429676066,413.6279254242369,419.5186636110273,6240657.621313008,0.02250357458969367,60.19730159140202,Normal,Above MA200,Bullish
2025-10-27 15:37:16.250965,Cobalt,428.51887810544144,434.67962664086326,422.1529041964311,430.57014002932647,67970742.20574869,0.004786864777005985,37.597310649214364,Normal,Above MA200,Bearish
2025-10-28 15:37:16.250965,Cobalt,425.16050696932325,441.717566322975,417.50153762658385,439.30279273441045,39259793.86846559,0.03326340413388317,46.809984072301674,Normal,Above MA200,Neutral
2025-10-29 15:37:16.250965,Cobalt,426.8847664893797,435.5666669755707,408.48694640556243,410.302521439114,97502214.4986209,0.03884478049342195,63.0241369962806,Normal,Above MA200,Bullish
2025-10-30 15:37:16.250965,Cobalt,412.42631690758196,416.7173277180857,395.7573075957092,403.64883926414694,88289187.99421988,0.02128253528836256,67.67622349041682,Normal,Above MA200,Neutral
2025-10-31 15:37:16.250965,Cobalt,416.2453085049731,420.82150184608815,408.2306790039223,416.3306647112262,72182924.87312622,0.00020506226619017688,41.47947197886173,Normal,Above MA200,Bullish
2025-11-01 15:37:16.250965,Cobalt,426.00396275386777,426.9753711969409,413.6273379281639,419.66559724684566,30864561.921483736,0.014878653865208761,45.36076295859833,Normal,Above MA200,Neutral
2025-11-02 15:37:16.250965,Cobalt,424.04745936318784,425.6522867065248,402.30844331916325,403.52992029460506,45189103.36356267,0.048385006478744004,52.02761965882587,Normal,Above MA200,Neutral
2025-11-03 15:37:16.250965,Cobalt,430.25897338966246,437.0571261217658,428.0820084161986,432.0460829781696,52805338.68072473,0.004153567267703815,34.66991611075182,Normal,Above MA200,Neutral
2025-11-04 15:37:16.250965,Cobalt,433.2379952188053,435.7771122775792,426.9505317147654,427.7940549363045,6652381.29047851,0.01256570370692289,56.91303554232337,Normal,Above MA200,Bearish
2025-11-05 15:37:16.250965,Cobalt,427.40428207078156,431.0129780156497,418.1379117597209,420.84128080190567,37755821.130033985,0.015355487869887595,50.067966640257,Normal,Above MA200,Neutral
2025-11-06 15:37:16.250965,Cobalt,417.2434669353547,427.36201508805294,412.31223605872833,419.30671071065353,76949901.12645702,0.004944939678632508,68.9075497304434,Normal,Above MA200,Bearish
2025-11-07 15:37:16.250965,Cobalt,408.4278323449204,416.1977707150474,404.51537121646584,413.71460203247113,56031210.605696976,0.012944195446225246,57.981114816102874,Normal,Above MA200,Neutral
2025-11-08 15:37:16.250965,Cobalt,411.2393156067787,418.3783172508176,410.92494318874947,412.9565486165384,61359217.06370723,0.0041757510641361704,40.234901632488516,Normal,Above MA200,Bearish
2025-11-09 15:37:16.250965,Cobalt,410.70037704897646,417.1954545242153,403.2840330365492,404.5367206860478,79619321.61149496,0.015007671546874891,49.78388211055035,Normal,Above MA200,Neutral
2025-11-10 15:37:16.250965,Cobalt,422.9400275757165,426.71948099544124,419.1369735322811,422.936715957611,19765995.345157105,7.829994537327122e-06,65.68951662152426,Normal,Above MA200,Bearish
2025-11-11 15:37:16.250965,Cobalt,430.53161000876463,434.68960952721886,420.1316303122494,422.4066010598247,24697613.797862586,0.018872038103716755,46.71874032055548,Normal,Above MA200,Bearish
2025-11-12 15:37:16.250965,Cobalt,438.10317723448065,449.35035972721624,433.1369566312525,441.9605717672926,39417788.95183474,0.00880476274370263,61.8386035840243,Normal,Above MA200,Bullish
2025-11-13 15:37:16.250965,Cobalt,440.6284965782414,443.9995792336332,431.00484298115174,436.10468709283555,74699774.61591782,0.010266720197481718,36.07920729896205,Normal,Above MA200,Bearish
2025-11-14 15:37:16.250965,Cobalt,431.39232425607315,444.8645869140046,430.2547880489851,439.03185260103766,61139703.636948355,0.01770900388211294,50.9263200322393,Normal,Above MA200,Bearish
2025-11-15 15:37:16.250965,Cobalt,434.5152644784838,450.92644947651326,423.27040495768455,445.18024792390634,65888161.86562546,0.024544554167096787,39.327502176864655,Normal,Above MA200,Neutral
2025-11-16 15:37:16.250965,Cobalt,435.12819264259406,436.92174416943124,424.6602582643438,435.28693936048177,30441939.87413698,0.0003648274705521054,57.268994016493686,Normal,Above MA200,Neutral
2025-11-17 15:37:16.250965,Cobalt,424.20084058046336,433.24704481659126,419.62137865979906,430.332794462328,80518000.20116523,0.014455308182496464,52.47507824966053,Normal,Above MA200,Bearish
2025-11-18 15:37:16.250965,Cobalt,435.8151744570555,441.7569761880392,422.67847645199254,425.2519149322389,57550078.8574002,0.024237934206803344,59.815909565661585,Normal,Above MA200,Neutral
2025-11-19 15:37:16.250965,Cobalt,446.39607835735404,456.3191203382888,438.05739119161444,454.56886292366227,81978385.94056621,0.0183083699937114,67.1968705258266,Normal,Above MA200,Bullish
2025-11-20 15:37:16.250965,Cobalt,435.41336145920394,438.6267031405644,428.49475169143307,428.59705096711025,44428109.43112597,0.015654803217912617,38.73092795125975,Normal,Above MA200,Bearish
2025-11-21 15:37:16.250965,Cobalt,429.2911518537891,430.39571799016096,406.59631160563373,411.04427228791434,9844650.326894816,0.04250467191573836,47.5112590919848,Normal,Above MA200,Neutral
2025-11-22 15:37:16.250965,Cobalt,424.0121656327509,448.3310064086331,418.07728372161625,444.6224776560381,2711516.431572958,0.048607831788341625,51.98738454626313,Normal,Above MA200,Bearish
2025-11-23 15:37:16.250965,Cobalt,429.86614619825093,433.84163317004425,423.9706404061809,433.0613396479121,23136652.28404344,0.007432996242945877,67.33820420999409,Normal,Above MA200,Bullish
2025-11-24 15:37:16.250965,Cobalt,434.61502585771245,440.75787054949643,433.85368920647693,440.34764805317405,86322538.50618815,0.013190115054462787,49.08439270775705,Normal,Above MA200,Bullish
2025-11-25 15:37:16.250965,Cobalt,435.0412918289351,435.7885659563857,422.4489315485809,426.686094643092,75012115.6818448,0.01920552679199115,69.99006253716178,Normal,Above MA200,Bullish
2025-11-26 15:37:16.250965,Cobalt,437.670054867213,449.5959656573795,435.3120600147973,441.8768382096413,1141405.9648384952,0.009611768718571648,47.9833341168105,Normal,Above MA200,Bullish
2025-11-27 15:37:16.250965,Cobalt,425.3100404831533,428.39007738400403,422.9398251531944,423.1839413611334,60220562.49391433,0.004998939408071786,54.07305394532192,Normal,Above MA200,Bullish
2025-11-28 15:37:16.250965,Cobalt,428.97073717598664,439.7585126963745,427.10437842137776,436.8366172538917,33497253.838456366,0.018336635570267407,34.51362178067538,Normal,Above MA200,Bearish
2025-11-29 15:37:16.250965,Cobalt,428.0023358760402,428.542181710137,423.0943836206169,425.4302983884636,80871036.10812508,0.006009400584957368,36.27669088148909,Normal,Above MA200,Bullish
2025-11-30 15:37:16.250965,Cobalt,421.4841830005604,423.83021043188495,420.81583514235166,423.72498821358414,48708116.543887764,0.005316463353550656,50.125342189932795,Normal,Above MA200,Bullish
2025-12-01 15:37:16.250965,Cobalt,406.7736160842245,412.3218775261419,400.8789660686149,402.85251123433704,94180254.71794786,0.009639526003760135,64.4752132447303,Normal,Above MA200,Bullish
2025-12-02 15:37:16.250965,Cobalt,407.03241691197184,418.2777709005977,403.657673775198,417.4522626599036,32374388.368035886,0.025599547640416366,48.69549341791702,Normal,Above MA200,Bullish
2025-12-03 15:37:16.250965,Cobalt,410.45888408479016,411.97688043465087,396.02323338253706,397.3262111418499,10769837.54823214,0.031995099758219375,53.192213806671845,Normal,Above MA200,Bearish
2025-12-04 15:37:16.250965,Cobalt,394.1167177303133,407.40164120233766,391.83796681133754,398.68466717335025,95833295.49584918,0.011590346812343635,62.97071943691498,Normal,Above MA200,Bullish
2025-12-05 15:37:16.250965,Cobalt,394.29416599531396,402.7388093753047,391.46298084447545,398.46737709170105,6155168.215905705,0.010584004168189382,30.512865980424234,Normal,Above MA200,Bullish
2025-12-06 15:37:16.250965,Cobalt,395.46754849951196,395.5200058583334,387.27807425468114,390.12739673726657,60163705.90231358,0.013503388034004518,62.377099538512596,Normal,Above MA200,Bearish
2025-12-07 15:37:16.250965,Cobalt,390.1474849407675,393.8798205896196,387.14294524440055,390.6504009217542,6932590.376787064,0.0012890406843529855,50.703978602152304,Normal,Above MA200,Bullish
2025-12-08 15:37:16.250965,Cobalt,393.7935615596806,399.8441976411186,393.6959061331584,399.2407361393118,91933631.513869,0.013832563838923196,66.1645464191802,Normal,Above MA200,Bearish
2025-12-09 15:37:16.250965,Cobalt,392.5201316330772,395.91178014641525,384.68932270527426,385.6173589291474,67374219.86296842,0.017585780059766368,41.553576579100536,Normal,Above MA200,Bullish
2025-12-10 15:37:16.250965,Cobalt,395.23829735522037,410.577428227009,394.84627989436217,407.8697275719567,33768202.8127369,0.03195902396417781,63.498035793389356,Normal,Above MA200,Neutral
2025-12-11 15:37:16.250965,Cobalt,400.36654732691545,422.89385327210607,395.8638047766681,413.8833938879536,8101799.030995071,0.03376117872805464,39.07034469602064,Normal,Above MA200,Neutral
2025-12-12 15:37:16.250965,Cobalt,405.5001724964027,406.9817939861301,399.77833461240743,406.3749059355382,91049082.81032395,0.0021571715586466813,55.355578473297676,Normal,Above MA200,Bearish
2025-12-13 15:37:16.250965,Cobalt,415.2606584175367,423.8691865002967,413.8897184551502,421.97255582795975,81641955.99923678,0.01616309485228044,39.35691283117539,Normal,Above MA200,Neutral
2025-12-14 15:37:16.250965,Cobalt,418.5082505571326,423.2841461145413,406.90884711663807,410.3342152980949,27133576.451273162,0.019531359891127968,47.10030230370599,Normal,Above MA200,Neutral
2025-12-15 15:37:16.250965,Cobalt,413.9291242864007,420.26859500492566,405.40517257108684,410.1226800428035,85736593.76953848,0.009195884078365678,47.387125932658805,Normal,Above MA200,Bearish
2025-12-16 15:37:16.250965,Cobalt,407.710971079994,413.15884381007055,402.54293067146216,407.2615046844848,1483562.1360049425,0.0011024142772479298,67.46645218338725,Normal,Above MA200,Bullish
2025-12-17 15:37:16.250965,Cobalt,397.5042431677592,398.71620399890975,392.6187160493611,398.4706741604215,66276381.34060555,0.002431246984838899,50.4273193778873,Normal,Above MA200,Bullish
2025-12-18 15:37:16.250965,Cobalt,398.9554204283238,401.57213766419056,393.74597387536613,397.57825827525943,80864072.96676108,0.0034519198951747797,30.14625245378597,Normal,Above MA200,Bearish
2025-12-19 15:37:16.250965,Cobalt,411.6387253689848,417.63499028673783,409.7795003858707,411.51442075032236,20757589.973697934,0.0003019750353930329,31.511380263827185,Normal,Above MA200,Neutral
2025-12-20 15:37:16.250965,Cobalt,408.1979296369155,417.6568569474139,402.75471708212586,414.50458796838404,80315242.6503407,0.015450000780450394,45.08715167136974,Normal,Above MA200,Bearish
2025-12-21 15:37:16.250965,Cobalt,412.51373070512994,413.92380664770633,405.31182564470515,405.55531108366716,20855901.29921892,0.016868334563235984,38.61437131418434,Normal,Above MA200,Neutral
2025-12-22 15:37:16.250965,Cobalt,405.29257570270363,419.1160390044471,403.8134110803973,416.4259441243762,10788460.923602484,0.0274699540260992,62.48718349171006,Normal,Above MA200,Neutral
2025-12-23 15:37:16.250965,Cobalt,407.16251306534303,424.97322191441987,401.4339669584066,423.61779243512984,61939709.69612474,0.040414524524623914,31.582300262504525,Normal,Above MA200,Bullish
2025-12-24 15:37:16.250965,Cobalt,419.25101835473595,422.5860665121775,404.1274593505071,406.93358879510953,65753677.74261901,0.029379605583222317,50.463624425861966,Normal,Above MA200,Bearish
2025-12-25 15:37:16.250965,Cobalt,425.83833020110717,437.98391165559457,424.6931819679657,429.48354810698635,76864103.04077111,0.0085600981578095,49.917943703290554,Normal,Above MA200,Bearish
2025-12-26 15:37:16.250965,Cobalt,410.76006532248005,424.21545777414104,410.09541526648775,417.30740775168897,8166550.428166724,0.015939578800263164,41.61472849944082,Normal,Above MA200,Bearish
2025-12-27 15:37:16.250965,Cobalt,416.23817945676427,418.2710964213688,413.0778792254889,416.3822907491687,97363290.04907645,0.00034622314702717705,61.622702107646205,Normal,Above MA200,Bullish
2025-12-28 15:37:16.250965,Cobalt,422.1533464669881,427.60133134716534,397.6026213210133,400.0818844362417,68052767.94723028,0.05228304410106679,58.10518305751663,Normal,Above MA200,Neutral
2025-12-29 15:37:16.250965,Cobalt,423.81865235981456,432.3485194435069,405.39568139811826,405.79925645632153,96927818.34614767,0.04251675994711751,67.32310612264581,Normal,Above MA200,Bearish
2025-12-30 15:37:16.250965,Cobalt,430.2262141911002,431.8802484667207,422.4040913278787,424.1474430865048,66386502.415078685,0.014129243881674098,48.83265677463592,Normal,Above MA200,Bearish
2025-12-31 15:37:16.250965,Cobalt,422.225406795564,433.5931017360363,421.6133942764594,430.89473293708227,41920903.52724803,0.020532459681460776,51.86459758654684,Normal,Above MA200,Neutral
2026-01-01 15:37:16.250965,Cobalt,422.8326714364436,427.50525708926534,415.70338054735015,419.47462124805827,67555982.59880206,0.0079417945093443,50.34767762917504,Normal,Above MA200,Bullish
2026-01-02 15:37:16.250965,Cobalt,433.4892594875049,435.58568784451836,426.8040245093755,430.42727858997193,43515341.81079155,0.007063568082754913,48.828237892637496,Normal,Above MA200,Bearish
2026-01-03 15:37:16.250965,Cobalt,443.2797806638615,446.75729313286644,428.4975922657765,436.34859899605,91246111.8390422,0.0156361331379277,43.82480675603158,Normal,Above MA200,Neutral
2026-01-04 15:37:16.250965,Cobalt,448.54047838524843,459.5937031987831,443.234194181513,456.29031409261535,39807806.3450257,0.01727789593319746,44.748116960158455,Normal,Above MA200,Neutral
2026-01-05 15:37:16.250965,Cobalt,440.06458465281906,446.67818595478656,425.99726689200287,429.1988418597804,25797811.728226583,0.024691245721604794,62.23623370133765,Normal,Above MA200,Neutral
2026-01-06 15:37:16.250965,Cobalt,430.07714630944173,436.7397737950188,421.07634519718204,424.4298769088245,3084720.572075684,0.013130828850305839,31.457017732068806,Normal,Above MA200,Bullish
2026-01-07 15:37:16.250965,Cobalt,431.1766539698055,433.95634616498023,427.9036462381777,429.3256555780227,81862543.58786039,0.004292900310675087,68.38368590436936,Normal,Above MA200,Bullish
2026-01-08 15:37:16.250965,Cobalt,432.9119105105217,450.49726782397846,425.9290556054042,446.96589774510966,8553942.963233875,0.03246384978878154,59.308007354832284,Normal,Above MA200,Bullish
2026-01-09 15:37:16.250965,Cobalt,431.9484393014877,435.31958913401076,423.69959637248024,426.73827930474937,86479571.43765496,0.012061995188971698,66.67844452409955,Normal,Above MA200,Bearish
2026-01-10 15:37:16.250965,Cobalt,424.2232877139112,449.7393001812299,414.4048260438227,442.22896810340103,66698847.355962664,0.04244387545653218,61.35887402022358,Normal,Above MA200,Bullish
2026-01-11 15:37:16.250965,Cobalt,428.4176882515867,428.4373103786893,420.80310409249756,425.18376912219713,79733497.05572075,0.0075485191626599125,35.41978075715379,Normal,Above MA200,Neutral
2026-01-12 15:37:16.250965,Cobalt,429.4751682511147,435.69154008341445,424.9705572130699,435.3625088912292,93057177.74709402,0.013708221278749651,49.351875863311854,Normal,Above MA200,Bearish
2026-01-13 15:37:16.250965,Cobalt,432.25719927775634,441.3133927683541,422.86118070810903,440.90116684782424,40993652.04700527,0.019997278436335666,48.40468732813302,Normal,Above MA200,Neutral
2026-01-14 15:37:16.250965,Cobalt,437.95358511308126,446.7918273610502,421.7413469098896,422.7158639214487,78073072.12610468,0.03479300480597305,35.24058474601863,Normal,Above MA200,Neutral
2026-01-15 15:37:16.250965,Cobalt,435.32681380273976,442.2421646519464,425.22593043867766,425.8275866107829,52652579.35330054,0.021820909925069035,30.536378154884925,Normal,Above MA200,Neutral
2026-01-16 15:37:16.250965,Cobalt,430.63520963858815,433.5124688554401,429.10809074852324,429.93950540768606,50865484.362507015,0.0016155303034463284,37.305005210124044,Normal,Above MA200,Neutral
2026-01-17 15:37:16.250965,Cobalt,441.26675750231027,457.8641037749988,437.5621499327965,448.7273147949201,76745552.57167996,0.016907136478711022,47.31068326832775,Normal,Above MA200,Bearish
2026-01-18 15:37:16.250965,Cobalt,433.9968540211429,449.87711076308864,427.3118964069913,444.60346686345264,31674864.55857471,0.024439377253626413,33.43177139597958,Normal,Above MA200,Bullish
2026-01-19 15:37:16.250965,Cobalt,429.4932388816737,433.6289494263327,428.0336274042775,431.46390167557587,59655816.39625805,0.004588344158882324,63.422868203625946,Normal,Above MA200,Bearish
2026-01-20 15:37:16.250965,Cobalt,441.34081522706924,447.0106928805682,429.7522360386627,433.5776936755879,96806255.51124951,0.01758985637321398,42.861673295914855,Normal,Above MA200,Bearish
2026-01-21 15:37:16.250965,Cobalt,436.0899154518283,439.12889364048885,435.2691835957056,437.1225274594828,3790942.7042749934,0.002367887839333787,39.78980318547709,Normal,Above MA200,Bullish
2026-01-22 15:37:16.250965,Cobalt,435.1432821684387,442.19179064091946,431.6006588933372,434.2852940290457,91910218.50261582,0.0019717370681156124,46.32161846411266,Normal,Above MA200,Neutral
2026-01-23 15:37:16.250965,Cobalt,431.1887728589539,437.20471035682635,426.42631286941787,434.9676279401324,2069040.8465616847,0.00876380675712677,58.04045068380162,Normal,Above MA200,Neutral
2026-01-24 15:37:16.250965,Cobalt,414.0715842553491,418.3721568602943,403.75186116778576,404.128340411887,41592354.88743256,0.024013345087042465,49.27979670931468,Normal,Above MA200,Bearish
2026-01-25 15:37:16.250965,Cobalt,412.8879509502399,417.7758945733533,404.8524482111691,405.19629391651887,46626004.79169555,0.018628921032980195,56.85217694257119,Normal,Above MA200,Neutral
2026-01-26 15:37:16.250965,Cobalt,403.1869667956369,407.3454397263153,398.4342136369401,404.62877278216536,47694655.09573087,0.003576023297546767,52.86510773444662,Normal,Above MA200,Bearish
2026-01-27 15:37:16.250965,Cobalt,405.63069087931603,408.1139274308553,402.45623078179517,406.8995284072419,44860957.686880924,0.0031280609590346523,54.71252778357146,Normal,Above MA200,Neutral
2026-01-28 15:37:16.250965,Cobalt,416.2437432132063,423.52011896568047,413.98406686815275,422.17132350627276,82453264.06020087,0.014240647192215699,50.73295692159294,Normal,Above MA200,Neutral
2026-01-29 15:37:16.250965,Cobalt,394.9898329223795,398.96107166287743,386.80938339869533,387.7281761716732,86589592.81662628,0.018384414345503686,49.98265853503732,Normal,Above MA200,Neutral
2026-01-30 15:37:16.250965,Cobalt,391.08382638631633,392.8356401975309,390.75927601340516,392.1450240510222,86115032.76282163,0.002713478781547953,48.33013259060192,Normal,Above MA200,Bearish
2026-01-31 15:37:16.250965,Cobalt,395.4256886674278,401.8298292475361,393.53910110366655,394.62274434060464,75222848.93157078,0.002030582103881663,33.87274923948874,Normal,Above MA200,Bearish
2026-02-01 15:37:16.250965,Cobalt,374.4676665616526,381.4410462738228,373.2887030831838,381.0446903924756,46153853.139596574,0.017563662815572118,45.91093406124159,Normal,Above MA200,Bullish
2026-02-02 15:37:16.250965,Cobalt,387.29451193048703,392.85704432674316,380.894501630254,383.55608642628516,23581937.41233613,0.009652668419099257,66.88893272619441,Normal,Above MA200,Neutral
2026-02-03 15:37:16.250965,Cobalt,390.94110530726226,397.741460386783,389.89842624665624,396.5830839885338,26221991.046533387,0.014431786795193033,66.58104615208225,Normal,Above MA200,Neutral
2026-02-04 15:37:16.250965,Cobalt,401.33889288746946,426.25471126582954,399.52850044945376,411.68573869887393,54634271.67416052,0.025780820136725734,35.24319446818812,Normal,Above MA200,Neutral
2026-02-05 15:37:16.250965,Cobalt,395.9255429268529,402.6865630182785,391.2855830671973,392.2692037119304,73696688.90932764,0.009234916211500925,55.43758306965735,Normal,Above MA200,Neutral
2026-02-06 15:37:16.250965,Cobalt,391.6700955153234,391.8574129910046,381.6560890310559,383.8215958121074,38933282.38735345,0.020038547218902882,61.78651569591556,Normal,Above MA200,Bearish
2026-02-07 15:37:16.250965,Cobalt,390.12526332976165,392.21460679721775,375.64010931424303,378.50703810545906,51402225.13356468,0.029780755865795015,35.898156697045394,Normal,Above MA200,Neutral
2026-02-08 15:37:16.250965,Cobalt,410.649986660553,426.969220239599,409.0077974045135,424.7437308126194,89613432.10386515,0.03432057618381576,68.88213898493953,Normal,Above MA200,Bullish
2026-02-09 15:37:16.250965,Cobalt,423.3025137256753,432.72051370397344,410.84077365189694,417.036216170594,34974211.86352107,0.01480335540634701,52.463374438676325,Normal,Above MA200,Bullish
2026-02-10 15:37:16.250965,Cobalt,424.57292267796845,424.8912643096363,411.1249920575007,419.59838761327046,47870058.42581083,0.011716562218149523,54.52681442972468,Normal,Above MA200,Neutral
2026-02-11 15:37:16.250965,Cobalt,427.0149317902088,433.91160686343176,424.18139282975477,431.74485562641075,96843111.40420553,0.011076717660369245,61.182114751810474,Normal,Above MA200,Neutral
2026-02-12 15:37:16.250965,Cobalt,433.109389714876,450.84433859177875,421.1446335037728,447.15074469824,17743361.401773624,0.032419881251264555,42.89799238842598,Normal,Above MA200,Bullish
2026-02-13 15:37:16.250965,Cobalt,456.065985604075,457.0587758525976,440.2423123481628,441.94059652381446,90491353.45379904,0.030972248591508093,42.82651018945729,Normal,Above MA200,Bearish
2026-02-14 15:37:16.250965,Cobalt,459.7397226854463,464.71485483777775,452.099167764358,453.71734945343496,33350536.717349473,0.013099527699788907,59.794614338651186,Normal,Above MA200,Bullish
2026-02-15 15:37:16.250965,Cobalt,460.1808881041728,473.74824965393583,454.59058243929644,471.63550493343075,49001015.231894255,0.024891552703216274,44.19980463255767,Normal,Above MA200,Bullish
2026-02-16 15:37:16.250965,Cobalt,456.93067343562575,461.4641755205887,450.0358625244916,458.89000461009033,99267174.13958436,0.004288027239958473,56.36138724396005,Normal,Above MA200,Bullish
2026-02-17 15:37:16.250965,Cobalt,459.18563090437374,464.90590123392286,453.25418359438225,455.6349219449404,50902937.89509401,0.007732622104137215,51.79526744117574,Normal,Above MA200,Bullish
2026-02-18 15:37:16.250965,Cobalt,453.5507934573087,454.4682378510835,450.0334668668427,450.11401466627854,16910621.569907583,0.007577494826615656,69.13061854117896,Normal,Above MA200,Bullish
2026-02-19 15:37:16.250965,Cobalt,458.31279649775644,464.2222197825195,443.5281051646059,449.4086950413332,96656346.84487623,0.019428000973275947,62.064779439281345,Normal,Above MA200,Bullish
2026-02-20 15:37:16.250965,Cobalt,444.56126481063467,446.8388291258554,425.7235028725901,429.8784684940453,4090142.4735360085,0.03302761054282051,68.67462201173575,Normal,Above MA200,Neutral
2026-02-21 15:37:16.250965,Cobalt,442.0607129907855,445.40309394157396,432.34287027439944,436.12531275914955,1534455.6761840638,0.013426663028885006,56.740196046039316,Normal,Above MA200,Bearish
2026-02-22 15:37:16.250965,Cobalt,449.1124725510838,450.2937042915523,437.20110034446117,440.7519769592198,24024239.351426028,0.018615594317329925,54.307836139904325,Normal,Above MA200,Bullish
2026-02-23 15:37:16.250965,Cobalt,452.65569994917206,455.2578296965205,446.7376552494843,449.1445314329432,74540296.37010333,0.007756819402965946,56.463642638370615,Normal,Above MA200,Neutral
2026-02-24 15:37:16.250965,Cobalt,448.2149543899642,456.8969705420685,446.1887187348969,451.0208687708833,94276359.99447422,0.0062601980443468186,50.73971899768962,Normal,Above MA200,Bearish
2026-02-25 15:37:16.250965,Cobalt,445.9877451805948,451.73903912672847,442.6998287485098,442.85714237035353,35630532.09664636,0.0070194816877166555,46.99314132707602,Normal,Above MA200,Neutral
2026-02-26 15:37:16.250965,Cobalt,455.92594931618316,463.670169394138,444.5822915040636,452.96695524894847,94123359.91942526,0.006490076012722514,43.172851099300175,Normal,Above MA200,Bullish
2026-02-27 15:37:16.250965,Cobalt,444.3072724807964,448.57657501213055,439.68181995921464,442.02619011268797,71955139.99099655,0.00513401987631673,58.23961611847974,Normal,Above MA200,Neutral
2026-02-28 15:37:16.250965,Cobalt,432.7443472477749,440.61552782804455,424.18174509715413,429.23463062565924,48533359.02419894,0.008110369654594602,44.92829476420508,Normal,Above MA200,Bullish
2026-03-01 15:37:16.250965,Cobalt,423.82076716602273,425.2264931344037,418.88365252814225,425.02227062290183,11464359.784050768,0.002834932947984613,57.762893341239376,Normal,Above MA200,Bearish
2026-03-02 15:37:16.250965,Cobalt,423.7182700738476,424.81944282105957,413.19649279122075,417.14208673140615,8791069.844344506,0.015520178870963684,51.09243582569573,Normal,Above MA200,Bullish
2026-03-03 15:37:16.250965,Cobalt,410.6949066685374,416.23513788756895,409.97146573456104,412.87124463794896,43667323.22187858,0.005299159872873822,36.99146860180632,Normal,Above MA200,Bearish
2026-03-04 15:37:16.250965,Cobalt,419.84279332991105,427.0618278373403,413.66832928789387,422.16216554286694,89592050.86984646,0.005524382577964927,30.968241776901195,Normal,Above MA200,Bearish
2026-03-05 15:37:16.250965,Cobalt,410.9704863791585,425.40660618635115,407.0815728129501,417.63337421261514,3445032.4709250173,0.016212570134074025,62.410365220691475,Normal,Above MA200,Neutral
2026-03-06 15:37:16.250965,Cobalt,413.1240811156863,428.39851624608116,412.0384614187992,426.65011468657127,2819717.987748963,0.03274084999924597,57.58554078635625,Normal,Above MA200,Bullish
2026-03-07 15:37:16.250965,Cobalt,407.56554361053264,410.16375254243127,405.85365532047126,409.409174324983,57668364.87080875,0.00452351957458915,46.1807809783294,Normal,Above MA200,Bullish
2026-03-08 15:37:16.250965,Cobalt,406.9368354565057,421.03564950016215,398.4243011294246,410.280256034323,8046843.395490537,0.00821606767071502,33.580807871873695,Normal,Above MA200,Neutral
2026-03-09 15:37:16.250965,Cobalt,391.54627706513384,392.5147746808855,382.51580093473615,391.16340750045117,31178978.75637043,0.0009778398802626949,57.51640365821297,Normal,Above MA200,Neutral
2026-03-10 15:37:16.250965,Cobalt,401.1579373109339,403.4260560882318,392.84762858222086,393.8051052668291,20427193.887097705,0.018329020468578427,57.603014167551905,Normal,Above MA200,Bearish
2026-03-11 15:37:16.250965,Cobalt,391.9284934348636,395.63107408682043,386.6839593942263,388.28196456064364,55875769.8789473,0.009304066775706228,51.08593526501059,Normal,Above MA200,Neutral
2026-03-12 15:37:16.250965,Cobalt,381.6938518617468,384.35651281078043,373.2440239829554,374.28481900878893,81938967.6249151,0.019410930558141335,63.71799972556428,Normal,Above MA200,Neutral
2026-03-13 15:37:16.250965,Cobalt,404.5300202230444,407.1883284188405,391.3978853271178,394.14792994365837,28680541.83186805,0.025664573110449618,35.09632286781716,Normal,Above MA200,Bearish
2026-03-14 15:37:16.250965,Cobalt,409.85083027698533,416.0003158984958,405.3536913933926,407.6898739713595,76300051.55761611,0.005272543437731794,36.72844369734166,Normal,Above MA200,Bullish
2026-03-15 15:37:16.250965,Cobalt,419.0890899932856,423.3556388222281,414.8327027828722,422.94804700348226,44277662.39945843,0.009207963419564298,40.71494331269763,Normal,Above MA200,Neutral
2026-03-16 15:37:16.250965,Cobalt,423.4940002428207,430.5759460147801,407.980570234348,411.01128484994024,48466042.8368268,0.029475542476925715,44.69110805122837,Normal,Above MA200,Bullish
2026-03-17 15:37:16.250965,Cobalt,419.15062777560706,423.6359522925778,411.512088396555,412.19956077784104,83608482.87066849,0.016583696974652475,63.32024860804344,Normal,Above MA200,Neutral
2026-03-18 15:37:16.250965,Cobalt,406.6061425720378,417.1750144110902,396.4497427518186,414.9614781504028,50219560.79105088,0.020548965457118488,56.69662122135324,Normal,Above MA200,Bearish
2026-03-19 15:37:16.250965,Cobalt,403.7377580309965,407.1968803024971,403.6582138737452,406.30550033209715,10414271.123362219,0.006359926090696569,32.168469768239724,Normal,Above MA200,Bullish
2026-03-20 15:37:16.250965,Cobalt,394.348381467089,405.78256752276394,386.43028353794074,392.99865706428653,42668756.34716337,0.003422670071019566,68.45670311386294,Normal,Above MA200,Neutral
2026-03-21 15:37:16.250965,Cobalt,385.5353704466752,387.18975463409726,375.6096552321401,378.62367985050423,17855656.06041816,0.017927513597943492,40.86830075416372,Normal,Above MA200,Bullish
2026-03-22 15:37:16.250965,Cobalt,370.3383147868804,379.2824766986958,365.7006285768387,375.1593080139984,13383802.07380395,0.013017808405517849,35.191318628904455,Normal,Above MA200,Bearish
2026-03-23 15:37:16.250965,Cobalt,371.4371724526077,375.3273263353856,367.43076392802993,372.67256909074354,26107947.13621785,0.003325990853253902,65.34933555325547,Normal,Above MA200,Bullish
2026-03-24 15:37:16.250965,Cobalt,386.5403958957288,392.02660580595995,384.35013461103324,388.5404078511938,24681897.715387657,0.005174134389836265,61.479031975248034,Normal,Above MA200,Neutral
2026-03-25 15:37:16.250965,Cobalt,391.8979645740534,403.28947404208026,388.21530559461024,398.5668109124522,66121089.223582424,0.017016792484867843,68.36449167985175,Normal,Above MA200,Bearish
2026-03-26 15:37:16.250965,Cobalt,390.88247993554256,406.84463627322236,386.01769277233217,400.51409470875956,64407846.021079004,0.024640691940977445,40.377966842723055,Normal,Above MA200,Neutral
2026-03-27 15:37:16.250965,Cobalt,390.4930294908379,412.46747259161606,389.0052087342838,407.9597741952416,15714688.342210615,0.044729978220554974,48.2463496447929,Normal,Above MA200,Bullish
2026-03-28 15:37:16.250965,Cobalt,361.2373371241946,365.4490629150556,350.98128723046966,356.9304737546922,19995445.25604565,0.011922531053376938,32.44866632574288,Normal,Above MA200,Bearish
2026-03-29 15:37:16.250965,Cobalt,357.16893007005956,362.62761635536043,344.7768185748947,346.52703789220527,96172128.48828581,0.029795122928992883,48.35878872261395,Normal,Above MA200,Bullish
2026-03-30 15:37:16.250965,Cobalt,343.47423166550584,350.1764038104499,342.59164907899617,348.3382743104263,41483796.33991053,0.014161302934822031,56.47879357802537,Normal,Above MA200,Bullish
2026-03-31 15:37:16.250965,Cobalt,344.7644609583552,348.4179340744037,337.5061436241131,345.60969709949046,19674592.39598341,0.0024516336132377305,50.315896640135236,Normal,Above MA200,Bearish
2026-04-01 15:37:16.250965,Cobalt,342.2689447944073,351.9204260425455,341.9990595568463,350.91010385021616,35608934.382654816,0.02524669324293909,41.70685783037697,Normal,Above MA200,Bullish
2026-04-02 15:37:16.250965,Cobalt,333.92446827144227,334.2874031511306,330.8044836980447,332.06059102768756,54687697.58648683,0.005581733058984998,35.9240319450851,Normal,Above MA200,Bearish
2026-04-03 15:37:16.250965,Cobalt,334.9985675995158,340.56085188017175,322.5786734406745,330.19009620354416,73692931.02254082,0.014353707332026941,44.84424364398156,Normal,Above MA200,Bearish
2026-04-04 15:37:16.250965,Cobalt,335.9899468305284,342.6807512405663,333.2962605362352,334.6109923328906,42327380.105749786,0.004104154039862926,59.22716046113561,Normal,Above MA200,Neutral
2026-04-05 15:37:16.250965,Cobalt,350.56725782312003,357.97886391023485,342.6083637392266,342.9892194863582,38056293.34722614,0.021616503445924733,39.25256729049174,Normal,Above MA200,Bearish
2026-04-06 15:37:16.250965,Cobalt,357.1561969646017,361.54288525752014,352.7876808914591,358.18055975433214,18491549.103454214,0.002868108683081218,53.209141287965664,Normal,Above MA200,Bullish
2026-04-07 15:37:16.250965,Cobalt,359.2389243251075,364.4269400050804,358.5503723836209,362.4054884320857,60648624.99389814,0.008814646444360351,41.83290874327453,Normal,Above MA200,Bullish
2026-04-08 15:37:16.250965,Cobalt,350.14370866044436,352.1954518316547,345.83634374078144,351.850804307065,4868789.914193563,0.004875414306747089,55.541749096076536,Normal,Above MA200,Bullish
2026-04-09 15:37:16.250965,Cobalt,339.839739103605,347.2370549908672,338.9807967993478,343.7689248918445,35381478.949114785,0.011561878544879913,57.24200446921781,Normal,Above MA200,Bullish
2026-04-10 15:37:16.250965,Cobalt,345.58809644214807,348.7158986981585,342.05897528664116,342.5192563220091,75316232.41388384,0.008880051575077133,49.54419703511939,Normal,Above MA200,Bullish
2026-04-11 15:37:16.250965,Cobalt,343.6676254194447,350.88075485366437,343.1096653555265,350.6308265830685,89503294.17401849,0.020261440556483084,68.97397826096123,Normal,Above MA200,Bullish
2026-04-12 15:37:16.250965,Cobalt,346.06129210603626,351.715667010174,337.33869486928535,338.7779297132054,17307056.94735511,0.021046452056241997,57.56573427921351,Normal,Above MA200,Neutral
2026-04-13 15:37:16.250965,Cobalt,355.44914414930395,359.1614427899917,351.419286028565,355.1628312324006,2985218.268616844,0.0008054961493536754,65.6187829593556,Normal,Above MA200,Neutral
2026-04-14 15:37:16.250965,Cobalt,340.9244863491505,347.7704859736962,338.44137917264453,345.73536501814334,75577980.25604644,0.0141112734978675,58.65301373904112,Normal,Above MA200,Bullish
2026-04-15 15:37:16.250965,Cobalt,354.3346647383403,356.05805377834605,347.4007009806358,349.01859212595457,84340711.07216099,0.015002970754530576,41.96050718437384,Normal,Above MA200,Bearish
2026-04-16 15:37:16.250965,Cobalt,363.6397853025898,373.85359040681016,360.5086661233783,368.89194037866423,64637402.96604616,0.014443290553876055,57.712047945196346,Normal,Above MA200,Bullish
2026-04-17 15:37:16.250965,Cobalt,343.91916107072103,354.5332812879536,340.49409279066793,352.0970117784402,53253398.721266456,0.023778409677027462,50.70519313591869,Normal,Above MA200,Bearish
2026-04-18 15:37:16.250965,Cobalt,366.50655566666865,367.856770865583,363.771790091758,367.71315570245275,29867224.687954575,0.00329216494801663,40.67597152395088,Normal,Above MA200,Neutral
2026-04-19 15:37:16.250965,Cobalt,369.5914551725277,376.3583317563825,363.52634173703296,371.82123629382284,50425047.8449527,0.006033097059168355,40.89142642832537,Normal,Above MA200,Neutral
2026-04-20 15:37:16.250965,Cobalt,364.9979537884534,371.9491723575565,361.0065833188595,367.8103318323619,83946296.70964633,0.007705188521518457,32.894290309653066,Normal,Above MA200,Bullish
2026-04-21 15:37:16.250965,Cobalt,369.9804453475251,370.8076378505097,358.1674387419304,362.52499842558706,89858657.15186286,0.0201509215302855,40.585980199950455,Normal,Above MA200,Bullish
2026-04-22 15:37:16.250965,Cobalt,360.5976413092546,365.4172757958726,354.868779707391,359.6764210535272,5866922.086349768,0.002554704052923444,31.242275041406224,Normal,Above MA200,Neutral
2026-04-23 15:37:16.250965,Cobalt,365.8399413384467,366.64993131290726,363.3186075816944,365.8092910191642,28667474.681735206,8.37806806177128e-05,53.274610660188316,Normal,Above MA200,Neutral
2026-04-24 15:37:16.250965,Cobalt,358.223148541716,358.70863500955323,342.1398644416356,344.80282696182564,98566889.19226658,0.03746357999063674,52.162335338408425,Normal,Above MA200,Neutral
2026-04-25 15:37:16.250965,Cobalt,377.61663139211566,383.73732388484865,377.20061898171514,383.289744568155,71046008.33679892,0.015023472761580874,48.507513267513076,Normal,Above MA200,Bearish
2026-04-26 15:37:16.250965,Cobalt,378.1935346904476,380.864454576998,372.65049404658794,373.5020457070726,21656539.40268467,0.012404995202297703,56.61091344947643,Normal,Above MA200,Bearish
2026-04-27 15:37:16.250965,Cobalt,384.43120278610826,391.78580666695365,383.37134903645955,388.1682277547155,98983923.17351483,0.00972092000213228,45.09550499899105,Normal,Above MA200,Bearish
2026-04-28 15:37:16.250965,Cobalt,376.8857437914296,378.8990970669327,371.71193131409836,374.4330935103844,30961393.72304464,0.00650767592419862,56.49487439651014,Normal,Above MA200,Bullish
2026-04-29 15:37:16.250965,Cobalt,384.72331000615134,395.7883904299621,384.5322551261321,394.894283700538,56938219.97261903,0.02643711319239797,56.7873588985309,Normal,Above MA200,Bullish
2026-04-30 15:37:16.250965,Cobalt,384.6025536548674,394.1211829898007,379.8620346730778,392.3076917855096,9684046.530276468,0.02003402748479043,45.66148398406517,Normal,Above MA200,Bullish
2026-05-01 15:37:16.250965,Cobalt,371.0501529994705,385.4727887741921,368.0218086639692,379.7832646737323,11191668.325328331,0.023536202865476898,58.760912817344035,Normal,Above MA200,Bearish
2026-05-02 15:37:16.250965,Cobalt,368.7582635450577,372.98527029475935,357.7195984681368,358.0638711806836,30556244.67223423,0.02900109210181104,66.94972525066595,Normal,Above MA200,Neutral
2026-05-03 15:37:16.250965,Cobalt,387.2950480820134,387.63846620571076,376.32561948866226,387.5542526393032,4051637.251237655,0.0006692689683830998,65.1681735034153,Normal,Above MA200,Neutral
2026-05-04 15:37:16.250965,Cobalt,395.54039052279734,404.8203491283338,392.83756608140857,404.75328794481703,34851514.863897935,0.02329192578750995,66.9687373937064,Normal,Above MA200,Bullish
2026-05-05 15:37:16.250965,Cobalt,391.9025991443162,398.16925739853707,381.8490014853091,384.3733370292551,21137887.217633188,0.019212074968373734,35.87576655651731,Normal,Above MA200,Bearish
2026-05-06 15:37:16.250965,Cobalt,373.960429201736,377.00481606594036,371.657814760261,375.17026240996427,27083871.123690974,0.0032351904473175296,31.512805462081413,Normal,Above MA200,Bullish
2026-05-07 15:37:16.250965,Cobalt,365.96932509146484,372.9747583580962,365.3891257685127,371.3094893084965,23761918.715301625,0.01459183557446245,50.637835141016936,Normal,Above MA200,Bearish
2026-05-08 15:37:16.250965,Cobalt,352.4685451570549,359.3043391838298,342.9526123249957,346.032335149924,38733541.32143882,0.018260381232779302,46.47409132577988,Normal,Above MA200,Bearish
2025-08-30 15:37:16.250965,Copper,281.3276974280232,292.6957164618846,278.5741719767524,289.9966488904226,42133846.27289552,0.03081442581606212,46.11104537393332,Normal,Above MA200,Bearish
2025-08-31 15:37:16.250965,Copper,273.9701599880712,275.3222466592833,272.25197489073844,272.6281010670151,3198078.4857971813,0.0048985587376178365,42.14895406527303,Normal,Above MA200,Neutral
2025-09-01 15:37:16.250965,Copper,265.61469485320436,267.7975558019741,256.2194657355348,259.6010034767841,11211529.326957744,0.02264065766294975,67.72082838582945,Normal,Above MA200,Neutral
2025-09-02 15:37:16.250965,Copper,256.12797466277317,258.3289906036066,253.92381469056548,256.85876894229307,39110913.54111816,0.0028532388173609217,46.09178712305275,Normal,Above MA200,Neutral
2025-09-03 15:37:16.250965,Copper,257.2381236588561,263.97296037406176,250.26583632244112,254.02948837629464,6174598.088598058,0.012473404940617208,57.42154482250493,Normal,Above MA200,Neutral
2025-09-04 15:37:16.250965,Copper,255.9125397680382,258.78906372504,247.67960982717958,249.08238878097575,24790918.719370767,0.026689395499155125,56.374012123970004,Normal,Above MA200,Bullish
2025-09-05 15:37:16.250965,Copper,256.09723343841426,258.09952165251275,250.02835098326074,251.13258081790087,93676431.58247334,0.01938581121653259,50.80640892097583,Normal,Above MA200,Bearish
2025-09-06 15:37:16.250965,Copper,253.05963723419313,254.84817364698654,249.16291405603198,250.07139160350388,23842693.38400576,0.011808464057520847,44.02949193617235,Normal,Above MA200,Bullish
2025-09-07 15:37:16.250965,Copper,246.7805594413547,254.05301263641653,245.15871488692156,249.85082076510562,38347946.585853845,0.012441260894704062,56.56296484799336,Normal,Above MA200,Bearish
2025-09-08 15:37:16.250965,Copper,250.25522883920203,251.83724184178118,249.35450485427333,249.58319992094124,47291305.90137791,0.0026853741333517154,64.99757622410685,Normal,Above MA200,Neutral
2025-09-09 15:37:16.250965,Copper,236.32419701785852,238.67168680248443,220.07628486898528,226.55843098495288,32023401.75127054,0.041323597651609326,41.80435440737141,Normal,Above MA200,Bearish
2025-09-10 15:37:16.250965,Copper,231.79039123112182,234.3593090586942,230.2375795484398,233.19629779081296,34844694.57447269,0.006065422092019762,36.730417773520166,Normal,Above MA200,Bullish
2025-09-11 15:37:16.250965,Copper,236.23876118464887,237.02444259156178,230.4442241007456,232.0760440546491,21096362.359928526,0.017620804939567542,48.074761786091116,Normal,Above MA200,Bullish
2025-09-12 15:37:16.250965,Copper,231.1436401083859,244.47634722313143,230.38646690740953,242.71668080369957,44833730.72932756,0.0500686096744299,40.13011267862865,Normal,Above MA200,Bearish
2025-09-13 15:37:16.250965,Copper,233.358947123844,238.7843477723939,232.25619215208607,235.8997686194575,68056842.76207012,0.01088803976418816,30.977075317625328,Normal,Above MA200,Bullish
2025-09-14 15:37:16.250965,Copper,228.83270039271616,233.1945508297763,224.19253033712303,225.2813555224681,36631489.58532098,0.015519394143203085,56.712248799464675,Normal,Above MA200,Neutral
2025-09-15 15:37:16.250965,Copper,226.2544524457902,231.69433842029426,223.38422639215693,231.09800039361144,9474355.729454063,0.021407525445192054,37.3383153903546,Normal,Above MA200,Bearish
2025-09-16 15:37:16.250965,Copper,229.50618943926398,233.85785507307855,225.68103471624468,231.78478544126793,60875374.42255242,0.00992825512711054,49.205049160568365,Normal,Above MA200,Bullish
2025-09-17 15:37:16.250965,Copper,222.27870923910842,225.15150457021198,216.3996122900776,217.68395800647647,74477899.90299211,0.02067112612071769,50.38942040015748,Normal,Above MA200,Neutral
2025-09-18 15:37:16.250965,Copper,226.49398604646183,238.76499210776714,224.16903824378127,238.0243015616828,18750327.290744796,0.050907821953628675,39.03052299500112,Normal,Above MA200,Neutral
2025-09-19 15:37:16.250965,Copper,226.75371127794344,228.58371897933478,222.5842009801135,225.10467046425464,44686159.3382568,0.007272387315713991,30.71831455000604,Normal,Above MA200,Bullish
2025-09-20 15:37:16.250965,Copper,233.86010013132343,235.49849195854708,231.6825380007317,235.20738295870248,44258531.247286074,0.005761063245173075,61.381460747395806,Normal,Above MA200,Bullish
2025-09-21 15:37:16.250965,Copper,235.03739150358686,241.14151159956143,232.74354565393764,240.95406103118216,3007751.174563501,0.025173311743059566,49.176631945084075,Normal,Above MA200,Bearish
2025-09-22 15:37:16.250965,Copper,228.98840018698766,234.25048916595804,227.39479640265552,232.04386022686762,4992685.944099786,0.013343296155547368,38.04546170361509,Normal,Above MA200,Bearish
2025-09-23 15:37:16.250965,Copper,238.76189623013542,244.2103101765569,238.3322281965167,241.17189117487214,8787543.773111608,0.010093716722763124,36.87494810156987,Normal,Above MA200,Neutral
2025-09-24 15:37:16.250965,Copper,233.18542598958447,238.8539583642007,233.15050000434246,236.25100535501173,69925922.17600597,0.013146530716564634,38.24295119748701,Normal,Above MA200,Bearish
2025-09-25 15:37:16.250965,Copper,231.90063648953162,233.48251807950655,224.85195038943607,227.60339688076272,56303611.349752754,0.01853052097579257,66.14471479194842,Normal,Above MA200,Neutral
2025-09-26 15:37:16.250965,Copper,237.31571899241567,243.84534325821957,233.98853048027,242.185668882775,80504488.59143674,0.020520974805360245,47.27220403143648,Normal,Above MA200,Bearish
2025-09-27 15:37:16.250965,Copper,226.68289145896028,228.3484795812472,218.56107675220656,219.64303349156515,61187975.732401855,0.03105597392942045,53.031408435576466,Normal,Above MA200,Bullish
2025-09-28 15:37:16.250965,Copper,234.82562554532296,235.13795105701678,227.17161825304674,230.21247709637908,96839177.78805816,0.019644995891019163,60.119447721567404,Normal,Above MA200,Neutral
2025-09-29 15:37:16.250965,Copper,228.31625090015723,232.0495852568692,227.9919319747408,231.16147329698316,96267995.33425339,0.012461760324148644,63.3655464209434,Normal,Above MA200,Bearish
2025-09-30 15:37:16.250965,Copper,225.742784821244,228.86126936149586,221.22877471729169,221.7185457880352,32408266.4285203,0.017826656282261277,41.27718207006243,Normal,Above MA200,Bullish
2025-10-01 15:37:16.250965,Copper,227.37655837274446,242.75718773941003,224.0615877243105,237.2818346183149,65429466.32419459,0.043563313282860415,68.71449404652853,Normal,Above MA200,Bullish
2025-10-02 15:37:16.250965,Copper,227.1406710259735,233.29662006788712,226.52925167743203,231.2614912359738,16476812.400891019,0.018142150374862186,47.48134901799084,Normal,Above MA200,Bearish
2025-10-03 15:37:16.250965,Copper,231.60423235850814,240.77575953517967,227.32177469082671,235.38413292926913,28457329.410738297,0.016320515960649533,50.009259157032076,Normal,Above MA200,Neutral
2025-10-04 15:37:16.250965,Copper,222.55010217031554,223.71112660152664,215.40601368735346,221.32805446467535,17897066.094921134,0.005491112759431503,56.51625009378263,Normal,Above MA200,Bullish
2025-10-05 15:37:16.250965,Copper,226.66455001656092,230.52162327703354,224.58343316635106,226.41678611587741,60995485.24546488,0.001093086239843832,33.58527093218471,Normal,Above MA200,Neutral
2025-10-06 15:37:16.250965,Copper,231.23029408528458,233.7965792279639,229.96393066770156,232.12191966259087,7389052.500622947,0.0038560067608504403,53.106457468786544,Normal,Above MA200,Neutral
2025-10-07 15:37:16.250965,Copper,237.05157130812407,242.5622665627049,233.63628338601774,241.07554293158464,85148771.72373202,0.0169750894341474,63.8514934594584,Normal,Above MA200,Bearish
2025-10-08 15:37:16.250965,Copper,228.0604871544454,231.34163922570465,222.80399046473565,223.3070177537965,1368246.4209878598,0.02084302046338183,39.66024907424245,Normal,Above MA200,Neutral
2025-10-09 15:37:16.250965,Copper,219.75222382143073,219.99336227270211,218.13909326076794,219.7929292607845,95569034.06044702,0.00018523334438175579,65.50897591573283,Normal,Above MA200,Neutral
2025-10-10 15:37:16.250965,Copper,217.8157551530606,222.4788245432426,216.85723529553283,221.17165921840993,57611048.3470864,0.015407076788320996,40.14569897365502,Normal,Above MA200,Bearish
2025-10-11 15:37:16.250965,Copper,210.1189563555077,210.857601971086,206.60072896061294,207.1725481102371,59182619.60580617,0.014022572243722107,32.56174095459154,Normal,Above MA200,Bearish
2025-10-12 15:37:16.250965,Copper,199.91575610033186,201.04864221562877,196.49328424214107,198.58000548712425,73042930.63603574,0.006681567472536963,56.77028370318593,Normal,Above MA200,Neutral
2025-10-13 15:37:16.250965,Copper,197.73558040636493,199.05929537299255,192.47839023976616,194.38002548192281,18786269.61396129,0.016969909601226834,57.56436325947296,Normal,Above MA200,Bearish
2025-10-14 15:37:16.250965,Copper,199.05959567278708,207.90761666121807,197.1843564632365,206.23959601177984,89750812.86867024,0.03606960174276235,55.44875314677379,Normal,Above MA200,Neutral
2025-10-15 15:37:16.250965,Copper,214.89055844490923,217.89935847792756,214.08034832527434,217.7129786446466,38816024.50083165,0.01313422153193825,68.27258682363511,Normal,Above MA200,Bullish
2025-10-16 15:37:16.250965,Copper,217.99385228599397,219.81008499708943,212.54303093591187,213.89107794674865,99564815.9785471,0.018820596527019222,40.10652008685129,Normal,Above MA200,Neutral
2025-10-17 15:37:16.250965,Copper,227.90465043041635,235.6927617807052,225.7584797617499,232.07120182083997,52734709.20591914,0.018281993730951795,61.27810467888608,Normal,Above MA200,Neutral
2025-10-18 15:37:16.250965,Copper,227.6549329183146,233.36923956156505,227.46208543920588,233.03421874866015,93281257.62443002,0.023629120447285275,58.823456774825495,Normal,Above MA200,Bullish
2025-10-19 15:37:16.250965,Copper,230.81982508910343,233.0561055615491,229.3126866814928,230.9835982822224,81220026.61320992,0.0007095282784125775,35.401525467221894,Normal,Above MA200,Bullish
2025-10-20 15:37:16.250965,Copper,229.99327370044801,232.8689108414175,227.00773837200714,227.4873159344416,32294383.90614867,0.010895787192760667,46.9797133070614,Normal,Above MA200,Neutral
2025-10-21 15:37:16.250965,Copper,245.16895587215367,249.00899187385662,242.10276174220178,248.57278592017732,78909896.19523747,0.013883609512937722,34.65393799429615,Normal,Above MA200,Bearish
2025-10-22 15:37:16.250965,Copper,241.29126997986242,246.8458725965038,238.8681225081037,246.53702538242453,85862102.40509376,0.02174034478329832,31.935835277830623,Normal,Above MA200,Bullish
2025-10-23 15:37:16.250965,Copper,238.18062819888593,244.2364847358286,232.89354713902478,243.8783408047778,16519531.812330171,0.02392181366292383,47.05624225967891,Normal,Above MA200,Bearish
2025-10-24 15:37:16.250965,Copper,242.68584370199412,247.34772874293063,235.63171223854675,235.91645454856175,53459634.358840175,0.027893630094653725,45.66702386142196,Normal,Above MA200,Bullish
2025-10-25 15:37:16.250965,Copper,243.85930559344013,248.0417657183826,243.76038516813767,247.4454216252459,78947535.992561,0.014705676386139285,51.65341530805069,Normal,Above MA200,Neutral
2025-10-26 15:37:16.250965,Copper,241.46025522036075,242.8044506379832,237.81800420455608,239.8293813632975,95631134.28358343,0.006754212429597958,59.3643432492361,Normal,Above MA200,Bullish
2025-10-27 15:37:16.250965,Copper,246.89212591620327,257.72843937833375,245.48910369433497,255.53129553923478,40407429.227214836,0.034991677401504974,50.545335357146044,Normal,Above MA200,Neutral
2025-10-28 15:37:16.250965,Copper,246.65939851466766,255.52604519827239,242.8102831446223,252.0433847101985,10473321.489742113,0.02182761422411676,66.58337740886991,Normal,Above MA200,Bullish
2025-10-29 15:37:16.250965,Copper,246.38679895125557,246.8482917241541,238.79473685019767,243.6002922583288,29532066.691153843,0.011309480478611376,40.2796694124379,Normal,Above MA200,Bullish
2025-10-30 15:37:16.250965,Copper,247.6909670907116,254.05621587214463,246.86883507763145,252.0106315349179,49042790.99390963,0.017439733450692503,51.68133380388808,Normal,Above MA200,Bearish
2025-10-31 15:37:16.250965,Copper,237.88282102143808,238.19301573641732,225.55831945192264,228.46010257209434,20666414.615432773,0.039610756291201706,41.22838969858376,Normal,Above MA200,Bearish
2025-11-01 15:37:16.250965,Copper,228.8714137004641,229.33949236734182,226.7644421681439,227.89318817498017,18109185.094188776,0.004274127160171128,43.78023573576253,Normal,Above MA200,Bearish
2025-11-02 15:37:16.250965,Copper,235.01886986933192,237.0794648182495,231.94490608739767,232.780935306929,77821708.13170898,0.009522361177411825,61.90169915946639,Normal,Above MA200,Neutral
2025-11-03 15:37:16.250965,Copper,231.18999048866692,234.72282796137557,230.1578446283858,232.61021056034508,1944356.4485289494,0.006143086336377293,46.115601242001944,Normal,Above MA200,Neutral
2025-11-04 15:37:16.250965,Copper,230.43802077212186,234.3573199041938,224.73419145583304,224.73555414182593,75528090.45658998,0.024746205557524024,62.93074612459088,Normal,Above MA200,Bullish
2025-11-05 15:37:16.250965,Copper,239.5579359928331,243.57721449960067,237.11603543272176,239.08420108571428,25736879.060535006,0.001977537939436091,55.61003659809105,Normal,Above MA200,Bullish
2025-11-06 15:37:16.250965,Copper,239.0609597167844,243.4240066468386,236.1876103324432,243.02508240131021,3019759.4581324277,0.016582057937114116,54.179559290338375,Normal,Above MA200,Bullish
2025-11-07 15:37:16.250965,Copper,237.87270229690267,240.93220540690305,235.94854441395884,237.9383001790898,43618864.75971949,0.0002757688526414364,48.68965377635348,Normal,Above MA200,Bearish
2025-11-08 15:37:16.250965,Copper,242.9408961892458,244.63620891600087,233.8252022155099,235.08900617116137,46245371.26706992,0.03232016569152678,54.26048901292876,Normal,Above MA200,Neutral
2025-11-09 15:37:16.250965,Copper,239.55712381102552,245.35654124542012,235.94351881443544,242.23058932308516,42394937.61412218,0.01116003343807304,51.865025837729846,Normal,Above MA200,Bullish
2025-11-10 15:37:16.250965,Copper,246.36086340259615,250.48215594838086,232.77563104932622,234.80429282409196,72141770.32832937,0.04690911705248722,38.549467519276426,Normal,Above MA200,Neutral
2025-11-11 15:37:16.250965,Copper,251.3129985209178,253.845433932171,250.69920801640998,250.7021441802335,44635814.34221759,0.0024306515949412,49.15882245813886,Normal,Above MA200,Neutral
2025-11-12 15:37:16.250965,Copper,261.6653202731441,264.7432571802665,260.45689910802776,264.42297949871295,1811633.7919652571,0.010538879293175754,65.95261499225387,Normal,Above MA200,Neutral
2025-11-13 15:37:16.250965,Copper,257.7607561633222,262.8954448592213,252.98565094560044,257.71181909467424,70996085.76296555,0.00018985461315499486,37.099273399640474,Normal,Above MA200,Neutral
2025-11-14 15:37:16.250965,Copper,265.49233279696307,269.9351641404696,264.13324923994963,265.8800660001957,17866357.827371582,0.0014604308875811045,49.988226933386215,Normal,Above MA200,Neutral
2025-11-15 15:37:16.250965,Copper,268.6262647973098,269.7130601729685,263.7211566921068,268.92418843351857,15239612.628040778,0.0011090636890386484,30.369663536220575,Normal,Above MA200,Bullish
2025-11-16 15:37:16.250965,Copper,261.1300235235579,271.96890991774956,256.40471709212096,269.52917252766525,31633814.62597884,0.0321646239324512,54.24809014441328,Normal,Above MA200,Bullish
2025-11-17 15:37:16.250965,Copper,246.44611037578372,251.0573006596659,239.40747966189673,241.4620417562693,27116801.4196894,0.02022376661540596,30.482797412024716,Normal,Above MA200,Bearish
2025-11-18 15:37:16.250965,Copper,241.93248899168094,247.5792485871291,233.5763993654654,236.531736555357,78656403.54520217,0.022323386407642157,55.92586972195912,Normal,Above MA200,Bullish
2025-11-19 15:37:16.250965,Copper,243.58600135377918,246.2252924770085,234.87979367529314,236.4424350397974,64132582.253150955,0.029326670146395693,50.24332382962044,Normal,Above MA200,Bearish
2025-11-20 15:37:16.250965,Copper,246.05963103368254,250.60286602333002,237.34103459204434,242.0201548472164,88451620.4011883,0.016416655464760954,49.82868040313102,Normal,Above MA200,Bullish
2025-11-21 15:37:16.250965,Copper,245.72546990997947,249.86712527958787,243.1401754764987,247.01184666998907,72940376.45656304,0.0052350159732357515,67.70410801938988,Normal,Above MA200,Neutral
2025-11-22 15:37:16.250965,Copper,245.44193938854187,246.55918840859803,235.6221361223049,238.83991625074103,18432839.506441537,0.02689851275722546,59.73331654262627,Normal,Above MA200,Bullish
2025-11-23 15:37:16.250965,Copper,244.7293230982021,244.84556327495272,239.84920630675686,240.35454264727656,8918265.796878725,0.017875996204876753,33.59303010288336,Normal,Above MA200,Bullish
2025-11-24 15:37:16.250965,Copper,250.5618630926864,251.81257293998942,244.25512650639678,246.5874140459957,73673279.56958193,0.01586214676740529,31.231007130366404,Normal,Above MA200,Bullish
2025-11-25 15:37:16.250965,Copper,242.4382421453377,245.4553532181852,237.64336719828586,238.7171820469742,25891585.066558883,0.01534848654830953,36.942885766057586,Normal,Above MA200,Neutral
2025-11-26 15:37:16.250965,Copper,243.95568330587238,245.38342715549504,234.667295050167,238.0803677373193,42346261.58100157,0.024083536357653035,59.46607500899152,Normal,Above MA200,Bearish
2025-11-27 15:37:16.250965,Copper,239.30222132877367,239.96265835083614,231.2141413496463,236.03457598399586,89965253.90180922,0.013654889313745387,36.57570737313657,Normal,Above MA200,Bearish
2025-11-28 15:37:16.250965,Copper,234.1748462633285,239.4153019787317,232.87735885050472,235.45359073534513,53990020.7283016,0.005460639741719602,58.191823997011824,Normal,Above MA200,Bearish
2025-11-29 15:37:16.250965,Copper,240.8275788278575,241.62085887630062,239.40340357175387,240.7965895365584,77387297.58231358,0.00012867833264754825,44.04975329133313,Normal,Above MA200,Bearish
2025-11-30 15:37:16.250965,Copper,235.26626585738245,237.16333165391876,231.40479322752685,233.2634476521749,47703874.629696555,0.008512985055076522,49.83277890594157,Normal,Above MA200,Neutral
2025-12-01 15:37:16.250965,Copper,234.4771539889336,243.63520896114252,234.31935583909868,243.43428952254462,34811081.466715015,0.038200461670708376,68.58491422468072,Normal,Above MA200,Bearish
2025-12-02 15:37:16.250965,Copper,245.55437515251356,248.74427926489403,229.5833962610305,238.39599482813327,16625241.89193118,0.02915191521199425,60.57296000826815,Normal,Above MA200,Bearish
2025-12-03 15:37:16.250965,Copper,250.2945188864255,251.31665886861634,250.27032936959608,250.6962344546748,68978391.91204968,0.0016049714953269825,63.654270852207944,Normal,Above MA200,Bearish
2025-12-04 15:37:16.250965,Copper,247.72121743532904,252.0755179404259,246.6068932866777,248.32903493273767,60929019.16647881,0.0024536351940355155,33.48328198365714,Normal,Above MA200,Bearish
2025-12-05 15:37:16.250965,Copper,245.61508412454197,248.78856274027083,237.97179299673795,241.0686564090377,71222115.18554486,0.01851037663956736,53.447294163533655,Normal,Above MA200,Neutral
2025-12-06 15:37:16.250965,Copper,238.67405322659374,240.81762624680678,229.07617004188313,229.92178679693797,65379400.43327726,0.036670372465441414,43.16022918648932,Normal,Above MA200,Bearish
2025-12-07 15:37:16.250965,Copper,246.03047230261464,250.2128066678205,243.19795007448627,249.51196741055423,7094111.082399928,0.014150666278677112,56.2166278721142,Normal,Above MA200,Bearish
2025-12-08 15:37:16.250965,Copper,251.7506544788063,255.3005154363451,251.7406819281529,255.25464743404797,58838254.09434009,0.013918505842600168,66.80787944297096,Normal,Above MA200,Bullish
2025-12-09 15:37:16.250965,Copper,255.6340608843339,259.0697033694587,250.14146074860844,252.63576058294618,56422654.09939621,0.011728876390788786,30.334626399365767,Normal,Above MA200,Bearish
2025-12-10 15:37:16.250965,Copper,260.14092938706494,262.5856903905879,258.6361188722361,261.18189333363176,92091267.51894024,0.004001538508452042,48.81184890766299,Normal,Above MA200,Neutral
2025-12-11 15:37:16.250965,Copper,255.76023630776535,256.07412547741313,255.35187223439277,255.38941312233342,42587157.229964264,0.0014498859978597585,54.31830810734437,Normal,Above MA200,Bearish
2025-12-12 15:37:16.250965,Copper,247.00527972797352,253.45294148931248,246.26501588265222,247.58129464176272,61946815.271629535,0.0023319943380302748,30.510259188297223,Normal,Above MA200,Bearish
2025-12-13 15:37:16.250965,Copper,250.17568326583716,252.63909643056238,248.93549876313995,251.5178554008616,45752333.88140036,0.005364918434531628,57.673875197838726,Normal,Above MA200,Bearish
2025-12-14 15:37:16.250965,Copper,255.20134582103827,256.9155863153846,250.63038388899685,253.81361523090598,58927044.431785345,0.005437787115376071,47.71656392167854,Normal,Above MA200,Bullish
2025-12-15 15:37:16.250965,Copper,264.2907642816896,264.5420293088678,259.1664146465976,261.38347759331384,36264920.40813305,0.01100033403088219,30.290912307760372,Normal,Above MA200,Bearish
2025-12-16 15:37:16.250965,Copper,263.1545339726155,266.109300168375,256.81211476354747,257.542456551828,83346744.71833077,0.02132616655341949,69.21883191132284,Normal,Above MA200,Neutral
2025-12-17 15:37:16.250965,Copper,261.19331684938317,261.3852286812785,252.0254379540262,258.6129822020341,6136325.68180523,0.009879022474518363,67.68934877964665,Normal,Above MA200,Bullish
2025-12-18 15:37:16.250965,Copper,259.8400667266237,261.2102285858091,258.89651679279183,259.03215353306973,75788289.97904253,0.0031092710363408915,54.26878319128928,Normal,Above MA200,Neutral
2025-12-19 15:37:16.250965,Copper,263.63377811862557,265.08269524669413,261.61975152018414,264.0662113110216,12046649.000190899,0.0016402799196751695,35.90985297751844,Normal,Above MA200,Bearish
2025-12-20 15:37:16.250965,Copper,262.0382877321788,268.59073272935166,261.22841585747153,266.6387214405409,9296611.750411019,0.017556341663566687,49.315777463943945,Normal,Above MA200,Bullish
2025-12-21 15:37:16.250965,Copper,261.742824679002,264.07893620967116,260.878253959525,263.8881914118231,73763314.19135965,0.00819646817616536,34.419345118722596,Normal,Above MA200,Bullish
2025-12-22 15:37:16.250965,Copper,266.44324039854223,268.1931283763492,265.5584230386342,267.04266158435786,59838841.65873298,0.002249714366628377,53.74442177785657,Normal,Above MA200,Bearish
2025-12-23 15:37:16.250965,Copper,262.9035257390676,265.6796721504262,260.3046234033322,264.6022409204729,11720646.291808765,0.006461363257224951,46.835089989728246,Normal,Above MA200,Neutral
2025-12-24 15:37:16.250965,Copper,270.77186014992446,276.1983947423604,266.4250079486097,273.5116236754977,9712596.723633774,0.01011834658171715,65.74138333993747,Normal,Above MA200,Bullish
2025-12-25 15:37:16.250965,Copper,274.35259677123577,282.1879366718997,269.06731761920076,281.09583431740003,39616540.509015195,0.0245787268847578,64.54308012556584,Normal,Above MA200,Bearish
2025-12-26 15:37:16.250965,Copper,263.8459379302128,265.9633701159853,259.1849295174618,260.6791386345694,98721154.03659105,0.012002456132112267,52.275223605918626,Normal,Above MA200,Bullish
2025-12-27 15:37:16.250965,Copper,260.9311066456701,263.01327230820925,256.90415044853506,258.33820968978796,1527094.8665353614,0.009937094082857452,52.59276651545584,Normal,Above MA200,Bullish
2025-12-28 15:37:16.250965,Copper,249.4814671569831,250.25621583635663,239.59883290206318,242.3629679670713,20011331.58378812,0.028533178319945316,55.53367002324359,Normal,Above MA200,Neutral
2025-12-29 15:37:16.250965,Copper,248.36905307941606,248.44354948603666,244.59817243656144,245.2304485734401,66490908.09047131,0.01263685820379728,53.6765761767628,Normal,Above MA200,Neutral
2025-12-30 15:37:16.250965,Copper,245.55061712699705,248.72079022331044,239.38013981951178,244.06838703137663,61163202.0713608,0.006036352557215604,45.75911315668974,Normal,Above MA200,Bullish
2025-12-31 15:37:16.250965,Copper,250.2725361228233,257.02615732464733,245.06501403979195,252.96450899881145,33545852.84661105,0.010756165729135403,58.817348089031114,Normal,Above MA200,Neutral
2026-01-01 15:37:16.250965,Copper,245.2895169428295,247.11216056675482,236.68349408545185,238.5197066143016,46106021.02271722,0.02759926479086237,54.47616339069297,Normal,Above MA200,Neutral
2026-01-02 15:37:16.250965,Copper,247.48253704699133,252.52688265306168,247.0952828666572,251.12379415487896,81980492.33664332,0.014713188054946561,53.50777878125249,Normal,Above MA200,Bullish
2026-01-03 15:37:16.250965,Copper,250.6999258242352,260.49095431024773,245.55220695045023,257.6672261937089,10562279.56695869,0.027791393820987727,68.07062064569307,Normal,Above MA200,Bullish
2026-01-04 15:37:16.250965,Copper,252.1546138942028,261.59534141053075,251.6515469655302,257.0473074608299,44168781.4992862,0.019403545670117806,55.20138310169753,Normal,Above MA200,Bullish
2026-01-05 15:37:16.250965,Copper,258.60312621210437,260.6353818634258,241.2521611369858,246.27199458361204,91531307.43721318,0.04768361391879858,33.60454531736578,Normal,Above MA200,Bearish
2026-01-06 15:37:16.250965,Copper,270.301319587683,270.57877180582346,266.6488685862058,267.4453104406995,27983217.13272465,0.010566019993317279,64.86182722832505,Normal,Above MA200,Neutral
2026-01-07 15:37:16.250965,Copper,270.93446059794303,271.1487256067712,265.80514295779875,265.86422275380187,80988603.23681498,0.018713890558444697,44.72342550664857,Normal,Above MA200,Bullish
2026-01-08 15:37:16.250965,Copper,273.2261464707735,280.20621738776396,268.96058097379733,279.1777669991071,3152144.968307028,0.021782763491744614,50.822821771966936,Normal,Above MA200,Bearish
2026-01-09 15:37:16.250965,Copper,268.2473206042598,270.0908193336074,262.6154849664663,263.76494550934336,97630988.01715852,0.016709859710133827,40.27326298268235,Normal,Above MA200,Bullish
2026-01-10 15:37:16.250965,Copper,262.48092001503875,262.7011463976551,257.09962902409865,258.08987925474446,57560681.527877174,0.01672899028258017,68.1249845003186,Normal,Above MA200,Bearish
2026-01-11 15:37:16.250965,Copper,268.3282363422898,269.57049507970027,265.8464091922428,267.2377731034314,71401822.2823059,0.004063915351299141,41.82553327118545,Normal,Above MA200,Neutral
2026-01-12 15:37:16.250965,Copper,273.42724352357436,274.8709230232574,268.85011152855355,272.5377355784819,50933689.72557791,0.003253179652582081,48.57326979180611,Normal,Above MA200,Bearish
2026-01-13 15:37:16.250965,Copper,267.6037375918513,269.7133022371765,265.01195169362404,269.28124302257964,27357115.95726234,0.006268617343778892,50.58107746328962,Normal,Above MA200,Neutral
2026-01-14 15:37:16.250965,Copper,260.2044727947941,266.1734114018646,257.5412072586869,258.3229639261141,74337206.84890658,0.007230885958535661,61.36748716928318,Normal,Above MA200,Neutral
2026-01-15 15:37:16.250965,Copper,256.535232597556,264.05277821250854,254.847159504356,261.8128645638805,44670500.245735034,0.020572737369778438,59.344873171517875,Normal,Above MA200,Bullish
2026-01-16 15:37:16.250965,Copper,255.7356021084134,260.4716190045233,255.5891412784675,259.7644447864717,23362259.88042401,0.015753937444933284,54.48634635772916,Normal,Above MA200,Bearish
2026-01-17 15:37:16.250965,Copper,253.42159270902758,256.7467491416355,251.23199777214487,254.55770543724074,81615797.3834872,0.004483093630926868,50.786715858637194,Normal,Above MA200,Bearish
2026-01-18 15:37:16.250965,Copper,254.32946105084162,257.82550247921324,252.91874692986516,253.83173105180916,33107052.723682478,0.001957028481780778,58.646581527104445,Normal,Above MA200,Bearish
2026-01-19 15:37:16.250965,Copper,259.51634517626826,263.0571312020436,258.7235252017608,262.5332735643781,49814594.26896983,0.01162519603942731,40.624378306656595,Normal,Above MA200,Bearish
2026-01-20 15:37:16.250965,Copper,262.12999673667605,276.051406121406,257.5697279801642,269.298752721306,46642323.24168339,0.027348094738777175,43.03560573574571,Normal,Above MA200,Bearish
2026-01-21 15:37:16.250965,Copper,265.1622845629457,277.36722115568085,260.8913065872616,274.198759306854,40375168.586649515,0.034079034877839844,47.12454278988967,Normal,Above MA200,Neutral
2026-01-22 15:37:16.250965,Copper,251.2964520427972,253.5562490509876,249.12632785643112,252.96431869090122,96214485.35620141,0.006637048133970308,46.63144248276732,Normal,Above MA200,Neutral
2026-01-23 15:37:16.250965,Copper,242.1682543004468,244.480768787097,241.61126056800813,244.07243828131766,69271193.88104038,0.007863061929283531,57.16988005297098,Normal,Above MA200,Bearish
2026-01-24 15:37:16.250965,Copper,237.66351322071458,238.33189548876922,226.4803329847518,229.90499645422457,66436408.244317904,0.03264496371929329,42.91604274311604,Normal,Above MA200,Bullish
2026-01-25 15:37:16.250965,Copper,234.09236551120802,237.0841855715206,228.52320609156374,236.67159106087925,4104795.311654252,0.011017982342306483,36.81076548514377,Normal,Above MA200,Bearish
2026-01-26 15:37:16.250965,Copper,238.8424121071241,247.18452626183188,236.24625419229747,242.88487097900054,41309265.54824537,0.016925213726544236,46.367865751425995,Normal,Above MA200,Bearish
2026-01-27 15:37:16.250965,Copper,233.87136616293597,235.14335279895673,228.49255459577242,231.08127240688316,64444559.505144395,0.011930035736435455,42.41592381183379,Normal,Above MA200,Bullish
2026-01-28 15:37:16.250965,Copper,237.6434934201637,240.2996091780889,236.06966853373103,239.9141871794864,66289515.754333846,0.009555042835984566,46.07174681333455,Normal,Above MA200,Bullish
2026-01-29 15:37:16.250965,Copper,233.20295372035622,234.7540681624505,223.8932383778677,227.98973540044386,53955504.55188178,0.022354855445629367,43.940365991283414,Normal,Above MA200,Bullish
2026-01-30 15:37:16.250965,Copper,226.4107802722922,228.66788509976502,224.1964014450767,226.30754101440726,85685408.04832451,0.0004559820771819376,31.275391808343684,Normal,Above MA200,Neutral
2026-01-31 15:37:16.250965,Copper,219.88123999634476,229.656456730565,214.93220778746124,225.93307337764062,93530543.31801483,0.027523191070763838,30.34276843242963,Normal,Above MA200,Neutral
2026-02-01 15:37:16.250965,Copper,232.653942475176,242.5809428480777,229.23130889428117,238.0173204067474,12280581.67500981,0.023053028349793135,57.04567154405829,Normal,Above MA200,Bearish
2026-02-02 15:37:16.250965,Copper,228.08750509267333,229.1980755923474,226.42680668184406,229.15484576946344,98439830.96336326,0.00467952278383872,63.27032563208988,Normal,Above MA200,Neutral
2026-02-03 15:37:16.250965,Copper,231.9957125879704,233.6641530601911,223.00802277931442,227.14147933758426,94617338.0971507,0.020923805859323633,47.717484869377444,Normal,Above MA200,Bearish
2026-02-04 15:37:16.250965,Copper,223.1825787061525,225.75057880605468,220.63084358416435,223.36035071343628,70380978.30122925,0.0007965317378908031,67.07226836440162,Normal,Above MA200,Neutral
2026-02-05 15:37:16.250965,Copper,231.20800797360883,233.13544439248167,229.34652869948877,229.73534521450932,94257153.2415033,0.0063694279969213185,32.57276892774334,Normal,Above MA200,Neutral
2026-02-06 15:37:16.250965,Copper,233.18217652812513,243.13061661745755,231.9925186383803,239.05160586999892,25449359.19202027,0.025171003329947362,61.595429518073715,Normal,Above MA200,Bearish
2026-02-07 15:37:16.250965,Copper,234.73179460330687,240.21964612283372,224.18242313303838,225.789116147288,29847054.21605248,0.03809743145845173,62.909459441737255,Normal,Above MA200,Neutral
2026-02-08 15:37:16.250965,Copper,237.07239226608405,238.7497798437394,235.72119319549645,236.33161095442173,73944866.35114032,0.0031247050935853914,49.03768870190896,Normal,Above MA200,Neutral
2026-02-09 15:37:16.250965,Copper,240.03612245435855,246.1228470953946,238.30405665352782,244.2303949426889,6511608.680443582,0.017473505426783543,61.90069626783544,Normal,Above MA200,Bearish
2026-02-10 15:37:16.250965,Copper,244.61218795118904,247.4494878978373,236.77369160875543,237.3201212469584,2466077.252129889,0.029810725153587767,63.64179930050241,Normal,Above MA200,Neutral
2026-02-11 15:37:16.250965,Copper,241.22370696306865,241.39106403163254,231.92341470251688,236.39605590401223,91573728.8620289,0.02001317001481746,49.567860719224626,Normal,Above MA200,Bearish
2026-02-12 15:37:16.250965,Copper,237.50440295051166,242.86130384320074,236.69111996423806,238.74510812061158,71980552.08180128,0.005223924923860981,65.06736853842594,Normal,Above MA200,Bullish
2026-02-13 15:37:16.250965,Copper,237.78281205370234,245.0655691100096,235.11607969060546,243.32455035534358,24977393.309301075,0.02330588259840087,36.76230996534823,Normal,Above MA200,Bullish
2026-02-14 15:37:16.250965,Copper,241.65391946199716,243.731367791332,236.54350934895962,237.38723169231633,33748704.483323276,0.017656191048669518,37.146512213564115,Normal,Above MA200,Bullish
2026-02-15 15:37:16.250965,Copper,241.27691764715172,248.55126804024303,241.0509320766622,248.44721820869808,28733277.758762594,0.029718137281711948,35.840676223684326,Normal,Above MA200,Bearish
2026-02-16 15:37:16.250965,Copper,245.65408810730307,251.73850421050918,243.75506108297915,249.0436421623053,8584465.66185021,0.013798077129991319,62.42065946345488,Normal,Above MA200,Bullish
2026-02-17 15:37:16.250965,Copper,249.1485585027947,254.39797431276355,248.8553921155521,252.79191348325872,72429666.20449895,0.014623223198070943,33.52506278002231,Normal,Above MA200,Bearish
2026-02-18 15:37:16.250965,Copper,247.9213062501535,252.58909977492237,246.19647707299117,250.05978212365744,63022078.35710498,0.008625623613592136,61.80866346121531,Normal,Above MA200,Bullish
2026-02-19 15:37:16.250965,Copper,238.03929719705894,253.5969049124839,232.6297674222139,249.15381761005685,56942305.35653042,0.046691956092429605,67.94819672956723,Normal,Above MA200,Bullish
2026-02-20 15:37:16.250965,Copper,235.1913549126144,235.235043929731,232.85416042971804,234.89059316656974,3611978.182548296,0.0012787959240950636,61.64788648338793,Normal,Above MA200,Bullish
2026-02-21 15:37:16.250965,Copper,245.0485753135417,245.5423915452703,242.08183457085343,245.4980858859058,75055439.19481727,0.001834373335119216,35.55839620995665,Normal,Above MA200,Bearish
2026-02-22 15:37:16.250965,Copper,246.97194474599198,252.19788787802017,243.24731313650642,252.15315319071087,35412381.63140644,0.020978935279663803,58.51087174067618,Normal,Above MA200,Bullish
2026-02-23 15:37:16.250965,Copper,243.35466415874282,245.45409682433257,235.16437068284512,240.1180340876162,10893255.828386554,0.013300053575366561,62.200707729385115,Normal,Above MA200,Bullish
2026-02-24 15:37:16.250965,Copper,244.7723436204667,245.9278853402645,242.466015888873,244.0524031382119,50388409.294234216,0.002941265633224998,69.56742299459134,Normal,Above MA200,Neutral
2026-02-25 15:37:16.250965,Copper,248.59942664831115,250.4879694148459,240.06477366631913,241.66859849213768,34433366.69769822,0.027879501773664196,62.38697032352293,Normal,Above MA200,Neutral
2026-02-26 15:37:16.250965,Copper,244.98488650513715,249.3851287731455,242.22763051116954,248.80266888004297,37536559.7748386,0.01558374652970989,58.88389785071523,Normal,Above MA200,Bullish
2026-02-27 15:37:16.250965,Copper,251.97218892212345,256.67855567855696,250.03085359189808,252.4689261244593,35041503.97871535,0.001971396940514716,57.7552275483329,Normal,Above MA200,Neutral
2026-02-28 15:37:16.250965,Copper,254.77584533844254,258.73341802680136,253.31739297058564,257.1669229558205,65468573.497439295,0.009385024762460071,64.25140512187049,Normal,Above MA200,Neutral
2026-03-01 15:37:16.250965,Copper,248.55478703760215,252.67270842345474,247.70436537627415,250.55339952583807,20963865.91542233,0.008040933397647998,33.12968394320091,Normal,Above MA200,Bearish
2026-03-02 15:37:16.250965,Copper,253.3983747290511,267.74826278141103,251.9614305450597,266.6754305758025,19673431.38522048,0.05239597870723539,34.538945505097566,Normal,Above MA200,Bullish
2026-03-03 15:37:16.250965,Copper,251.08161100301822,254.36519747111092,246.37157772652435,247.22476050337292,29200414.98445075,0.015360943735536856,50.206560731732594,Normal,Above MA200,Neutral
2026-03-04 15:37:16.250965,Copper,250.06845350061238,251.8868693094853,244.54830555691873,247.0960951500885,63636908.098947786,0.011886178799904503,64.515171363969,Normal,Above MA200,Bullish
2026-03-05 15:37:16.250965,Copper,244.32215830793177,254.66194868664454,240.5804062385901,254.5641850025429,56848567.43243765,0.04192017116066327,56.157254400684806,Normal,Above MA200,Neutral
2026-03-06 15:37:16.250965,Copper,247.893604452388,249.62753158587353,241.4431311052474,246.05671264470624,53952402.82011677,0.007410000801511418,65.06392475340076,Normal,Above MA200,Neutral
2026-03-07 15:37:16.250965,Copper,247.05162621125714,256.01757951201404,243.938505119431,252.90669307728814,7979990.601257474,0.02369977059379573,53.2015395160369,Normal,Above MA200,Neutral
2026-03-08 15:37:16.250965,Copper,250.86237979080715,257.1339930528555,250.8124120278335,254.8110910589549,49345156.387429126,0.01574054775148255,30.902787862937707,Normal,Above MA200,Bearish
2026-03-09 15:37:16.250965,Copper,247.74603628240226,248.67990058882532,245.67277353469854,246.54258454653151,2091816.4014144838,0.004857602381573261,42.48513107512424,Normal,Above MA200,Bullish
2026-03-10 15:37:16.250965,Copper,243.98253084597275,245.1871399059223,233.72699876498288,237.0583366318987,51332191.68781808,0.02837987699392024,36.2951405947547,Normal,Above MA200,Bullish
2026-03-11 15:37:16.250965,Copper,239.76070022367026,242.08298594536473,239.01720518528484,240.56333841713362,64497931.623608336,0.003347663702660937,60.805251677156775,Normal,Above MA200,Bearish
2026-03-12 15:37:16.250965,Copper,242.00064897036452,257.56341028477834,241.78002146377747,250.5670547616624,58716849.49211325,0.03539827611101543,46.06612503057521,Normal,Above MA200,Bearish
2026-03-13 15:37:16.250965,Copper,238.1526062722499,244.293239619886,233.25511383157232,241.93067894098573,6891731.813833462,0.015864082815943734,40.93315506663563,Normal,Above MA200,Neutral
2026-03-14 15:37:16.250965,Copper,237.0038058806313,246.42182654871152,232.89431439658233,243.44841836787472,17298097.409976102,0.02719202108716055,35.94690254784729,Normal,Above MA200,Bearish
2026-03-15 15:37:16.250965,Copper,234.07159496330246,240.79805313986336,232.19969336583927,237.23885309471143,7881368.373410039,0.013531151150166325,68.88666494962762,Normal,Above MA200,Bullish
2026-03-16 15:37:16.250965,Copper,236.56069935161895,239.35581337150816,230.7583753928105,232.00983202210992,62998237.453540266,0.019237630519280364,35.85492266355871,Normal,Above MA200,Neutral
2026-03-17 15:37:16.250965,Copper,226.7458692918674,228.11946521676444,217.70167950486353,218.14998006937182,67647220.35556513,0.0379097941203548,63.007717392227605,Normal,Above MA200,Neutral
2026-03-18 15:37:16.250965,Copper,228.14308142924392,231.0506286360323,222.3118595834973,222.52401640891625,81505032.58116166,0.02462956573184698,68.18550608025873,Normal,Above MA200,Neutral
2026-03-19 15:37:16.250965,Copper,237.9355180211105,248.5742833828858,235.5924878049214,246.193411920138,83695339.62498657,0.03470643629714338,42.6737977460132,Normal,Above MA200,Bullish
2026-03-20 15:37:16.250965,Copper,244.92645278892363,249.26959293958438,244.04403948764806,248.40373020834048,11489635.223060722,0.01419723096391523,34.48964287966354,Normal,Above MA200,Bearish
2026-03-21 15:37:16.250965,Copper,241.4386771508334,250.01953661237386,241.30870696411486,244.468883901851,30310320.230545998,0.012550626878743877,58.4169886554712,Normal,Above MA200,Bullish
2026-03-22 15:37:16.250965,Copper,244.23613323107458,249.3102304407884,243.20671081382122,246.6633959707562,43341487.01531265,0.009938180348544802,68.24078841946269,Normal,Above MA200,Bullish
2026-03-23 15:37:16.250965,Copper,245.93612451704618,247.89573472877788,229.6182966020545,230.14182525328894,95102912.9782885,0.06422114398514273,69.21657440931227,Normal,Above MA200,Bullish
2026-03-24 15:37:16.250965,Copper,254.2469716660865,259.94697503687485,250.36360126923887,250.8790465379335,29532984.8763625,0.013246667624329607,36.41236158062276,Normal,Above MA200,Neutral
2026-03-25 15:37:16.250965,Copper,240.049820361855,242.2318205052631,235.0493511219379,236.35014082176573,22655291.987305216,0.015412132092047824,39.718738338182824,Normal,Above MA200,Bullish
2026-03-26 15:37:16.250965,Copper,246.34417217730663,251.96206041581667,242.34662605169444,247.54369654624858,61428992.797761306,0.004869302806475892,67.56434793240962,Normal,Above MA200,Neutral
2026-03-27 15:37:16.250965,Copper,244.83109847577666,246.98293625533546,236.85338003917963,240.18128755731212,46986712.79990366,0.018991912985778625,69.1571858806796,Normal,Above MA200,Bearish
2026-03-28 15:37:16.250965,Copper,240.62741297388064,246.5311841753807,237.05364793272975,245.54072263217734,63790066.00677672,0.020418744471271125,60.97909677103934,Normal,Above MA200,Neutral
2026-03-29 15:37:16.250965,Copper,236.26211874680575,237.8668098250673,224.47594255534037,226.60148127264367,78867821.93509468,0.040889489713393616,36.375610629956846,Normal,Above MA200,Neutral
2026-03-30 15:37:16.250965,Copper,228.9098790192716,233.02306568568596,219.61486343825152,222.4449570417115,10702536.072223231,0.0282422148194654,58.15768329687849,Normal,Above MA200,Neutral
2026-03-31 15:37:16.250965,Copper,225.4364396671191,227.22848603313116,221.5674106625413,224.5975348504278,64882497.777032726,0.003721247629398353,63.06910593585128,Normal,Above MA200,Bearish
2026-04-01 15:37:16.250965,Copper,219.32948910654068,223.5232035580301,218.5705673442668,219.60036125174062,84031026.78920998,0.0012350010311124409,53.28722944578559,Normal,Above MA200,Bullish
2026-04-02 15:37:16.250965,Copper,220.34879320873904,224.31662972686007,218.20773721257902,221.5145052052792,2058507.0212366402,0.005290303520908572,47.56842043727498,Normal,Above MA200,Bullish
2026-04-03 15:37:16.250965,Copper,223.68546666211057,226.35426618156666,221.78797420157113,222.09954217640902,34386537.33274837,0.00708997553290836,58.71748094490278,Normal,Above MA200,Bullish
2026-04-04 15:37:16.250965,Copper,222.23429345689823,223.70421249564248,218.872830199232,219.9223521857921,95338121.04278745,0.010403170613965212,46.21615843403696,Normal,Above MA200,Neutral
2026-04-05 15:37:16.250965,Copper,230.71669284201613,233.54297207245097,226.3906981326635,229.0859707583986,51511078.73133408,0.0070680715102577705,35.11398947973868,Normal,Above MA200,Bearish
2026-04-06 15:37:16.250965,Copper,227.61483487573292,231.00522920615177,223.52279390540704,224.98032001833724,38174363.580051295,0.011574442671252027,49.91026254427585,Normal,Above MA200,Bearish
2026-04-07 15:37:16.250965,Copper,225.86791623708422,228.0994713576398,224.37114308463754,226.08690105911688,49531975.49072035,0.0009695260206979739,44.33157854495529,Normal,Above MA200,Neutral
2026-04-08 15:37:16.250965,Copper,223.192975019906,226.40881668806497,220.1478946865637,226.3449469449555,21331450.284308545,0.014122182495969538,59.48910708999307,Normal,Above MA200,Bullish
2026-04-09 15:37:16.250965,Copper,226.5787493726862,228.41733560392166,214.77061254484207,215.74986096966305,85176472.03925648,0.04779304516864174,58.2547508740123,Normal,Above MA200,Bearish
2026-04-10 15:37:16.250965,Copper,230.53552074601788,230.80255453285736,229.80800488008973,230.33455923119203,19855242.705974545,0.0008717160556236728,47.68624552451247,Normal,Above MA200,Neutral
2026-04-11 15:37:16.250965,Copper,233.3373042581192,237.41737092244188,230.70361042270682,237.278732415639,80493663.80974811,0.016891547496236625,47.08530124193565,Normal,Above MA200,Bullish
2026-04-12 15:37:16.250965,Copper,232.63534861360063,232.9351629527973,222.05458900560814,223.19083974477164,16665833.439711008,0.04059790966899007,57.814170029274784,Normal,Above MA200,Neutral
2026-04-13 15:37:16.250965,Copper,225.05281707172693,227.92972919822142,223.1207039120215,227.3576801366661,91907558.62618932,0.010241431744462891,54.120153617196465,Normal,Above MA200,Bearish
2026-04-14 15:37:16.250965,Copper,223.24606861644838,224.56601001345254,219.16948737917448,220.40832045101445,67124522.88601238,0.012711301851901318,33.73871747617774,Normal,Above MA200,Neutral
2026-04-15 15:37:16.250965,Copper,231.60639227351032,241.17809179562843,231.22934489958584,238.60119269093548,59393605.0495358,0.0302012407721666,38.02465484498611,Normal,Above MA200,Neutral
2026-04-16 15:37:16.250965,Copper,237.33724207132872,245.96649339726198,237.30081605500007,244.4575032060508,48379789.51084458,0.03000060619471675,57.96424821598791,Normal,Above MA200,Bearish
2026-04-17 15:37:16.250965,Copper,239.0003842389262,243.39278433058402,237.4169012935177,242.79043332763604,87169194.91434449,0.01585792048317792,44.36647297121675,Normal,Above MA200,Bearish
2026-04-18 15:37:16.250965,Copper,236.82593239387566,240.62338856180116,225.51416892320614,229.62015871755438,39877212.22253519,0.030426455428610163,53.10943080643368,Normal,Above MA200,Bearish
2026-04-19 15:37:16.250965,Copper,236.74890660452553,240.4053563867503,231.85462992813376,232.6357783972446,58416814.20011114,0.01737337783845252,67.92213127411561,Normal,Above MA200,Bearish
2026-04-20 15:37:16.250965,Copper,234.5996115145433,236.19790781053908,223.5681033177253,229.36240356157506,33245026.1736129,0.02232402653677701,58.86594177006943,Normal,Above MA200,Bullish
2026-04-21 15:37:16.250965,Copper,241.3474839640713,242.66488040679806,237.47208348668377,241.15709472369554,1997042.3483960335,0.000788859437225796,40.99161057687199,Normal,Above MA200,Neutral
2026-04-22 15:37:16.250965,Copper,236.60230623952862,241.45945446227623,231.2697151729181,234.0332640120818,84808526.80616643,0.010858060803710066,47.076212825452146,Normal,Above MA200,Neutral
2026-04-23 15:37:16.250965,Copper,241.82655810115506,244.38352859755315,241.25120355985828,242.11136895218218,21469291.882906403,0.001177748437820441,37.98741704672717,Normal,Above MA200,Neutral
2026-04-24 15:37:16.250965,Copper,238.83340073070468,238.84446543961153,232.3711173426858,234.43893093528843,96618038.73077469,0.018399728773159405,67.66539408293474,Normal,Above MA200,Bearish
2026-04-25 15:37:16.250965,Copper,246.30453199473237,255.0601825796873,245.4810693076826,250.02247661679203,26517766.347182855,0.015094909508766954,39.057184203506,Normal,Above MA200,Bullish
2026-04-26 15:37:16.250965,Copper,248.71836664007947,249.64193139446405,247.26079141349524,247.3007647001123,73655641.71905974,0.0056996270887327985,32.943251779587634,Normal,Above MA200,Bullish
2026-04-27 15:37:16.250965,Copper,244.47984902963603,250.9834657492009,240.08475205023782,249.0927702274607,73857603.8018071,0.018868308435782286,35.531021107112345,Normal,Above MA200,Bearish
2026-04-28 15:37:16.250965,Copper,242.73038525181767,244.32378203758017,236.49508346635363,241.21897331747084,57952679.89062025,0.006226710894801292,35.23505333830748,Normal,Above MA200,Neutral
2026-04-29 15:37:16.250965,Copper,246.75540788246957,250.83365530966879,244.05246410444911,245.78269019837086,60856658.63701694,0.0039420318786367245,57.45466426314718,Normal,Above MA200,Bullish
2026-04-30 15:37:16.250965,Copper,243.93226774427035,251.34223021005855,239.98757356806408,247.90260886955417,77052470.01294158,0.016276408045556995,47.00757534294633,Normal,Above MA200,Neutral
2026-05-01 15:37:16.250965,Copper,244.05747118794775,246.22319414563844,236.1397176324003,238.55931709311824,31372634.027900025,0.022528112202700748,31.441495099967497,Normal,Above MA200,Neutral
2026-05-02 15:37:16.250965,Copper,241.1562709619071,245.37844995407718,238.74727298156148,244.32441252993527,34809203.95772032,0.013137297053861907,61.18305795445078,Normal,Above MA200,Neutral
2026-05-03 15:37:16.250965,Copper,251.10579641727642,253.3095444707233,246.65754602197217,247.48096302299322,92601199.52403946,0.014435482756676861,35.87586275511117,Normal,Above MA200,Neutral
2026-05-04 15:37:16.250965,Copper,262.0278938877019,263.54030138038945,251.93283011951874,255.06765737905334,76328255.82316278,0.02656296016954418,69.44111712785718,Normal,Above MA200,Neutral
2026-05-05 15:37:16.250965,Copper,270.30328875445394,277.70950749004476,268.11248670259124,277.4472901248931,68450005.34944053,0.02642957621181136,51.33579566027218,Normal,Above MA200,Bearish
2026-05-06 15:37:16.250965,Copper,269.5998325160128,270.0453194142372,266.4192509124557,266.45261574750276,40511820.65618518,0.011673659954232592,54.61603018836959,Normal,Above MA200,Bullish
2026-05-07 15:37:16.250965,Copper,267.3218729641898,267.57552334482136,263.30210298790394,264.0252840837986,65064014.83643536,0.012331908511028517,31.32208779517759,Normal,Above MA200,Bullish
2026-05-08 15:37:16.250965,Copper,262.9149419783876,263.82110799839666,259.2423889585977,259.2744484908183,27190082.336378127,0.013846658771750526,50.56123277903478,Normal,Above MA200,Bearish
2025-08-30 15:37:16.250965,Aluminum,434.10555131379783,435.971086754604,413.47284434027637,422.4408098933511,54617950.81703595,0.026870749257050488,57.00757662046496,Normal,Above MA200,Bearish
2025-08-31 15:37:16.250965,Aluminum,438.33282306130445,440.62465756650965,433.12979393042633,436.32764275182757,4539091.0521206,0.004574561164442888,58.176944859099464,Normal,Above MA200,Neutral
2025-09-01 15:37:16.250965,Aluminum,434.9934059256925,438.0064835993833,418.10623816213564,423.1102790433149,91676846.86427434,0.02731794717000272,68.32491181918452,Normal,Above MA200,Neutral
2025-09-02 15:37:16.250965,Aluminum,430.3707253781746,441.1863602309902,421.97851525389024,437.37675332402233,20875906.176874176,0.016279053227171443,34.302455670817366,Normal,Above MA200,Neutral
2025-09-03 15:37:16.250965,Aluminum,413.8168019008378,414.01583711866965,405.6837935155919,409.23779587063865,55789526.55520902,0.011065297516112974,31.274270501130403,Normal,Above MA200,Bearish
2025-09-04 15:37:16.250965,Aluminum,410.95871471272517,429.5504174437089,410.169969581399,426.8448416168733,89516624.46266861,0.03865625994877144,65.52759811856748,Normal,Above MA200,Bullish
2025-09-05 15:37:16.250965,Aluminum,395.5970514547398,400.39659248198933,394.7241490830345,395.0873397901715,49965179.296277024,0.0012884617382610036,49.597270129794424,Normal,Above MA200,Bullish
2025-09-06 15:37:16.250965,Aluminum,390.024184196613,392.9226573231558,374.6748156222069,379.78842415355444,43984472.60438348,0.02624391116705381,35.244848380659995,Normal,Above MA200,Neutral
2025-09-07 15:37:16.250965,Aluminum,395.07477816719586,415.9007999963568,385.65179551304897,411.8733068954187,91632211.24061482,0.04251987131690219,35.02450814081208,Normal,Above MA200,Neutral
2025-09-08 15:37:16.250965,Aluminum,381.95613521796395,382.0543627431421,369.51241474758666,377.67624996294603,46305555.579972334,0.011205174784208074,50.75558126604326,Normal,Above MA200,Neutral
2025-09-09 15:37:16.250965,Aluminum,380.3014991450161,386.18407752130815,375.18057049442666,379.2869872529058,54671613.4213105,0.0026676515722160133,57.58542967660484,Normal,Above MA200,Neutral
2025-09-10 15:37:16.250965,Aluminum,380.87214954074665,386.247614757768,376.20215398887945,379.1800276636289,68252349.8660418,0.004442755604887713,48.82002876358729,Normal,Above MA200,Bullish
2025-09-11 15:37:16.250965,Aluminum,378.7926283872269,395.2051738086154,374.2536470926864,390.0765508801609,87595496.4483445,0.029789181856514,36.822415120260736,Normal,Above MA200,Bullish
2025-09-12 15:37:16.250965,Aluminum,374.59744704165325,382.1014091325772,373.666578164484,374.5010512707533,9489354.040199332,0.00025733162802170877,48.436830916786384,Normal,Above MA200,Bullish
2025-09-13 15:37:16.250965,Aluminum,377.43344602493966,387.36787079532166,372.39817699846196,383.6610262097716,85259971.75890791,0.016499810100084358,47.09617708910403,Normal,Above MA200,Bullish
2025-09-14 15:37:16.250965,Aluminum,381.47840641119456,388.30667264315446,376.388218621882,384.9751548829202,73106930.91017963,0.009166307746280482,49.123880752728866,Normal,Above MA200,Neutral
2025-09-15 15:37:16.250965,Aluminum,381.4917077258265,388.242899741406,376.6399625582797,384.9214898462466,70832675.40509431,0.008990449991340577,41.66310867039723,Normal,Above MA200,Bearish
2025-09-16 15:37:16.250965,Aluminum,377.7808932180104,384.7258142205398,376.2725296835793,377.8849530526153,79250340.1124158,0.00027545023179572676,37.74955732099242,Normal,Above MA200,Bullish
2025-09-17 15:37:16.250965,Aluminum,385.31769265547655,393.59702217286224,379.84379902831813,392.00727620181664,58481356.28775302,0.017361215625054275,60.92360566468448,Normal,Above MA200,Bearish
2025-09-18 15:37:16.250965,Aluminum,373.8936444909707,374.95192493075194,372.8236966330106,373.00055626801185,37130761.57915429,0.002388615682876203,40.9483966869137,Normal,Above MA200,Neutral
2025-09-19 15:37:16.250965,Aluminum,379.8846460613219,380.89946035428886,363.2369817043957,364.84358500236095,98432330.98883827,0.0395937588289182,30.796059349603112,Normal,Above MA200,Bearish
2025-09-20 15:37:16.250965,Aluminum,383.5425864007081,385.54277805414205,378.75987718789327,379.5846681478961,79507807.75313129,0.010319371024621916,66.8974244401508,Normal,Above MA200,Bullish
2025-09-21 15:37:16.250965,Aluminum,385.27724937371727,386.2310761649135,381.11347916218756,385.55793933305245,9316169.73754194,0.0007285401870769182,57.261041195466014,Normal,Above MA200,Neutral
2025-09-22 15:37:16.250965,Aluminum,385.191002967415,392.3435388680984,384.71063068348735,385.26066058346885,92694609.26566769,0.0001808391564632154,33.5375034934201,Normal,Above MA200,Neutral
2025-09-23 15:37:16.250965,Aluminum,368.7185571766769,378.9147626095471,363.8336574667827,377.0281434158731,72184300.54019886,0.02253639280546039,49.87080452508654,Normal,Above MA200,Bearish
2025-09-24 15:37:16.250965,Aluminum,380.81033699285285,387.08911865005496,380.4027503623821,384.882287855072,60768945.03597795,0.01069285801003751,62.01643449974713,Normal,Above MA200,Bearish
2025-09-25 15:37:16.250965,Aluminum,388.11996210252295,388.4698121170388,385.0002875154193,388.09664360300525,99151737.46425071,6.008064978518342e-05,58.528760203084204,Normal,Above MA200,Bearish
2025-09-26 15:37:16.250965,Aluminum,379.74075099317514,389.727809304816,376.6723574177813,388.79559343555394,15225469.118911657,0.023844800482162608,50.894930558672044,Normal,Above MA200,Bearish
2025-09-27 15:37:16.250965,Aluminum,386.35432652368127,391.6811885100773,382.19673783614724,387.90543133458533,78468688.81237711,0.004014720955399995,51.76728616925203,Normal,Above MA200,Bearish
2025-09-28 15:37:16.250965,Aluminum,388.0002011621051,391.2723823642061,380.85680440123724,384.24035040309906,80802134.37409782,0.009690331983707437,41.170611121639595,Normal,Above MA200,Bearish
2025-09-29 15:37:16.250965,Aluminum,382.9189165760112,387.53682666028715,381.8493633808707,386.54249344474096,31638676.340291828,0.009463039593685073,69.05652889536225,Normal,Above MA200,Bullish
2025-09-30 15:37:16.250965,Aluminum,393.30626128495,395.6763634185986,391.3297202612014,391.92313386441015,43283549.720867194,0.0035166676879770428,52.18774742588231,Normal,Above MA200,Bullish
2025-10-01 15:37:16.250965,Aluminum,389.55118535995996,391.9044931134706,376.3260997233744,382.51197587325447,95606516.59835425,0.01807005023024382,31.145247753426112,Normal,Above MA200,Bearish
2025-10-02 15:37:16.250965,Aluminum,401.3708100596282,406.5699201396775,397.6673522893269,404.1909434013723,55523584.80821615,0.007026254204497732,41.603690598029914,Normal,Above MA200,Bearish
2025-10-03 15:37:16.250965,Aluminum,406.02745008128437,410.8641084143966,392.2305515335018,395.05897614439266,40842068.70591566,0.027014119204738212,59.58013819624331,Normal,Above MA200,Bullish
2025-10-04 15:37:16.250965,Aluminum,414.3645516121406,424.0538742020557,411.20733721719415,422.21324556566736,90602734.65165363,0.018941518821990015,47.38430615469014,Normal,Above MA200,Bearish
2025-10-05 15:37:16.250965,Aluminum,419.41169970350126,423.08634370736047,408.1693318842811,419.7782847780055,69233743.89993224,0.0008740458951512643,34.27533500348125,Normal,Above MA200,Bullish
2025-10-06 15:37:16.250965,Aluminum,424.0548340385635,427.24883108456123,420.0202499667606,420.49790262426296,78832084.25062309,0.008387904414213224,45.07799886745089,Normal,Above MA200,Bearish
2025-10-07 15:37:16.250965,Aluminum,425.93072300554184,433.01681580297884,423.33292766091284,430.07407337888,77967117.1970877,0.00972775653303646,45.3232112533274,Normal,Above MA200,Bearish
2025-10-08 15:37:16.250965,Aluminum,419.59596990700436,425.67441138289917,417.76415634922336,420.7881866773503,37259047.59384894,0.0028413446645120196,54.06194025518825,Normal,Above MA200,Bullish
2025-10-09 15:37:16.250965,Aluminum,420.14092682504673,427.6217005708221,406.52200059614694,426.54414398669036,99753860.82052769,0.01524064130107955,49.74001456290466,Normal,Above MA200,Bearish
2025-10-10 15:37:16.250965,Aluminum,428.127936192759,432.47381137434576,424.20341380355376,430.7151991406184,44007902.67695728,0.006043200476164432,43.857313958836635,Normal,Above MA200,Neutral
2025-10-11 15:37:16.250965,Aluminum,434.3968050838086,435.5247268497639,422.65853348747345,431.71458966511256,54990922.36123052,0.006174574461196953,32.048253967613164,Normal,Above MA200,Bearish
2025-10-12 15:37:16.250965,Aluminum,438.7655917707013,448.48470014012946,431.4539177514237,444.0509916341676,42909345.97523019,0.012046067336630379,55.04717811698059,Normal,Above MA200,Bullish
2025-10-13 15:37:16.250965,Aluminum,420.4995850193726,422.8613403350014,413.44813079078915,421.27507966296815,40145096.04244106,0.0018442221377217456,62.711827239176756,Normal,Above MA200,Bearish
2025-10-14 15:37:16.250965,Aluminum,418.6411825198187,419.42013282951916,404.5272456810535,408.94260869754436,95084004.1748766,0.023166793491023026,32.89689251442739,Normal,Above MA200,Bullish
2025-10-15 15:37:16.250965,Aluminum,415.86706162032124,416.8646133868755,405.57916054522997,411.6947935336456,19553717.510393918,0.010032696675758387,47.92906328432898,Normal,Above MA200,Bearish
2025-10-16 15:37:16.250965,Aluminum,406.25137352347275,410.7179817666395,387.02416669309093,389.6565152823771,84204508.58224174,0.040848743715415005,42.94437877736283,Normal,Above MA200,Neutral
2025-10-17 15:37:16.250965,Aluminum,414.12827521132994,418.4423940177684,408.47471544903556,411.0953728291547,99937128.28707519,0.00732358200035364,56.814145586471966,Normal,Above MA200,Bullish
2025-10-18 15:37:16.250965,Aluminum,396.47624430163614,397.4538399570995,390.98056956597475,393.8760791091444,29428074.08032524,0.006558186599733575,50.029396245767934,Normal,Above MA200,Neutral
2025-10-19 15:37:16.250965,Aluminum,403.7681302903514,407.17885426952057,403.0343144319823,405.9768866401126,35021083.53609445,0.00547035831721743,36.16065301497465,Normal,Above MA200,Bearish
2025-10-20 15:37:16.250965,Aluminum,415.35340355987364,423.83002039425924,408.97135664474615,420.6671188699397,68031115.2231597,0.012793238876878764,49.03926761396882,Normal,Above MA200,Bullish
2025-10-21 15:37:16.250965,Aluminum,413.5244809553008,420.33077654141533,408.5402736334227,418.82074852093996,27681551.500611432,0.012807627624376813,35.794113090729766,Normal,Above MA200,Bearish
2025-10-22 15:37:16.250965,Aluminum,412.8765632618882,412.95911993814474,403.12246186345055,404.7407234804702,51000722.22677046,0.019705259405236375,51.01001859321953,Normal,Above MA200,Bullish
2025-10-23 15:37:16.250965,Aluminum,421.3095421917301,423.01757708950737,419.905105567565,421.4802394173059,18732809.131538555,0.00040515869801517206,34.1303523774433,Normal,Above MA200,Neutral
2025-10-24 15:37:16.250965,Aluminum,414.65373925539785,426.75215237005415,411.05366731511236,415.92091316692233,85448342.33980462,0.0030559809102407623,62.23712613661434,Normal,Above MA200,Neutral
2025-10-25 15:37:16.250965,Aluminum,420.41288443265853,426.4855382391757,417.7550403639881,418.8628535899988,50374306.14410122,0.0036869251634651192,68.34261338574787,Normal,Above MA200,Bullish
2025-10-26 15:37:16.250965,Aluminum,412.41346820062216,421.1147369496675,408.01003648989644,417.6214001804113,77179053.34424311,0.012627938661924791,39.79158076117699,Normal,Above MA200,Bearish
2025-10-27 15:37:16.250965,Aluminum,401.80258097051086,402.73000394764694,393.3877874905438,394.9428455419347,53826905.011108644,0.01707240260131533,35.646641327881184,Normal,Above MA200,Neutral
2025-10-28 15:37:16.250965,Aluminum,404.3823543520117,409.0918356459923,400.32029789181166,407.82344326060365,17488013.27078633,0.008509493234703656,51.145193501464774,Normal,Above MA200,Bullish
2025-10-29 15:37:16.250965,Aluminum,404.1497579975398,426.5859045324733,401.56791245890065,422.95931931574523,7526960.046390749,0.04654106787395378,51.27294043243221,Normal,Above MA200,Neutral
2025-10-30 15:37:16.250965,Aluminum,389.14995999150653,395.4958234883113,383.8011522361919,394.24732285643165,45846811.98216642,0.01309871100856937,50.51530410038295,Normal,Above MA200,Neutral
2025-10-31 15:37:16.250965,Aluminum,401.485419155799,402.9464710231881,389.0544496934738,396.6435588225644,44806640.0531357,0.012059865943364948,55.877868333492216,Normal,Above MA200,Bullish
2025-11-01 15:37:16.250965,Aluminum,397.870860049214,405.3158745804452,390.36368342797465,402.8434379132303,86267346.9427216,0.012497969475324633,38.956248076539225,Normal,Above MA200,Neutral
2025-11-02 15:37:16.250965,Aluminum,402.3218051086783,410.1918687294041,394.51138369850787,408.6600145180685,76660316.46438563,0.015754078772037015,53.30215348167976,Normal,Above MA200,Neutral
2025-11-03 15:37:16.250965,Aluminum,416.31213876233574,419.7737694790435,400.58165888883235,403.80438554396153,95357997.44291112,0.030044171317124703,32.165376336092834,Normal,Above MA200,Bearish
2025-11-04 15:37:16.250965,Aluminum,418.4701900847483,421.7492599642764,402.5912672750354,403.1192774566591,48425031.84178675,0.03668340778343213,34.18217832604097,Normal,Above MA200,Neutral
2025-11-05 15:37:16.250965,Aluminum,429.56785187834134,434.34496778692227,417.30606077297426,422.2526837768866,66219825.65041038,0.017029133044915226,54.92531683010739,Normal,Above MA200,Bullish
2025-11-06 15:37:16.250965,Aluminum,422.0457113006364,424.12605174027686,406.77685172476214,415.12169721897527,57996211.22778922,0.01640583921661729,53.33544929310992,Normal,Above MA200,Neutral
2025-11-07 15:37:16.250965,Aluminum,434.43062697959823,435.2522943800127,420.16666270941045,422.9707720501397,71292905.41984768,0.026379021684391258,30.80094138078826,Normal,Above MA200,Neutral
2025-11-08 15:37:16.250965,Aluminum,427.2326202461505,436.0102965035371,424.04382825219045,434.0079421797295,59439608.10380436,0.015858625049921058,55.200285417860925,Normal,Above MA200,Bearish
2025-11-09 15:37:16.250965,Aluminum,422.25470886517377,428.0326859859237,420.57565749345434,421.327163691599,23262634.088763893,0.0021966485017244253,40.86179074673757,Normal,Above MA200,Neutral
2025-11-10 15:37:16.250965,Aluminum,409.5762471149355,411.5395274789369,409.2183125800643,410.8359450206021,47755815.46855131,0.0030756126961461036,52.153443300088824,Normal,Above MA200,Bullish
2025-11-11 15:37:16.250965,Aluminum,411.9157613610439,417.02572396686503,411.48044273740794,411.82469470117996,32781131.1011722,0.00022108078497172382,38.998001755081354,Normal,Above MA200,Neutral
2025-11-12 15:37:16.250965,Aluminum,417.4147512300195,422.6600973819301,412.12948313540574,420.5984143492252,26148093.76046071,0.007627097772237818,64.3891513400893,Normal,Above MA200,Neutral
2025-11-13 15:37:16.250965,Aluminum,424.0980412227152,443.53766878486556,421.81452124245436,439.01632804659204,68334141.44825602,0.03517650489699496,32.268186054801866,Normal,Above MA200,Bullish
2025-11-14 15:37:16.250965,Aluminum,411.620730977436,416.4540794735204,400.7976328316153,401.38861405881056,96323371.08438848,0.024858118526557695,30.96681408534014,Normal,Above MA200,Bearish
2025-11-15 15:37:16.250965,Aluminum,414.8889203233296,421.64346613109814,410.36937222424797,421.1886433983016,75435748.1925499,0.015184119812268153,35.60258237435746,Normal,Above MA200,Bullish
2025-11-16 15:37:16.250965,Aluminum,418.47964479860605,431.1066758608757,412.9495933354546,429.3669444226,91212306.12932162,0.02601631825900025,67.32543473624875,Normal,Above MA200,Neutral
2025-11-17 15:37:16.250965,Aluminum,423.83782513761304,429.62096872822116,415.98199830379525,419.8795971677903,61862324.362469964,0.009339015385277618,66.1110419105818,Normal,Above MA200,Neutral
2025-11-18 15:37:16.250965,Aluminum,417.10293456427786,420.59306535074415,402.9927018742598,403.83050353230897,49384395.62875146,0.03182051702856951,53.16457079502421,Normal,Above MA200,Neutral
2025-11-19 15:37:16.250965,Aluminum,395.26739954411545,399.3777462664669,392.4344956315456,396.09794760410045,37462727.82658644,0.0021012308653406333,44.56109876858265,Normal,Above MA200,Bullish
2025-11-20 15:37:16.250965,Aluminum,401.424874448036,415.53546305538276,398.06341966440124,414.10305045439753,57615099.247801475,0.03158293572064818,65.77211573274593,Normal,Above MA200,Bullish
2025-11-21 15:37:16.250965,Aluminum,400.1538636477497,409.16880863072436,399.4251593245367,407.3630053894775,82867953.48332697,0.01801592436471857,63.777053324803475,Normal,Above MA200,Neutral
2025-11-22 15:37:16.250965,Aluminum,402.59636768527446,423.4026382326528,401.9162927212247,423.05128865960376,28190171.093980342,0.05080751496079001,59.2254768505151,Normal,Above MA200,Bearish
2025-11-23 15:37:16.250965,Aluminum,401.77179889565235,404.29128101848556,391.070052963313,391.2301346913691,88322770.41476217,0.026237939629558563,47.775752756630794,Normal,Above MA200,Bullish
2025-11-24 15:37:16.250965,Aluminum,403.8156556800498,422.75019173133273,402.9864535712561,418.7963393026604,41933853.14807488,0.03709782771394087,48.4711262312196,Normal,Above MA200,Bullish
2025-11-25 15:37:16.250965,Aluminum,410.2401837578822,412.8632842544128,406.8127013737347,409.3376293194441,18969288.200528055,0.002200063460801342,30.55926851885459,Normal,Above MA200,Neutral
2025-11-26 15:37:16.250965,Aluminum,394.05489569372753,410.1483407330816,391.6819208377972,407.95138093740354,60181787.439560466,0.035265353623412,30.594758973820788,Normal,Above MA200,Bullish
2025-11-27 15:37:16.250965,Aluminum,403.9997131199734,408.1302612407482,400.3402949765053,404.76866503070835,44505374.10599911,0.0019033476652656686,41.913893934400875,Normal,Above MA200,Bearish
2025-11-28 15:37:16.250965,Aluminum,402.41220945967626,408.6670684365969,399.81857437486195,406.8934151173797,87973203.69733755,0.011135859082706243,32.8580552243769,Normal,Above MA200,Neutral
2025-11-29 15:37:16.250965,Aluminum,416.5933391695423,419.9079854598211,406.11797712346066,411.8819266415296,19252455.56394969,0.01130938035976438,47.723037317337955,Normal,Above MA200,Bullish
2025-11-30 15:37:16.250965,Aluminum,412.58885273169795,412.9819777271716,406.7545922227043,411.1828881166937,33305705.474837672,0.0034076650537103424,59.113366503174866,Normal,Above MA200,Bearish
2025-12-01 15:37:16.250965,Aluminum,406.6482345450945,413.7869670289024,401.4073699051246,403.2376868528279,94077430.2668046,0.008386972824514744,60.48286613758903,Normal,Above MA200,Bearish
2025-12-02 15:37:16.250965,Aluminum,405.3553492578494,410.44783837487887,399.17352065591433,399.58525575884374,37211380.37733918,0.014234654876443351,67.98408588134527,Normal,Above MA200,Bearish
2025-12-03 15:37:16.250965,Aluminum,409.7130981437363,414.8156973951274,403.2662743277342,414.5972773739041,88893993.38153486,0.011920974096986996,57.75031681396301,Normal,Above MA200,Bearish
2025-12-04 15:37:16.250965,Aluminum,407.3219171160807,414.65240818812373,405.74337012342585,411.57546141964895,55730205.25314755,0.010442709132089245,31.000606075634167,Normal,Above MA200,Bearish
2025-12-05 15:37:16.250965,Aluminum,412.31178472676083,415.00590016633447,406.5332336349399,412.5154895367057,37056020.042302094,0.0004940552695574186,38.39727326693938,Normal,Above MA200,Neutral
2025-12-06 15:37:16.250965,Aluminum,408.93770231389044,413.72337511372007,402.3372411187767,408.76494517375613,5403241.691512838,0.00042245344255809595,60.0849135299451,Normal,Above MA200,Bullish
2025-12-07 15:37:16.250965,Aluminum,409.24181324420704,410.79147401929225,395.4868503892602,397.0206790350379,52034250.12172206,0.029862867902690136,40.45971614910478,Normal,Above MA200,Bearish
2025-12-08 15:37:16.250965,Aluminum,428.7349907148912,447.72244992372293,424.5719447007006,438.542029818946,65006974.779292524,0.022874361357121956,37.30606474975089,Normal,Above MA200,Bearish
2025-12-09 15:37:16.250965,Aluminum,431.84882997284814,438.2379967693095,431.8408576618474,435.5609965858098,19417372.075756587,0.008595986269535706,67.38147926564812,Normal,Above MA200,Bullish
2025-12-10 15:37:16.250965,Aluminum,435.66192619212853,438.89157438571345,424.81401976514707,427.1009692653497,59168615.44283003,0.019650459248539896,44.141954168173484,Normal,Above MA200,Bearish
2025-12-11 15:37:16.250965,Aluminum,422.8274131033422,439.8623793937142,422.723548902293,433.0937489409898,1216225.356050166,0.024280203978019943,65.54985619006567,Normal,Above MA200,Bearish
2025-12-12 15:37:16.250965,Aluminum,434.6310089226021,446.35682900703705,433.72275376104596,443.8022276533592,49889758.12454041,0.02110116062241245,42.48477861356818,Normal,Above MA200,Bullish
2025-12-13 15:37:16.250965,Aluminum,443.92602390687705,444.9818111308415,431.05424207857976,433.13165114446036,72520908.87921889,0.024315701673486505,33.40174485224284,Normal,Above MA200,Bearish
2025-12-14 15:37:16.250965,Aluminum,437.69908289609265,441.7468856536842,437.575044318189,440.7328971979365,43891823.52687929,0.006931278635016186,45.07423931936435,Normal,Above MA200,Neutral
2025-12-15 15:37:16.250965,Aluminum,446.8220568952511,461.75347559979434,444.1857026607557,456.9814932107152,67474345.09873578,0.022737096700321882,40.0972477640816,Normal,Above MA200,Bearish
2025-12-16 15:37:16.250965,Aluminum,449.69651325781314,464.8855116316273,446.46656684838183,458.6414174388699,94769749.9788702,0.019890979621468748,53.808007236217506,Normal,Above MA200,Neutral
2025-12-17 15:37:16.250965,Aluminum,450.1010614038276,451.2562661976657,425.53122246264184,427.69494375902826,37867665.93750026,0.04978019286361274,61.05565474610904,Normal,Above MA200,Bearish
2025-12-18 15:37:16.250965,Aluminum,461.3526740832274,466.36024024623725,449.01147379107204,454.9260863166195,26206323.600235283,0.013929880821387733,67.95455383579187,Normal,Above MA200,Neutral
2025-12-19 15:37:16.250965,Aluminum,456.8876212852994,459.10118172894585,446.5612940758827,449.9363203493866,72480093.19264287,0.015214465466054098,56.65880784214821,Normal,Above MA200,Bearish
2025-12-20 15:37:16.250965,Aluminum,450.59177423047,451.5404884510552,440.22535377959275,442.5272393076175,51213189.74001402,0.017897652340913926,43.720619060023864,Normal,Above MA200,Bullish
2025-12-21 15:37:16.250965,Aluminum,452.40083877395057,462.42496139075155,447.0677411453468,462.0494207087285,23665291.27780508,0.02132750673258369,34.86491562720377,Normal,Above MA200,Neutral
2025-12-22 15:37:16.250965,Aluminum,457.00473515445395,460.0539096421569,447.93054056378537,457.5753883782727,77424479.00063847,0.0012486812059526956,31.537025825562345,Normal,Above MA200,Bullish
2025-12-23 15:37:16.250965,Aluminum,465.4268773979945,478.1460981982454,458.79150981626236,477.62932472154625,55453835.35886179,0.026217753886003482,33.88658727863862,Normal,Above MA200,Neutral
2025-12-24 15:37:16.250965,Aluminum,464.1112131838398,480.7007118446661,458.733482026414,475.05913196961495,11342825.595777687,0.023588998659764143,47.97183283585018,Normal,Above MA200,Bullish
2025-12-25 15:37:16.250965,Aluminum,456.704842951363,464.77233874496534,454.3558378608723,456.55039004755605,14308677.200737668,0.0003381897656455889,62.56267623805067,Normal,Above MA200,Bearish
2025-12-26 15:37:16.250965,Aluminum,478.74314045466434,480.68599543192806,477.32576418720527,477.4039354625874,9495266.399234446,0.0027973351029218878,68.78106093296027,Normal,Above MA200,Neutral
2025-12-27 15:37:16.250965,Aluminum,469.2726825224881,471.9628664416426,454.7200156552875,460.05670448165694,84754338.91634229,0.019638854730031137,48.88791354472701,Normal,Above MA200,Bearish
2025-12-28 15:37:16.250965,Aluminum,469.7530768541281,490.3239924963649,467.52310743163355,481.630138163775,31106890.72694085,0.02528362643026409,47.98901642368425,Normal,Above MA200,Neutral
2025-12-29 15:37:16.250965,Aluminum,476.54877474778687,479.88271382978365,473.1869085438189,474.17972525176555,39341826.19385766,0.0049712634289640414,54.008101883703226,Normal,Above MA200,Neutral
2025-12-30 15:37:16.250965,Aluminum,486.58164136739225,487.257442548409,479.4467332830243,483.54197395636146,8909475.091344725,0.006246983347930545,64.2194381878383,Normal,Above MA200,Bearish
2025-12-31 15:37:16.250965,Aluminum,481.638429974451,485.7857453157996,473.89961350485913,476.1803261242496,48672405.32196087,0.011332367831385326,51.25567172553751,Normal,Above MA200,Bullish
2026-01-01 15:37:16.250965,Aluminum,465.2971654514599,468.84335078435345,449.82730300904575,461.76852236656754,79196942.63059455,0.007583633314139511,56.24959572993434,Normal,Above MA200,Bearish
2026-01-02 15:37:16.250965,Aluminum,460.15257730925356,467.9555131004601,457.8747297312372,464.0551380793873,65110973.29137892,0.0084810146950692,67.17702980106057,Normal,Above MA200,Bullish
2026-01-03 15:37:16.250965,Aluminum,467.65962629652023,470.3547471002776,445.84654197492546,457.10764915293953,28215925.410741836,0.022563369917441217,58.671908667974826,Normal,Above MA200,Bearish
2026-01-04 15:37:16.250965,Aluminum,473.21586946797356,485.40889042219334,469.53285253859985,472.2324654191684,11564672.139383102,0.002078129902766641,66.92835343488761,Normal,Above MA200,Bullish
2026-01-05 15:37:16.250965,Aluminum,479.05647077117914,489.92852820447246,477.4299295854512,488.89593403935515,21680000.37876947,0.020539255533562832,61.00584310914378,Normal,Above MA200,Bullish
2026-01-06 15:37:16.250965,Aluminum,485.259138289194,494.8770361954743,484.3228114219676,494.63368662193903,66505831.0110355,0.01931864357216523,42.44166820227936,Normal,Above MA200,Bearish
2026-01-07 15:37:16.250965,Aluminum,496.9389421518589,502.1680116577363,485.92156982308705,492.2259396891007,55144712.98543991,0.009484067483924326,37.4860877039572,Normal,Above MA200,Bullish
2026-01-08 15:37:16.250965,Aluminum,490.17651286618303,498.102887288683,478.6471500264748,482.363397260937,56149527.3357078,0.01593939203565836,64.11824454694995,Normal,Above MA200,Bearish
2026-01-09 15:37:16.250965,Aluminum,479.7359649540628,496.8951793511489,474.32502736119324,493.7893444511052,91371046.96120355,0.02929398778427638,33.70221783444113,Normal,Above MA200,Bearish
2026-01-10 15:37:16.250965,Aluminum,482.9649683958966,484.48052515330886,474.0849926809773,478.9699439198352,41744018.90795771,0.008271872159445356,36.35031660448333,Normal,Above MA200,Bearish
2026-01-11 15:37:16.250965,Aluminum,473.8263169435012,480.9700887495206,472.4066506204073,480.5676400926968,57364184.975833304,0.014227413945011987,57.70453773700403,Normal,Above MA200,Bullish
2026-01-12 15:37:16.250965,Aluminum,462.8365271898003,487.0310533198887,460.30666384951877,478.4824707943569,40623240.61012781,0.03380447022959478,57.59554928953614,Normal,Above MA200,Neutral
2026-01-13 15:37:16.250965,Aluminum,473.5042235441447,490.57591870526335,468.5128876382791,484.4060134073746,48546425.64089712,0.023023638060988783,64.81643314233202,Normal,Above MA200,Neutral
2026-01-14 15:37:16.250965,Aluminum,475.68629052712015,479.5816716058203,467.8664991749114,479.02610595044564,89183813.59312241,0.007021046201740657,53.52420792967992,Normal,Above MA200,Bullish
2026-01-15 15:37:16.250965,Aluminum,475.9346289406023,483.50915543028094,474.3714657361066,478.49543329967554,94916959.61294992,0.005380580027919894,55.65961476257151,Normal,Above MA200,Neutral
2026-01-16 15:37:16.250965,Aluminum,476.3640874803817,477.3045215438749,473.64168756724473,475.1170483718868,87838701.82234779,0.002617827710503608,45.810163990756706,Normal,Above MA200,Neutral
2026-01-17 15:37:16.250965,Aluminum,475.43900920045166,481.31015550875827,472.9174271831713,480.3411217912244,70575504.83943151,0.010310707569024725,31.680230696752474,Normal,Above MA200,Bullish
2026-01-18 15:37:16.250965,Aluminum,486.0481423014658,500.2539141241639,479.3874165604846,484.9345208846133,57080193.99198379,0.0022911751325279217,35.97538187084912,Normal,Above MA200,Bullish
2026-01-19 15:37:16.250965,Aluminum,472.84716861000317,478.06187252221315,466.2957186080701,475.49329746049824,2551565.014983852,0.0055961609292779525,46.719930389021485,Normal,Above MA200,Bearish
2026-01-20 15:37:16.250965,Aluminum,459.2852970567878,460.4641231634091,456.83580903251124,458.89018159591336,63415371.42700001,0.0008602832779678038,51.196424342437965,Normal,Above MA200,Neutral
2026-01-21 15:37:16.250965,Aluminum,451.1240544938074,452.7332556718228,445.85222056049486,446.1210145741053,31805529.512372144,0.011090164379099486,49.614321406607495,Normal,Above MA200,Bearish
2026-01-22 15:37:16.250965,Aluminum,453.64430751062866,465.28452218657196,452.1546518390111,459.91335368527973,3285462.5746252476,0.013819298668272544,35.33524946550971,Normal,Above MA200,Bullish
2026-01-23 15:37:16.250965,Aluminum,469.3791846715166,479.64236005480683,451.44703999249595,458.53574669036,37855686.0241809,0.023101659245382045,34.32603024094663,Normal,Above MA200,Neutral
2026-01-24 15:37:16.250965,Aluminum,476.9538805849663,477.5167623054887,462.45258258042173,472.37033620739345,53702425.06750825,0.009610036869710169,40.7066703907777,Normal,Above MA200,Neutral
2026-01-25 15:37:16.250965,Aluminum,482.1174475707231,484.62044105883155,473.643308065441,481.5578265611984,22477379.315326255,0.0011607566005845552,32.44687020663775,Normal,Above MA200,Neutral
2026-01-26 15:37:16.250965,Aluminum,481.4213494675089,489.76315737804623,474.0054817360923,484.57923032477225,62185714.94301875,0.006559494839097177,58.737658989421654,Normal,Above MA200,Bullish
2026-01-27 15:37:16.250965,Aluminum,469.8073869589919,475.2547571733643,460.1704772947415,471.08638424379694,95327580.97666815,0.0027223864935029367,61.78209177686822,Normal,Above MA200,Bullish
2026-01-28 15:37:16.250965,Aluminum,474.29589595709785,481.25889177658274,467.06220231022553,467.7619537865388,54126261.52587859,0.013776088358036452,68.31928214436398,Normal,Above MA200,Bearish
2026-01-29 15:37:16.250965,Aluminum,491.9536650615378,501.2145730239715,490.3097643936503,497.38059448563797,36855696.99825647,0.011031383257245116,59.364981746278744,Normal,Above MA200,Neutral
2026-01-30 15:37:16.250965,Aluminum,489.8613888719564,503.23984089552954,484.0523065615824,494.5148128348445,3387072.0933133843,0.009499470806637694,65.91054310076751,Normal,Above MA200,Neutral
2026-01-31 15:37:16.250965,Aluminum,484.9747147572648,511.96231499290906,477.0762822250074,503.0398018236669,44491023.9604717,0.0372495441859146,59.84328626291572,Normal,Above MA200,Neutral
2026-02-01 15:37:16.250965,Aluminum,482.9244000629645,491.71354573789375,476.683203654666,484.7579651492011,4440258.091670558,0.003796795287207602,65.55537096335331,Normal,Above MA200,Bullish
2026-02-02 15:37:16.250965,Aluminum,488.1516652550858,493.72736966412333,479.2376049766919,484.8484876649509,77789808.89727731,0.006766703517048984,41.525979561335,Normal,Above MA200,Neutral
2026-02-03 15:37:16.250965,Aluminum,489.1254746750142,493.8016363119889,477.1516785224004,487.4967298835902,26342510.425287068,0.0033299120077647858,56.42591556554271,Normal,Above MA200,Bearish
2026-02-04 15:37:16.250965,Aluminum,497.0569062006407,498.4306408782,492.39450211154207,493.47230452534404,9344926.655303935,0.007211652490046539,54.80126430712939,Normal,Above MA200,Bullish
2026-02-05 15:37:16.250965,Aluminum,496.7653576242567,507.27042284435254,491.9044676207355,493.99853269815026,86378030.87701581,0.005569681709164662,64.17070770630123,Normal,Above MA200,Bullish
2026-02-06 15:37:16.250965,Aluminum,494.6647668597096,503.21347727813895,487.11168207574747,499.6768132265294,62517076.19930906,0.01013220811871821,37.139362973883394,Normal,Above MA200,Neutral
2026-02-07 15:37:16.250965,Aluminum,496.66071969910143,499.2463298487626,487.78840692215994,492.83976579086385,67538401.6343627,0.007693287905982348,40.08780645711673,Normal,Above MA200,Neutral
2026-02-08 15:37:16.250965,Aluminum,491.95726044950277,492.06417994591334,463.66768508410513,470.41539768048125,7425022.505940751,0.043788077747523545,55.03732147394828,Normal,Above MA200,Bearish
2026-02-09 15:37:16.250965,Aluminum,507.1292866484887,513.9288130034755,503.2380462941214,511.43699889080773,94419733.39420098,0.00849430777462649,57.738676238561084,Normal,Above MA200,Bearish
2026-02-10 15:37:16.250965,Aluminum,514.3033242888745,520.8077921853225,491.68483378430165,496.51565136121894,18295235.790668946,0.03458595752273329,43.01619849318349,Normal,Above MA200,Neutral
2026-02-11 15:37:16.250965,Aluminum,504.71865528395983,513.6199704336492,490.9493546236757,495.2235687590544,99028987.1359155,0.018812632395296413,33.626483540373535,Normal,Above MA200,Bearish
2026-02-12 15:37:16.250965,Aluminum,498.2188244226719,503.35848567836564,494.72804152464005,500.6544371096478,35811862.36044703,0.004888640427824507,32.51503128457951,Normal,Above MA200,Bullish
2026-02-13 15:37:16.250965,Aluminum,503.1461455384787,509.82638807324633,496.5576353426202,508.3501310423368,74211513.08254941,0.010342890529924726,61.34553208591346,Normal,Above MA200,Neutral
2026-02-14 15:37:16.250965,Aluminum,504.7438906127121,529.9607520668045,501.94522280824907,528.6752793325298,98809556.77675965,0.04741293389557873,30.323387061200435,Normal,Above MA200,Bearish
2026-02-15 15:37:16.250965,Aluminum,507.38049907744835,517.9427412532896,503.72939155504037,514.3082835140073,3456123.6742140143,0.013654021881320873,45.35095721422495,Normal,Above MA200,Bullish
2026-02-16 15:37:16.250965,Aluminum,505.7059691347015,516.1900659741244,504.31880682511564,513.5364891947174,6196726.21134996,0.01548433385790279,47.09691209477746,Normal,Above MA200,Bearish
2026-02-17 15:37:16.250965,Aluminum,509.6731315417665,513.3384177841945,507.92927527640126,508.42348156094107,40742911.37674037,0.002451865526136756,60.59391572879934,Normal,Above MA200,Bearish
2026-02-18 15:37:16.250965,Aluminum,508.2036093832388,512.9109406750993,493.2051190710663,497.292464274212,2026008.5123705314,0.02147002679156225,55.45882834200388,Normal,Above MA200,Bearish
2026-02-19 15:37:16.250965,Aluminum,513.113869803287,518.2861724956442,501.5978485376985,508.1510924057531,83632183.65718082,0.009671883161990002,52.33568465314695,Normal,Above MA200,Neutral
2026-02-20 15:37:16.250965,Aluminum,519.8513702537275,558.7604386558234,519.3060480492843,552.6503320788572,28664799.80135353,0.06309296022269084,39.23865392864126,Normal,Above MA200,Bullish
2026-02-21 15:37:16.250965,Aluminum,533.8552750326295,554.7476483158408,528.5529490206757,545.1431313363606,67168157.43245287,0.021144038153488667,39.127108685166846,Normal,Above MA200,Bearish
2026-02-22 15:37:16.250965,Aluminum,529.3692986594532,531.3346211987925,501.6206987586102,506.5911160528676,55823621.47514937,0.04302890754010065,58.714714045250545,Normal,Above MA200,Bullish
2026-02-23 15:37:16.250965,Aluminum,529.2723917369057,530.1027351064442,520.5291721531282,525.2294975033715,37233644.42070365,0.007638588931998948,63.16780564063753,Normal,Above MA200,Bullish
2026-02-24 15:37:16.250965,Aluminum,518.6480866042177,521.5993290941663,495.0817188790864,497.86768336560823,21596905.274284914,0.040066480095716825,42.95403546228013,Normal,Above MA200,Bullish
2026-02-25 15:37:16.250965,Aluminum,534.5652764589948,535.1884263994351,517.6190758966263,518.7300345188878,15839535.237487653,0.029622653467133143,33.598691154438434,Normal,Above MA200,Neutral
2026-02-26 15:37:16.250965,Aluminum,517.3474693163462,522.4060010146214,500.2298279137699,506.3523687753468,76373615.96408635,0.02125283526665151,40.499378188659065,Normal,Above MA200,Neutral
2026-02-27 15:37:16.250965,Aluminum,532.0148938745906,539.7996475454764,530.2984418887269,536.3021342658845,63739468.50070605,0.00805849693430666,38.89164215318218,Normal,Above MA200,Bearish
2026-02-28 15:37:16.250965,Aluminum,532.8295489251184,535.1396978260674,521.8880202622973,531.2539187532243,59179236.09585277,0.00295709983628451,42.71757318827291,Normal,Above MA200,Bullish
2026-03-01 15:37:16.250965,Aluminum,536.4764511418315,536.6028203169881,529.6243011699042,531.082536976973,14051825.162547905,0.010054335382994278,56.573771658588576,Normal,Above MA200,Bullish
2026-03-02 15:37:16.250965,Aluminum,535.032525100707,536.7621181871999,519.3257501791873,526.3753016041427,30264313.373502973,0.016180742460348157,67.80023132034725,Normal,Above MA200,Neutral
2026-03-03 15:37:16.250965,Aluminum,535.303589842687,552.5869896624941,534.6419844778975,544.9191046835559,73931901.71106717,0.017962731846604393,41.89270838048188,Normal,Above MA200,Bearish
2026-03-04 15:37:16.250965,Aluminum,540.42917270693,543.3439885877973,535.7149149128741,542.3527774493693,13934234.337968184,0.003559402118883276,55.597227498020985,Normal,Above MA200,Bearish
2026-03-05 15:37:16.250965,Aluminum,526.1646056892552,544.0920141625602,518.7817662239847,539.1326946841542,15686438.428978277,0.024646448762761963,60.64487005380521,Normal,Above MA200,Bearish
2026-03-06 15:37:16.250965,Aluminum,520.4808536106868,523.1580881221129,503.4214835855809,512.7186000774487,18645076.792246763,0.01491361974103311,64.36728797644435,Normal,Above MA200,Neutral
2026-03-07 15:37:16.250965,Aluminum,513.1155678421508,529.1321841992714,512.6897476321956,519.7045037274497,80277557.92401539,0.012841036792175173,49.73954854953395,Normal,Above MA200,Neutral
2026-03-08 15:37:16.250965,Aluminum,517.0150243027822,520.9093637870095,513.5661955868402,519.7219418457382,80127330.63003683,0.005235665146494458,35.33554468373038,Normal,Above MA200,Neutral
2026-03-09 15:37:16.250965,Aluminum,517.0530788815458,517.8527404467274,500.8259277910759,501.1272607395308,36725793.59603362,0.030801128148128708,30.698725211160106,Normal,Above MA200,Neutral
2026-03-10 15:37:16.250965,Aluminum,522.4402314264997,525.9356673429112,505.6753429527271,508.5373756948647,98156333.3282933,0.026611380394028904,43.97940729232404,Normal,Above MA200,Bearish
2026-03-11 15:37:16.250965,Aluminum,523.8763648301878,542.8583328503425,516.4607171384949,540.7402376276909,7448315.642952143,0.03219055855472588,47.3687438467367,Normal,Above MA200,Bullish
2026-03-12 15:37:16.250965,Aluminum,533.1027326002243,536.0714983673637,529.3091190524591,535.2305799677628,38962820.620221555,0.003991439618326182,42.5365345941468,Normal,Above MA200,Bearish
2026-03-13 15:37:16.250965,Aluminum,526.6507064419425,539.4354749725844,521.9538217291705,530.9348140818385,28950308.722462304,0.008134628108332787,49.25741383830422,Normal,Above MA200,Bullish
2026-03-14 15:37:16.250965,Aluminum,527.1575761487612,527.287841346104,523.3544159011168,525.8420836810697,61595852.50218206,0.0024954444879691767,61.51458878342176,Normal,Above MA200,Neutral
2026-03-15 15:37:16.250965,Aluminum,536.8264811115844,540.935362572063,520.2390908835573,525.883996501953,32958635.273670487,0.020383652808954694,51.81952592227848,Normal,Above MA200,Bullish
2026-03-16 15:37:16.250965,Aluminum,544.7519156694176,547.1091874011047,541.9745176396569,544.0506662755757,49381910.670768596,0.001287282107085568,65.59854820548992,Normal,Above MA200,Bullish
2026-03-17 15:37:16.250965,Aluminum,531.8557425898878,547.9329690063138,530.5162792976472,542.8028907602212,42254157.720875755,0.020582927462672325,32.91049504958509,Normal,Above MA200,Bullish
2026-03-18 15:37:16.250965,Aluminum,522.9560231196149,524.3146691985584,512.6437908708614,516.6255787471291,59860460.013359435,0.012105118007289535,41.63455740518794,Normal,Above MA200,Neutral
2026-03-19 15:37:16.250965,Aluminum,522.2431558993923,546.1978668353926,517.6418861361793,540.5993975474344,94248592.31099458,0.03514884099616284,51.203539876576954,Normal,Above MA200,Bearish
2026-03-20 15:37:16.250965,Aluminum,520.196384352881,525.9381335319736,511.35204306293053,522.0094597467769,37622881.43526021,0.0034853671583114617,47.95919096255359,Normal,Above MA200,Bullish
2026-03-21 15:37:16.250965,Aluminum,519.6261430663809,528.4052034916676,517.5720232361775,528.2501530803098,81932327.396041,0.016596566837529657,50.31136747804484,Normal,Above MA200,Neutral
2026-03-22 15:37:16.250965,Aluminum,526.5655177097917,530.8137257843936,505.5040552175102,507.30063345947553,96017723.19486552,0.03658592065448104,55.322744394604285,Normal,Above MA200,Neutral
2026-03-23 15:37:16.250965,Aluminum,529.0877000153413,530.110643199189,517.308376867546,521.9895653632152,2752740.062250484,0.01341579978502656,64.47095359157419,Normal,Above MA200,Bullish
2026-03-24 15:37:16.250965,Aluminum,532.1180778476172,537.2225628946497,508.61017226983165,522.4120653002984,65163468.58418484,0.01824033602951243,44.57163018694316,Normal,Above MA200,Bearish
2026-03-25 15:37:16.250965,Aluminum,537.9629603989644,561.0571910975716,531.2184456682942,547.2060530202482,15117405.329139352,0.017181652458803164,52.26874502932661,Normal,Above MA200,Bullish
2026-03-26 15:37:16.250965,Aluminum,547.3251659413268,551.3697693759714,529.7265915314924,530.7813620342342,26983570.828667656,0.030226645761189008,55.801253382078,Normal,Above MA200,Bearish
2026-03-27 15:37:16.250965,Aluminum,520.6898084187383,534.8156495403026,517.6833340502133,525.6114798131969,19083641.836844355,0.00945221380346396,54.394749399421514,Normal,Above MA200,Neutral
2026-03-28 15:37:16.250965,Aluminum,517.3200791335078,528.5994773902714,516.2625735230299,521.2400760707573,27042099.88718179,0.007577507804868791,32.84004318021561,Normal,Above MA200,Neutral
2026-03-29 15:37:16.250965,Aluminum,509.62437589281217,511.29009971676055,496.2979326065308,499.91940759742846,25718358.410070606,0.01904337538482452,52.94338427815156,Normal,Above MA200,Bullish
2026-03-30 15:37:16.250965,Aluminum,513.7670999877797,529.4029281646656,511.8279349266588,523.5620334117159,96548929.37303093,0.019064929272756402,49.58821576791991,Normal,Above MA200,Bearish
2026-03-31 15:37:16.250965,Aluminum,509.73952960543556,513.2936275433357,498.8737913377151,500.6135482836294,67947139.76900727,0.017903224670196047,43.636656367683614,Normal,Above MA200,Bearish
2026-04-01 15:37:16.250965,Aluminum,510.40071849540624,511.9145501741516,502.19316952087894,502.27790568062045,50775587.3664252,0.01591457950672717,54.848005784167285,Normal,Above MA200,Neutral
2026-04-02 15:37:16.250965,Aluminum,517.8277620741527,530.260056716481,516.2989427342286,524.6652785957307,38775864.39472626,0.013204229325578102,59.601437799367076,Normal,Above MA200,Neutral
2026-04-03 15:37:16.250965,Aluminum,512.5723032566227,514.3314081848227,498.6545979749712,502.4682399416288,68899594.74774769,0.019712464467545154,30.715139361392723,Normal,Above MA200,Neutral
2026-04-04 15:37:16.250965,Aluminum,515.734504402071,521.0281454429454,511.97461199307776,520.407867075223,75891290.20520082,0.009061566820257834,34.42316748274638,Normal,Above MA200,Neutral
2026-04-05 15:37:16.250965,Aluminum,529.27723833497,535.5196008420985,519.3437332527632,522.7197490683268,64887750.47012266,0.012389516857502041,51.87148499313135,Normal,Above MA200,Neutral
2026-04-06 15:37:16.250965,Aluminum,536.5253688804889,536.9716065366656,516.3862773545804,523.5979756876274,45611719.08570873,0.024094654125742212,46.95599007987993,Normal,Above MA200,Bullish
2026-04-07 15:37:16.250965,Aluminum,522.7041716421411,526.9667224680297,518.3485895491395,523.5051467120247,68233754.30215132,0.001532367854205601,54.27689120906162,Normal,Above MA200,Neutral
2026-04-08 15:37:16.250965,Aluminum,520.1613880130342,529.9742546308371,514.1910236026541,526.4361494272059,49544693.66451042,0.01206310494929412,42.67542208689083,Normal,Above MA200,Bullish
2026-04-09 15:37:16.250965,Aluminum,523.2625848675444,526.0432619014222,506.3948786485078,507.37452790997764,81028104.32750484,0.030363449283476958,40.53614447823378,Normal,Above MA200,Neutral
2026-04-10 15:37:16.250965,Aluminum,528.080496206002,545.9879369361344,526.087247349449,539.2263696624418,88912875.75426117,0.0211063910455271,62.33529724957798,Normal,Above MA200,Neutral
2026-04-11 15:37:16.250965,Aluminum,525.8810917206349,526.4877987809841,512.1830638306112,517.0417438339045,16007203.278329626,0.016808643676099504,55.8863824450783,Normal,Above MA200,Bearish
2026-04-12 15:37:16.250965,Aluminum,520.3048685414975,529.4633011449442,509.6077082175267,512.9456560996167,50056937.70787262,0.01414403917170687,50.06519235692377,Normal,Above MA200,Bearish
2026-04-13 15:37:16.250965,Aluminum,520.895471556512,527.2142394044307,513.6141638617745,524.2065148343482,42005854.8761597,0.0063564447353369295,31.78226526470613,Normal,Above MA200,Neutral
2026-04-14 15:37:16.250965,Aluminum,511.42248481937906,525.246716993157,501.222956321652,523.6574806377236,90076201.92145748,0.023923460898801912,43.44638659940395,Normal,Above MA200,Bullish
2026-04-15 15:37:16.250965,Aluminum,521.0074647894508,530.8826445837212,517.4003552181291,527.1643405509295,70369753.04254946,0.01181725057234422,40.30624707228779,Normal,Above MA200,Bullish
2026-04-16 15:37:16.250965,Aluminum,537.2943717803278,543.231459553953,530.344470635424,532.354273839859,95045545.9238882,0.009194397335858254,62.22547701099673,Normal,Above MA200,Bullish
2026-04-17 15:37:16.250965,Aluminum,540.7344153424053,548.3263320633746,539.4822562885334,543.867501670495,80097525.35084082,0.005794131535174579,44.48913455754641,Normal,Above MA200,Bearish
2026-04-18 15:37:16.250965,Aluminum,538.7085451402679,545.046705079682,532.970312327545,541.4417863693582,4711307.730096274,0.00507369198752652,66.71210160838334,Normal,Above MA200,Neutral
2026-04-19 15:37:16.250965,Aluminum,546.909178253602,559.7413349583154,539.4136958899505,556.574722486494,46379326.874727406,0.01767303350760376,41.08182385133689,Normal,Above MA200,Bullish
2026-04-20 15:37:16.250965,Aluminum,553.6371000636617,580.2686081712841,543.6257062463703,574.8673547481562,92965726.82168971,0.03834687863593908,66.43007250952589,Normal,Above MA200,Neutral
2026-04-21 15:37:16.250965,Aluminum,551.2355630615835,560.5876987409019,545.5064989329679,556.1865750399362,83762460.460254,0.00898166285000657,34.908417757207246,Normal,Above MA200,Bearish
2026-04-22 15:37:16.250965,Aluminum,550.8185717318839,564.8773352666473,550.7509428389229,559.1759895589651,88772073.50497401,0.015172723390214858,30.967121750166807,Normal,Above MA200,Neutral
2026-04-23 15:37:16.250965,Aluminum,545.5060388664424,554.8056935003367,527.7179020827076,533.331468107576,8322355.53982464,0.022317939475363188,36.99987315002336,Normal,Above MA200,Bullish
2026-04-24 15:37:16.250965,Aluminum,546.9413862927471,549.8808275584738,526.1530827205314,526.836511104313,99876253.40474038,0.03675873812495351,44.874404613323776,Normal,Above MA200,Neutral
2026-04-25 15:37:16.250965,Aluminum,549.5465957589483,570.0228227030573,543.5380784142384,557.5411282109998,95160107.89665037,0.014547506096385925,33.081279999364554,Normal,Above MA200,Bearish
2026-04-26 15:37:16.250965,Aluminum,542.7471751206532,547.6327693289971,528.8111747116266,531.0066146753513,24064248.99572587,0.021631730174720795,66.21957909965303,Normal,Above MA200,Bearish
2026-04-27 15:37:16.250965,Aluminum,533.3805930954675,535.0355060829916,519.4841441291543,520.5143065370763,37064215.128188424,0.024122149783744013,33.2126579178098,Normal,Above MA200,Bearish
2026-04-28 15:37:16.250965,Aluminum,521.8234091858789,521.9037519195117,503.59684549813215,511.79568447785374,27846600.78540914,0.019216701534470852,67.90410006430889,Normal,Above MA200,Bullish
2026-04-29 15:37:16.250965,Aluminum,525.4538102029691,531.4585813857203,524.8234593714972,528.9076122279946,73666430.70936085,0.006572988829772461,36.92873524747603,Normal,Above MA200,Bullish
2026-04-30 15:37:16.250965,Aluminum,525.3537312991721,529.7580967175462,509.6081151374231,515.8637739873,46962375.608308025,0.018063938155352885,67.08699350943955,Normal,Above MA200,Neutral
2026-05-01 15:37:16.250965,Aluminum,524.6253221294728,527.6769128869229,522.8302215956511,525.2175508237834,56138656.8562128,0.0011288602919636358,56.444717093820984,Normal,Above MA200,Bearish
2026-05-02 15:37:16.250965,Aluminum,528.6740017048252,531.2072973422214,527.7223022498052,528.4887386696713,99676643.25914377,0.0003504296306541426,45.009645299876595,Normal,Above MA200,Bearish
2026-05-03 15:37:16.250965,Aluminum,520.8214660901717,553.6311960918158,513.2655006848178,545.7526356902273,65553927.72346786,0.04786893633093682,35.38636645537827,Normal,Above MA200,Bullish
2026-05-04 15:37:16.250965,Aluminum,511.4934389964746,515.7688605124853,498.57246137469497,504.09671007864347,12987048.525904812,0.014461043590985496,64.58636455559567,Normal,Above MA200,Neutral
2026-05-05 15:37:16.250965,Aluminum,513.5946423833384,522.743078138094,510.45883020662444,516.1609639169994,50171050.084195025,0.004996784081999065,46.29419246517799,Normal,Above MA200,Bullish
2026-05-06 15:37:16.250965,Aluminum,498.52795426252527,511.7596955073989,488.2808986847758,494.7029570191359,71149333.38143492,0.007672583273785961,54.937271737734434,Normal,Above MA200,Bullish
2026-05-07 15:37:16.250965,Aluminum,496.2707166568522,512.8565843280941,487.9600278401691,511.64098718087075,99448669.25173357,0.030971544377151636,31.532298673586453,Normal,Above MA200,Bullish
2026-05-08 15:37:16.250965,Aluminum,517.7675816799323,528.6421687837196,516.177784910536,526.2072151547974,53800473.37436464,0.01630004228438189,64.31980890909435,Normal,Above MA200,Bullish
2025-08-30 15:37:16.250965,Iron Ore,116.10565833275956,117.2882379184986,112.79031299966763,114.26374405897738,11994191.993432825,0.015864121527163082,58.910481313587866,Normal,Above MA200,Neutral
2025-08-31 15:37:16.250965,Iron Ore,110.27326505514067,110.93047695522907,109.27714525024781,109.61916858004965,24410898.019264344,0.0059315961558221,43.81680800707194,Normal,Above MA200,Neutral
2025-09-01 15:37:16.250965,Iron Ore,111.2640319878815,114.21614611315178,110.85125099586419,113.91404264820237,82521630.01076777,0.023817316458651226,36.170570842606004,Normal,Above MA200,Neutral
2025-09-02 15:37:16.250965,Iron Ore,112.17031957090657,114.38318983501381,111.91622298121884,113.7509325453175,27666334.899868917,0.01409118722722147,69.5629786189482,Normal,Above MA200,Bullish
2025-09-03 15:37:16.250965,Iron Ore,112.21685911621418,114.2770124857528,110.59029795209157,113.59242226233908,23986293.5635589,0.012258079195572062,65.15000555337974,Normal,Above MA200,Bearish
2025-09-04 15:37:16.250965,Iron Ore,114.2793347554038,118.10911894571542,113.47042987944738,116.68391408933509,61189145.592218086,0.021041243712854235,34.10338241324083,Normal,Above MA200,Neutral
2025-09-05 15:37:16.250965,Iron Ore,112.72410936129519,114.16225585638658,111.0260141881964,113.16863641777161,21699399.373714272,0.003943495841263571,48.126269772201056,Normal,Above MA200,Bullish
2025-09-06 15:37:16.250965,Iron Ore,113.50242288017066,113.92917335236662,112.28461670325095,112.91818838518084,43525363.22854688,0.0051473306046216525,49.497618950391534,Normal,Above MA200,Neutral
2025-09-07 15:37:16.250965,Iron Ore,109.87809471526573,111.06222580027693,106.7951111402239,108.42561399222109,84014955.85771993,0.013219019922110543,53.349290006405,Normal,Above MA200,Bearish
2025-09-08 15:37:16.250965,Iron Ore,110.81968207825854,111.93474462219069,108.4507876665126,111.05987540549786,23886412.43060203,0.002167424799772516,43.752899650350095,Normal,Above MA200,Bullish
2025-09-09 15:37:16.250965,Iron Ore,115.33704825413618,115.81042874974989,110.07489440717204,111.38996715078851,83914412.2211126,0.03422214425542251,37.34252979789308,Normal,Above MA200,Neutral
2025-09-10 15:37:16.250965,Iron Ore,113.03597653228513,113.37937735956191,106.81835119958615,109.50181323176726,81149139.81014574,0.0312658271192841,52.145808719969395,Normal,Above MA200,Bullish
2025-09-11 15:37:16.250965,Iron Ore,111.27857789299136,112.64962527344308,110.47133221673566,111.56644129669442,71698031.21282825,0.0025868716976226035,58.1140329358413,Normal,Above MA200,Bullish
2025-09-12 15:37:16.250965,Iron Ore,109.63633431313886,110.52198370263271,109.28236955643015,109.32499639622904,96977809.22229165,0.002839733003299619,50.102679071575906,Normal,Above MA200,Bullish
2025-09-13 15:37:16.250965,Iron Ore,109.93701615583998,111.30962479482668,109.73674320342094,110.74494302722637,35830862.81159434,0.007348997631890531,39.30378547855402,Normal,Above MA200,Neutral
2025-09-14 15:37:16.250965,Iron Ore,107.47824640410798,110.20616076500144,105.95464174136612,109.40614311216152,52627373.54888306,0.01793755269140549,64.47776366323964,Normal,Above MA200,Bearish
2025-09-15 15:37:16.250965,Iron Ore,108.452578455771,111.60087798707028,106.77724626920296,107.48701447838668,33506855.3072611,0.008903098396854566,33.01088964014416,Normal,Above MA200,Bullish
2025-09-16 15:37:16.250965,Iron Ore,110.411292843652,112.12964924983237,110.32526300835386,111.09017024896295,34274740.43289317,0.006148622915522432,45.168476249425375,Normal,Above MA200,Bullish
2025-09-17 15:37:16.250965,Iron Ore,111.64722128646558,113.63928246940296,110.26977139291151,113.12407217513002,18405178.457648434,0.013227833811242947,42.903135780133425,Normal,Above MA200,Bullish
2025-09-18 15:37:16.250965,Iron Ore,107.55693154933118,108.09676004013855,106.1193267875524,106.14991558581342,77409167.85072957,0.013081592634245381,65.92916772651321,Normal,Above MA200,Bullish
2025-09-19 15:37:16.250965,Iron Ore,109.85872332772936,110.28918277452011,108.02416005087775,108.05606495073701,9147060.560779627,0.016408877896884697,54.668964508002944,Normal,Above MA200,Neutral
2025-09-20 15:37:16.250965,Iron Ore,112.02682492810001,114.4157112076238,111.93970450178314,114.38394669579458,78076749.52633567,0.021040690648935028,61.04557614766088,Normal,Above MA200,Bullish
2025-09-21 15:37:16.250965,Iron Ore,113.94696229641568,117.7334029214876,113.90228304415403,115.63106418445336,99033550.52464451,0.014779699731325455,55.309135440302654,Normal,Above MA200,Neutral
2025-09-22 15:37:16.250965,Iron Ore,114.80933479166622,115.42269572228298,114.54868446726857,115.02587581881444,77906305.57538056,0.0018860925162675348,44.85667647972929,Normal,Above MA200,Bullish
2025-09-23 15:37:16.250965,Iron Ore,115.31862580952473,117.02547737786087,114.28168286426433,116.40710049473692,17594575.104784727,0.009438845438637619,63.510297814013576,Normal,Above MA200,Neutral
2025-09-24 15:37:16.250965,Iron Ore,117.70651029563699,123.44163462256712,116.27108761547503,122.21635984487683,39684284.42320023,0.03831435948540729,59.63237458930976,Normal,Above MA200,Bullish
2025-09-25 15:37:16.250965,Iron Ore,122.15553701386143,124.09712754931623,119.32052830681761,119.66025700937962,22178364.17947205,0.020427072447797925,46.71424746088526,Normal,Above MA200,Neutral
2025-09-26 15:37:16.250965,Iron Ore,119.95118413961045,120.50190562526895,118.33661811404903,119.94623518273767,78236584.70028713,4.12580910165943e-05,43.55932357352683,Normal,Above MA200,Bearish
2025-09-27 15:37:16.250965,Iron Ore,122.44485456219918,122.71268800402906,122.17730456420738,122.37755556426305,47510405.494070284,0.0005496269988377015,40.256734783016825,Normal,Above MA200,Bearish
2025-09-28 15:37:16.250965,Iron Ore,122.24543710291178,122.2901291041736,119.85814984410894,122.18421375986695,43661135.87074877,0.0005008231349632411,68.17458462206018,Normal,Above MA200,Bullish
2025-09-29 15:37:16.250965,Iron Ore,121.94550737700808,123.01175050429521,120.47779801172894,122.25989951990842,91130697.8682335,0.0025781363304214215,40.959624018903604,Normal,Above MA200,Bullish
2025-09-30 15:37:16.250965,Iron Ore,118.39155980193871,120.53347022605124,113.9311887491863,114.8770252168077,2698016.3889647964,0.029685685288804362,62.806146347425916,Normal,Above MA200,Neutral
2025-10-01 15:37:16.250965,Iron Ore,117.73285077797446,118.99860024532322,113.37824070987637,114.57778041381836,42545819.741041504,0.026798555741303447,37.52698584211672,Normal,Above MA200,Bullish
2025-10-02 15:37:16.250965,Iron Ore,115.42620802670453,117.17291232697232,115.10769141366194,117.00286070543844,58252455.31758746,0.013659399417930568,58.02455273630156,Normal,Above MA200,Bearish
2025-10-03 15:37:16.250965,Iron Ore,114.35332719507079,116.82197048497105,114.21441761318125,115.40424015452447,11451988.579726873,0.009190051441712564,37.533874931578005,Normal,Above MA200,Neutral
2025-10-04 15:37:16.250965,Iron Ore,111.8132563328141,113.71398828168951,111.11034933243052,112.61239039504646,97354735.0117074,0.007147042206281078,43.99990091430473,Normal,Above MA200,Neutral
2025-10-05 15:37:16.250965,Iron Ore,110.77494523072822,115.01332624688061,109.27104282577531,113.59884951782537,16435932.45661988,0.025492265251996857,61.59793079068154,Normal,Above MA200,Bullish
2025-10-06 15:37:16.250965,Iron Ore,109.83562463818281,109.99160020204971,109.29947426607706,109.53120073099183,55159060.265064,0.002771631774242688,68.20113049063704,Normal,Above MA200,Neutral
2025-10-07 15:37:16.250965,Iron Ore,110.05941574753976,111.99251746975321,109.48180500755721,111.37883081453099,46919143.44984658,0.011988207079145037,60.993110666184855,Normal,Above MA200,Bullish
2025-10-08 15:37:16.250965,Iron Ore,106.32454966685835,108.06694119595076,105.09015285602472,107.19612537142335,8704522.999079429,0.00819731385927219,49.895245776371056,Normal,Above MA200,Bearish
2025-10-09 15:37:16.250965,Iron Ore,102.9811112649733,104.05902764937133,101.25934609488105,102.04875208068911,5964258.284109211,0.009053691233581558,45.86435197337379,Normal,Above MA200,Bullish
2025-10-10 15:37:16.250965,Iron Ore,103.81820768803657,105.07465417678056,102.546777702741,102.79932345053122,93604199.46418636,0.009814118931497995,64.74017562387084,Normal,Above MA200,Neutral
2025-10-11 15:37:16.250965,Iron Ore,101.97375818880495,105.47219522217287,101.7342592881864,103.93433837581925,55597539.23978235,0.019226320789160964,48.069303395041665,Normal,Above MA200,Bullish
2025-10-12 15:37:16.250965,Iron Ore,104.45911208783964,104.54746174559402,103.5603618555146,103.63533060933948,68505421.40617992,0.007886161982761678,51.642714346272896,Normal,Above MA200,Neutral
2025-10-13 15:37:16.250965,Iron Ore,104.98015393054625,105.84451895261164,104.84180146939222,105.35355219342362,36651653.83341138,0.003556846212327092,54.00495759757986,Normal,Above MA200,Bullish
2025-10-14 15:37:16.250965,Iron Ore,106.38357586404098,108.82093046478295,103.9406012514615,106.7121149101197,64125017.05968014,0.0030882496984177693,42.1541432347289,Normal,Above MA200,Bearish
2025-10-15 15:37:16.250965,Iron Ore,109.64646321325642,111.83526191275074,109.44876510147,111.46151222800883,78316465.67108718,0.016553648531482876,44.66668711498532,Normal,Above MA200,Bullish
2025-10-16 15:37:16.250965,Iron Ore,108.93011176288671,109.33179431283696,106.67620618363921,106.8579653943878,66901699.886699826,0.019022714059170786,40.603656077097995,Normal,Above MA200,Bearish
2025-10-17 15:37:16.250965,Iron Ore,107.60134192678528,108.95398213984951,105.62291816048565,107.27635647872094,64945736.11414589,0.003020273188465106,69.43887775801375,Normal,Above MA200,Bearish
2025-10-18 15:37:16.250965,Iron Ore,109.61756282602443,111.1191740636077,108.86938130929327,110.98805432462105,2545451.603515195,0.012502481019138725,42.73189543333343,Normal,Above MA200,Neutral
2025-10-19 15:37:16.250965,Iron Ore,110.79605181184652,111.02310890218655,105.61722790580103,106.21544362334426,83452055.11755282,0.041342702321929735,54.576400372686635,Normal,Above MA200,Neutral
2025-10-20 15:37:16.250965,Iron Ore,110.36276264652508,110.75636600907676,107.66858782533033,108.82439998879492,16360818.114896605,0.013939145965902438,53.06693271036805,Normal,Above MA200,Neutral
2025-10-21 15:37:16.250965,Iron Ore,113.58116153593775,115.67927647796662,112.93030635398577,115.25137195689776,15817672.993776508,0.014704995074658993,39.053233589482986,Normal,Above MA200,Neutral
2025-10-22 15:37:16.250965,Iron Ore,113.09024706543644,115.88144046290677,112.65158102744246,115.16036784126858,97036389.16499624,0.01830503363065722,67.06399523086273,Normal,Above MA200,Neutral
2025-10-23 15:37:16.250965,Iron Ore,113.16605146716213,114.08799905280067,110.36663993813265,110.87148484379759,55581724.41953782,0.02027610395181427,54.21601487813376,Normal,Above MA200,Bullish
2025-10-24 15:37:16.250965,Iron Ore,113.21513879678145,113.92113993988708,111.74818712522054,112.42521647885786,86058063.79542343,0.006977179256402075,57.110419774506845,Normal,Above MA200,Bearish
2025-10-25 15:37:16.250965,Iron Ore,111.05345226019608,111.73133713176603,106.94147510989102,108.47664210265516,9742959.400639202,0.023203332315176486,63.20555609106614,Normal,Above MA200,Bearish
2025-10-26 15:37:16.250965,Iron Ore,111.23290484682643,111.36706988865151,109.47640058151383,109.50815293126075,46325690.99324879,0.015505770688455456,31.013506117918674,Normal,Above MA200,Bearish
2025-10-27 15:37:16.250965,Iron Ore,114.46356758366028,114.64244705394194,112.23559126123085,113.01172649542964,80635248.24460499,0.012683870675003163,38.283392995508414,Normal,Above MA200,Bearish
2025-10-28 15:37:16.250965,Iron Ore,115.49276542221479,115.76134426795143,113.13256119214911,114.021800121783,91746001.91581993,0.012736428078886829,41.965211825249774,Normal,Above MA200,Bullish
2025-10-29 15:37:16.250965,Iron Ore,115.56461415886213,119.46681834312395,115.10585928465932,119.17278279855222,2637405.479697784,0.03122208875054167,37.47231592761994,Normal,Above MA200,Neutral
2025-10-30 15:37:16.250965,Iron Ore,115.19045148172006,116.60865604785995,115.00751292770106,116.2159871427226,23259018.89707948,0.008902957213995168,48.728703843518765,Normal,Above MA200,Bearish
2025-10-31 15:37:16.250965,Iron Ore,115.95573660139625,117.21184216492006,115.88777619954368,116.84789929070067,79491608.84987508,0.00769399354834225,47.30569922416144,Normal,Above MA200,Bullish
2025-11-01 15:37:16.250965,Iron Ore,117.68992343402279,118.66564977454392,114.48677585384081,114.81163142777912,34829259.02589259,0.024456571321139844,48.58075459246875,Normal,Above MA200,Neutral
2025-11-02 15:37:16.250965,Iron Ore,119.09907385271073,119.15307536587099,118.35478499175514,118.56654523213773,1119157.776992773,0.0044713078225241875,54.643942485974186,Normal,Above MA200,Neutral
2025-11-03 15:37:16.250965,Iron Ore,118.33148077545843,118.80905382684593,118.18790973460997,118.42281997768947,33974256.30924121,0.0007718926665369901,52.608472798289526,Normal,Above MA200,Bearish
2025-11-04 15:37:16.250965,Iron Ore,119.0826904753622,121.04403777254714,117.59183776319011,119.70424769032479,26267890.47493798,0.0052195429283754214,33.56999006546336,Normal,Above MA200,Neutral
2025-11-05 15:37:16.250965,Iron Ore,120.19277613125577,123.74798847115458,118.32536625652885,122.4063034640137,62964123.05947523,0.018416475631952086,41.850793438178776,Normal,Above MA200,Bearish
2025-11-06 15:37:16.250965,Iron Ore,117.86316553125302,119.4045647502235,116.5699457392177,118.40260207455205,86251894.06143335,0.004576803455664726,49.45703340104287,Normal,Above MA200,Bullish
2025-11-07 15:37:16.250965,Iron Ore,118.25227752728074,122.76264510024787,118.17332575594507,121.52977323322305,99179708.64995626,0.027716131769100188,42.09871307939384,Normal,Above MA200,Bearish
2025-11-08 15:37:16.250965,Iron Ore,113.25324903159708,117.30526072311714,113.00597330282635,115.66965805718364,78081534.51135509,0.021336332919794636,39.94828623865871,Normal,Above MA200,Bullish
2025-11-09 15:37:16.250965,Iron Ore,114.36933445614649,117.8670920808378,113.61113431131501,116.59480604517395,67019796.97593535,0.019458638975299796,65.99518082284608,Normal,Above MA200,Bearish
2025-11-10 15:37:16.250965,Iron Ore,115.89668735066851,116.94551747401843,115.82837027101199,116.18794649786133,13053447.767120162,0.0025130929438177277,53.778954196504756,Normal,Above MA200,Bullish
2025-11-11 15:37:16.250965,Iron Ore,117.6257382297829,118.66995065328916,117.3258899686281,117.74814983937924,57612813.37884564,0.0010406872801700675,33.83071544798508,Normal,Above MA200,Neutral
2025-11-12 15:37:16.250965,Iron Ore,116.71200717898446,118.97838268391017,115.88855967930637,118.33024182579587,21644226.489619587,0.013865194215448271,60.60253725462256,Normal,Above MA200,Bullish
2025-11-13 15:37:16.250965,Iron Ore,117.42682287176015,118.16465088162342,115.03926156183941,115.45161053844478,64231210.393434085,0.01682079345255269,45.506396022351964,Normal,Above MA200,Bearish
2025-11-14 15:37:16.250965,Iron Ore,120.72038371506063,123.5557704114542,120.26690842948103,120.5163492904918,77754503.8213528,0.0016901406232307612,62.06631051232256,Normal,Above MA200,Bullish
2025-11-15 15:37:16.250965,Iron Ore,123.99038882768362,124.22966717593508,117.48588813060377,119.61761162813886,47605261.94510252,0.035267065785412124,45.537088849114284,Normal,Above MA200,Bearish
2025-11-16 15:37:16.250965,Iron Ore,123.9229132840297,128.37220664848303,123.11275617459677,125.46063959869004,77956011.05803101,0.01240873276708632,36.07970245778709,Normal,Above MA200,Neutral
2025-11-17 15:37:16.250965,Iron Ore,124.24515524567107,125.21364866553543,123.92845482268633,124.6260015694468,65275030.550959095,0.003065281080961844,33.26815838408915,Normal,Above MA200,Bullish
2025-11-18 15:37:16.250965,Iron Ore,126.81465808323875,129.14370151755404,125.98951615452775,127.82126531466511,94123018.52981807,0.00793762524491169,38.068182295457675,Normal,Above MA200,Bearish
2025-11-19 15:37:16.250965,Iron Ore,123.34334981963742,127.48055490000708,122.69944478488141,124.40634986276359,8806054.026491918,0.008618219342028229,41.476141956484085,Normal,Above MA200,Bearish
2025-11-20 15:37:16.250965,Iron Ore,122.59608570090688,127.35222824135778,121.73553750702507,126.96152285768304,81255911.57486773,0.03560829150309379,46.47589913448445,Normal,Above MA200,Bullish
2025-11-21 15:37:16.250965,Iron Ore,125.68521851907988,126.16392097314998,123.36744572053328,123.434301886365,28009444.219140023,0.017909159559388956,36.33492082116801,Normal,Above MA200,Bearish
2025-11-22 15:37:16.250965,Iron Ore,127.94082696349382,130.19253291153305,124.80348502057863,125.36234447756304,69646105.2572394,0.020153711267369857,66.68182360617905,Normal,Above MA200,Bullish
2025-11-23 15:37:16.250965,Iron Ore,128.79492256689082,130.92229420408106,127.4664551754779,127.51026447180425,40733452.419613294,0.009974446736589074,58.75456291535244,Normal,Above MA200,Neutral
2025-11-24 15:37:16.250965,Iron Ore,125.31197916791774,129.98703958754703,122.80781353898634,128.31749797418402,83756483.22975354,0.023984289660279837,60.33783827999457,Normal,Above MA200,Bearish
2025-11-25 15:37:16.250965,Iron Ore,125.19653835518417,127.08810525789241,123.33609663291921,123.44299376345403,60691815.43836982,0.014006334478316965,52.34293686833064,Normal,Above MA200,Bullish
2025-11-26 15:37:16.250965,Iron Ore,123.83208243827876,124.33632273748367,122.46012392213571,123.47765277940636,76567499.64083286,0.0028621795894376626,59.81868152828221,Normal,Above MA200,Bearish
2025-11-27 15:37:16.250965,Iron Ore,124.59776509810791,127.69675293302659,124.19002806606981,127.13852846773055,44595561.58891274,0.020391725065229346,65.50836927009239,Normal,Above MA200,Bearish
2025-11-28 15:37:16.250965,Iron Ore,122.7257714530594,124.8099090308276,121.40807362452725,124.75808222721821,68592935.54861847,0.016559771840066427,47.08812109127338,Normal,Above MA200,Neutral
2025-11-29 15:37:16.250965,Iron Ore,120.35330522437928,123.66440211665147,119.68731281643453,121.46854213124918,12721756.830008779,0.009266358782508834,40.02623920166278,Normal,Above MA200,Bullish
2025-11-30 15:37:16.250965,Iron Ore,115.57733622330184,116.88341117216875,114.50509055154826,115.50428519186494,72441333.9644653,0.0006320532538989418,35.63540482281595,Normal,Above MA200,Bearish
2025-12-01 15:37:16.250965,Iron Ore,118.4033323615903,118.59804017473998,114.51036343714851,116.47457348117904,5948288.792677629,0.016289734773013383,54.39574966677198,Normal,Above MA200,Bearish
2025-12-02 15:37:16.250965,Iron Ore,117.47867563418447,121.67441885730024,116.46024805472378,119.99977531325412,91679096.5807221,0.021460062138596837,61.13972397813516,Normal,Above MA200,Bullish
2025-12-03 15:37:16.250965,Iron Ore,117.84214893180089,118.86425679235148,116.3633199943976,117.53618753534312,6784668.09460294,0.0025963664039668115,52.41080302387892,Normal,Above MA200,Bullish
2025-12-04 15:37:16.250965,Iron Ore,117.83697223818459,118.46916278709575,117.15759902195641,117.86766698271248,22907122.525580794,0.00026048483718534504,43.09039780678129,Normal,Above MA200,Neutral
2025-12-05 15:37:16.250965,Iron Ore,115.36803083575253,117.52204706009606,112.97893196003845,116.20186479853074,68808738.07588962,0.007227599853596463,68.55100728828914,Normal,Above MA200,Bearish
2025-12-06 15:37:16.250965,Iron Ore,112.45585295547623,112.66631274003116,108.13593877689047,108.94901861320959,75060847.20460951,0.03118409802693937,56.65706456595652,Normal,Above MA200,Bearish
2025-12-07 15:37:16.250965,Iron Ore,110.13059041657434,112.17039402488113,109.72589941247728,110.48593318831462,37340420.12375843,0.0032265583104220535,51.809566989104745,Normal,Above MA200,Bearish
2025-12-08 15:37:16.250965,Iron Ore,108.45792436725162,109.32064175928839,107.9797310049945,108.93658990461428,3800207.900806993,0.004413375418672372,35.48271770161792,Normal,Above MA200,Neutral
2025-12-09 15:37:16.250965,Iron Ore,109.30587318515389,109.47888911171812,106.39492963602396,106.87611106058831,83863771.7845086,0.022229017103680953,44.93261625463764,Normal,Above MA200,Bearish
2025-12-10 15:37:16.250965,Iron Ore,107.46540304133539,110.0966479253128,106.00459300331795,107.85155728954719,30565955.345087416,0.0035932889775072926,51.71608525910477,Normal,Above MA200,Neutral
2025-12-11 15:37:16.250965,Iron Ore,111.50498141350172,112.17299633821904,109.52380786120345,109.71655099956232,30607366.651275467,0.01603901808931072,44.36655754535813,Normal,Above MA200,Neutral
2025-12-12 15:37:16.250965,Iron Ore,113.88074973111003,119.55252967815842,113.2990073420413,117.94490157435297,20169709.112641163,0.03568778615208486,37.93621455975616,Normal,Above MA200,Bearish
2025-12-13 15:37:16.250965,Iron Ore,115.75046016338543,118.23234473901353,115.660210572064,118.17539748654637,48654227.378677376,0.02094969920411607,57.202441132273464,Normal,Above MA200,Neutral
2025-12-14 15:37:16.250965,Iron Ore,115.47369285314434,115.71724885734002,114.09313010889312,115.3735479775791,43581709.08716137,0.0008672527316901504,57.64294426418279,Normal,Above MA200,Bearish
2025-12-15 15:37:16.250965,Iron Ore,118.97617697687505,122.62232883428213,118.3262529425551,121.5789190596575,79365816.98407276,0.0218761616730072,68.21656658984386,Normal,Above MA200,Bullish
2025-12-16 15:37:16.250965,Iron Ore,118.47193674989869,120.84501956413565,117.56226465196048,119.942528854562,38108226.389165476,0.012412999609922959,39.76817892751795,Normal,Above MA200,Bullish
2025-12-17 15:37:16.250965,Iron Ore,118.3996300737469,118.57529114959321,114.57674081826461,114.96081248516654,6229639.803929534,0.029044158216021774,62.68339787678598,Normal,Above MA200,Neutral
2025-12-18 15:37:16.250965,Iron Ore,118.7927758840758,121.1547743140804,118.7118881095284,120.90455158276383,75284959.11842594,0.01777697072041485,54.459653375293726,Normal,Above MA200,Neutral
2025-12-19 15:37:16.250965,Iron Ore,120.4160706927507,120.75276934321704,117.90942231977738,118.05959339530838,1250227.433358986,0.01956945849408262,34.04604231673714,Normal,Above MA200,Bullish
2025-12-20 15:37:16.250965,Iron Ore,121.88921921954775,122.03614329654764,121.36456488085142,121.82596998988177,61785517.2794469,0.0005189074970778131,38.53989575643983,Normal,Above MA200,Bearish
2025-12-21 15:37:16.250965,Iron Ore,120.7902692657642,121.57115031655385,117.41480164274354,117.60997052308137,20374155.39100092,0.026329097219623652,60.58254872228408,Normal,Above MA200,Bearish
2025-12-22 15:37:16.250965,Iron Ore,119.5574714124326,122.22024622193314,119.31438525589645,120.64157576511988,42969788.33346456,0.009067642029225189,52.26495672959743,Normal,Above MA200,Neutral
2025-12-23 15:37:16.250965,Iron Ore,121.03754699900284,121.21939300176071,119.31953519863232,119.39293281681586,46384161.53044665,0.013587636423270698,50.918331102729084,Normal,Above MA200,Bullish
2025-12-24 15:37:16.250965,Iron Ore,122.69186691518307,125.46179352678892,119.02611153305169,119.22516848019023,28570708.33238128,0.02825532386257812,67.72652511413398,Normal,Above MA200,Bullish
2025-12-25 15:37:16.250965,Iron Ore,121.78205802886171,125.08862274593189,117.11275996475841,118.9601755722478,49699725.5554853,0.023171577999980333,62.096731487148126,Normal,Above MA200,Neutral
2025-12-26 15:37:16.250965,Iron Ore,118.11094151506772,119.55376643399363,116.81509456070698,118.30482915643809,80232161.08124243,0.0016415722276298724,54.98072061457388,Normal,Above MA200,Neutral
2025-12-27 15:37:16.250965,Iron Ore,117.63142584948856,118.74303000590339,115.69762934885448,116.17827363735798,93229201.45112647,0.01235343533104766,68.90313670637903,Normal,Above MA200,Bearish
2025-12-28 15:37:16.250965,Iron Ore,119.07362157951943,123.32391124097771,118.28686464654054,120.35350518824987,18691905.972328275,0.010748674574206323,53.39744473356191,Normal,Above MA200,Neutral
2025-12-29 15:37:16.250965,Iron Ore,123.24949444915123,126.95660209681282,123.10778045093724,126.1036767729679,56125547.37736461,0.023157760902574796,36.851622186706926,Normal,Above MA200,Neutral
2025-12-30 15:37:16.250965,Iron Ore,120.47865503673631,126.63049679125655,119.80946094696532,125.30926076296342,21320495.44389074,0.0400951166391604,60.20572200464566,Normal,Above MA200,Bearish
2025-12-31 15:37:16.250965,Iron Ore,119.49200903019636,124.63474539863856,119.03181665651641,124.25004885345497,96311318.01962763,0.039818895521760156,32.87544491408815,Normal,Above MA200,Neutral
2026-01-01 15:37:16.250965,Iron Ore,118.59133073469002,119.8758983279557,115.3041911449599,115.57416671361194,17569385.541938484,0.025441691246622378,69.13826688737136,Normal,Above MA200,Neutral
2026-01-02 15:37:16.250965,Iron Ore,121.72726620835155,126.91252331694565,120.53353205457472,126.89289191461712,87525803.14969523,0.04243606109927707,65.49164007109317,Normal,Above MA200,Bearish
2026-01-03 15:37:16.250965,Iron Ore,121.64644760732942,122.34626288805009,118.71714520615708,119.02864910427628,90043255.39521083,0.021519728315481157,61.63282627258309,Normal,Above MA200,Bearish
2026-01-04 15:37:16.250965,Iron Ore,119.54782956757172,121.09280903633477,119.29186453538284,120.7405692829284,55721997.31207364,0.009977092178679052,68.70588370931235,Normal,Above MA200,Bearish
2026-01-05 15:37:16.250965,Iron Ore,120.84007433584837,124.93357371412927,120.06119345672361,124.28225018185012,38212402.51283465,0.028485383387260813,51.28679843424724,Normal,Above MA200,Bearish
2026-01-06 15:37:16.250965,Iron Ore,119.90415805634886,121.21426393906125,118.72545585985137,118.74805857457362,22132690.09775791,0.009641863138990828,47.055595790777005,Normal,Above MA200,Bearish
2026-01-07 15:37:16.250965,Iron Ore,117.07218847166429,120.23463927731856,116.93454498612054,118.56689314274169,13404788.74420481,0.012767376185499248,42.999675810543536,Normal,Above MA200,Bullish
2026-01-08 15:37:16.250965,Iron Ore,115.0072316502084,116.52092932521828,114.73526854330979,114.96355073120623,53838345.47385598,0.00037981019432785346,43.53922041471911,Normal,Above MA200,Bearish
2026-01-09 15:37:16.250965,Iron Ore,119.01801662024798,124.09301788778173,118.95708996456221,122.27028657610076,90244993.03832601,0.027325862488784654,58.217307827896114,Normal,Above MA200,Bullish
2026-01-10 15:37:16.250965,Iron Ore,119.90668056959018,121.14819199703675,117.392244770562,118.14970612478407,11937898.186535846,0.014652848669148302,63.179626920196355,Normal,Above MA200,Bearish
2026-01-11 15:37:16.250965,Iron Ore,120.1559262177,121.29206077005425,120.02102010780442,120.987275755552,85092804.67603411,0.006918922470338668,54.633755776849426,Normal,Above MA200,Bullish
2026-01-12 15:37:16.250965,Iron Ore,119.57792979890186,121.59365705896066,116.82820088265514,117.58810498523164,97352813.59302604,0.016640401928822303,65.72554873517734,Normal,Above MA200,Bearish
2026-01-13 15:37:16.250965,Iron Ore,120.25366096099748,122.05451841147597,118.34288693151004,119.25307751778078,24524500.538481623,0.0083206069172499,50.130817924023376,Normal,Above MA200,Bearish
2026-01-14 15:37:16.250965,Iron Ore,120.90183796584155,126.07222034664086,119.88226112547656,124.33629199631103,16924496.3167793,0.028406962939966255,55.30637503718159,Normal,Above MA200,Neutral
2026-01-15 15:37:16.250965,Iron Ore,121.57761535513673,122.9640373920199,120.17327088753326,122.69122626341104,8590565.814860705,0.009159670594141665,44.22141460921634,Normal,Above MA200,Bearish
2026-01-16 15:37:16.250965,Iron Ore,121.84324846787317,121.86063449738401,121.16472396884427,121.40327132061398,3440949.514982396,0.00361100966029475,66.34771065211623,Normal,Above MA200,Neutral
2026-01-17 15:37:16.250965,Iron Ore,123.85275193368263,124.20169535627116,121.443226904467,123.83985069632058,79177177.81526977,0.00010416593221075831,62.479518761836715,Normal,Above MA200,Bearish
2026-01-18 15:37:16.250965,Iron Ore,123.90619156554735,127.5035825596699,123.49489905674484,126.90086182083587,82132242.87030806,0.024168850785025803,54.704775262158215,Normal,Above MA200,Bullish
2026-01-19 15:37:16.250965,Iron Ore,121.64424953280192,127.63443362913247,120.71902256262045,126.44617406612143,95941701.58967902,0.03947514618867918,55.54957025156952,Normal,Above MA200,Neutral
2026-01-20 15:37:16.250965,Iron Ore,120.22773448259296,122.08949708016863,118.34921513122582,121.61261610053944,81356706.06658223,0.011518819878843966,59.86102728643786,Normal,Above MA200,Neutral
2026-01-21 15:37:16.250965,Iron Ore,115.65032595390554,119.1755392916324,115.01861648238305,116.91180281180723,26221120.72478469,0.010907680955473294,42.19738550790643,Normal,Above MA200,Bullish
2026-01-22 15:37:16.250965,Iron Ore,120.33829074351672,122.61235513531508,118.82381077070858,119.09783644572647,33001286.388887696,0.010308059804789016,40.41572054444088,Normal,Above MA200,Neutral
2026-01-23 15:37:16.250965,Iron Ore,122.33381521246687,124.26006677773259,115.31576003116747,116.58240468485604,43341598.00250426,0.04701406980254716,55.64477860207917,Normal,Above MA200,Bearish
2026-01-24 15:37:16.250965,Iron Ore,120.41388804032057,121.81137404866466,118.99504945762918,121.49944296547119,64826966.94365956,0.009015197024342574,37.08283687663759,Normal,Above MA200,Bearish
2026-01-25 15:37:16.250965,Iron Ore,119.76198969209327,121.92006198366552,117.51588260237385,120.7904344223637,14891954.721395897,0.008587405176839038,44.84768944583976,Normal,Above MA200,Neutral
2026-01-26 15:37:16.250965,Iron Ore,118.28891426620515,121.66106326676943,117.54256425429186,119.99022728574205,58163535.38108791,0.014382691988432271,46.71287411348479,Normal,Above MA200,Bearish
2026-01-27 15:37:16.250965,Iron Ore,121.85677786672328,122.61198726631828,119.61348691987477,119.68891843986937,60536244.932872884,0.017790224432365474,54.39925971257886,Normal,Above MA200,Neutral
2026-01-28 15:37:16.250965,Iron Ore,118.57264626008262,119.25756680749066,115.73266986368151,119.09646691140212,27605947.58368706,0.004417719160711946,51.183136660570014,Normal,Above MA200,Bullish
2026-01-29 15:37:16.250965,Iron Ore,118.83742581456151,120.85015443763285,118.67267551537864,119.28254380798583,81879876.59701274,0.003745604470757394,56.142429021807715,Normal,Above MA200,Bearish
2026-01-30 15:37:16.250965,Iron Ore,118.58640429880191,120.68283471369934,117.05154394836686,119.77964914926353,19936619.80179285,0.01006223991289083,64.25200774788581,Normal,Above MA200,Bearish
2026-01-31 15:37:16.250965,Iron Ore,120.49885626931979,121.39120758011796,116.61164984276792,118.09895414733467,36252877.701719955,0.019916389219672346,36.79357733204992,Normal,Above MA200,Neutral
2026-02-01 15:37:16.250965,Iron Ore,120.25828616878694,120.80033870134365,116.91009100746747,119.29808799480325,21277303.460509595,0.00798446580750373,42.05699647194234,Normal,Above MA200,Bearish
2026-02-02 15:37:16.250965,Iron Ore,116.19160386119086,117.72389699490788,113.37559883855191,114.76421280152798,2801759.6229542186,0.012284803825998763,62.08712398097889,Normal,Above MA200,Bullish
2026-02-03 15:37:16.250965,Iron Ore,115.61077613996761,116.76144741644023,114.91594367482533,116.1688855250529,53037471.7720366,0.0048274858427521435,33.65002277128981,Normal,Above MA200,Bullish
2026-02-04 15:37:16.250965,Iron Ore,113.36219524362724,117.90505941307512,112.79558646478472,114.94773871880457,95921294.47162594,0.013986527622985977,38.240696171655046,Normal,Above MA200,Neutral
2026-02-05 15:37:16.250965,Iron Ore,113.54626025337949,114.0530113122352,108.14226049835844,109.03588452832163,91231294.6664616,0.03972280297909333,50.06256613282537,Normal,Above MA200,Bearish
2026-02-06 15:37:16.250965,Iron Ore,116.86346701863732,121.66257018771249,116.15386738434671,120.98423498041937,19065156.778823704,0.035261387214576494,54.53829706525028,Normal,Above MA200,Bearish
2026-02-07 15:37:16.250965,Iron Ore,112.84023066712864,113.85300703343131,109.31237092032808,110.42843662176169,68113183.63878042,0.02137352991134501,44.134778381670046,Normal,Above MA200,Neutral
2026-02-08 15:37:16.250965,Iron Ore,110.98934043252959,111.23758648534228,108.92042533100438,109.2817252064854,94488891.33908087,0.015385398448081095,54.429939798172384,Normal,Above MA200,Neutral
2026-02-09 15:37:16.250965,Iron Ore,109.71097886438648,110.31014856837668,108.24035626897347,108.48144802847632,81829941.87979202,0.011206999050021886,42.015592158398846,Normal,Above MA200,Bullish
2026-02-10 15:37:16.250965,Iron Ore,108.82827804063812,109.6100492830501,106.00684332122644,106.13256748173065,59717489.556104295,0.024770313446481843,51.73957830834535,Normal,Above MA200,Bearish
2026-02-11 15:37:16.250965,Iron Ore,110.54016562326717,112.06565482170282,107.83199071694285,108.04884148483522,54163899.48257298,0.022537727570651967,66.31850874084202,Normal,Above MA200,Bearish
2026-02-12 15:37:16.250965,Iron Ore,110.13876279687405,114.80118590886892,107.39502844266283,114.14022690509599,39346008.66481255,0.036331115463878266,63.66767072388015,Normal,Above MA200,Bearish
2026-02-13 15:37:16.250965,Iron Ore,111.10050153599028,114.73396129321051,109.41696232765612,113.81518339108675,63050920.4305768,0.024434469849958937,52.138458876997404,Normal,Above MA200,Bullish
2026-02-14 15:37:16.250965,Iron Ore,109.65310799856516,109.72460060163512,107.66993661086698,107.68962236618889,85064526.97995108,0.017906338162361684,39.42569327998748,Normal,Above MA200,Neutral
2026-02-15 15:37:16.250965,Iron Ore,110.18491584006316,110.32700154556599,107.1485544548546,107.17857084637339,43675063.18478815,0.027284542269411554,42.22891997212918,Normal,Above MA200,Bearish
2026-02-16 15:37:16.250965,Iron Ore,111.98393750715739,113.10768518561078,110.69052576075127,112.2656672178657,99603114.04366441,0.0025158046500222053,50.3262922624059,Normal,Above MA200,Neutral
2026-02-17 15:37:16.250965,Iron Ore,110.2901514830296,111.58226996071524,108.8533098335281,110.72836020507847,58596767.093258016,0.003973235290335985,33.98192154035528,Normal,Above MA200,Neutral
2026-02-18 15:37:16.250965,Iron Ore,112.09740844999372,113.62225268118006,111.85293206593433,112.15007194463999,84193287.58388723,0.00046980117894312036,35.932069392309884,Normal,Above MA200,Bullish
2026-02-19 15:37:16.250965,Iron Ore,112.21854503098368,114.26965710760501,111.06130822465799,113.82133365942093,8792182.797113959,0.014282742910226734,49.45400460437981,Normal,Above MA200,Neutral
2026-02-20 15:37:16.250965,Iron Ore,114.6366619678927,118.65001230536645,114.15232677641761,117.18494731410908,43263306.64496088,0.022229235416241434,69.27671138005657,Normal,Above MA200,Bearish
2026-02-21 15:37:16.250965,Iron Ore,114.17078401964861,118.26740788513128,113.3136889169908,116.52891020404762,57467243.83453354,0.020654374975590667,40.02033743543339,Normal,Above MA200,Bearish
2026-02-22 15:37:16.250965,Iron Ore,115.05259101914604,118.22571135887299,113.83890996604087,117.9230088581195,67749419.6011917,0.024948745730513814,43.443135509689526,Normal,Above MA200,Bullish
2026-02-23 15:37:16.250965,Iron Ore,114.95867007144876,117.21057474101048,112.91955303460809,117.14068253530814,32241757.509817533,0.018980842962981692,69.64341352541437,Normal,Above MA200,Neutral
2026-02-24 15:37:16.250965,Iron Ore,114.7361341094199,115.5183361545034,112.06087981430724,112.56198937062035,35338844.08196007,0.01894908483430453,31.46279249451833,Normal,Above MA200,Bullish
2026-02-25 15:37:16.250965,Iron Ore,115.33503211599051,116.28002000511061,113.42346605151796,114.75284563333643,67155464.68075705,0.005047785325698611,58.6753670238911,Normal,Above MA200,Neutral
2026-02-26 15:37:16.250965,Iron Ore,116.5766510536875,119.79370130929338,116.36139674580518,118.48289544052045,98656228.06820944,0.016351854077151954,47.29529683825156,Normal,Above MA200,Bearish
2026-02-27 15:37:16.250965,Iron Ore,113.68644637608362,114.78689978860312,110.0817447011241,110.64802105096896,60529528.01765571,0.026726363801216013,58.48751927917969,Normal,Above MA200,Neutral
2026-02-28 15:37:16.250965,Iron Ore,117.00239621001074,118.16966159871991,116.44366701813284,117.3818693443838,38175289.79846391,0.00324329369880529,47.89166159490512,Normal,Above MA200,Bearish
2026-03-01 15:37:16.250965,Iron Ore,112.70105358484989,113.41672182647082,109.36678054455373,110.33050449654839,3190738.76773658,0.02103395676347233,52.59380408868606,Normal,Above MA200,Bullish
2026-03-02 15:37:16.250965,Iron Ore,111.11710452869433,113.30632401620112,110.97593836781206,111.5552709091869,1132030.3095884095,0.003943284720665303,42.95398522983379,Normal,Above MA200,Bullish
2026-03-03 15:37:16.250965,Iron Ore,110.8990631074939,111.14329193833954,107.886931631316,108.70423924134354,83975120.03493074,0.01979118492662943,42.52644571448716,Normal,Above MA200,Bearish
2026-03-04 15:37:16.250965,Iron Ore,111.8528296059906,111.95037085714198,107.18289218057933,108.53667407867263,61963462.658037156,0.02964748892807954,55.35153678180009,Normal,Above MA200,Bearish
2026-03-05 15:37:16.250965,Iron Ore,115.49846751476849,118.06810092432332,115.35182017305874,115.82299827880115,46499113.58206495,0.0028098274463352383,37.46231648782463,Normal,Above MA200,Bullish
2026-03-06 15:37:16.250965,Iron Ore,111.20029724736719,111.20054627820419,108.96785523076771,109.07160946571757,88871310.08116697,0.019142824563807694,52.655628825243895,Normal,Above MA200,Bullish
2026-03-07 15:37:16.250965,Iron Ore,110.02601655921579,111.06597475272329,105.6527635583304,106.92971808000475,92843500.95905812,0.028141512126312607,43.90097548339662,Normal,Above MA200,Bearish
2026-03-08 15:37:16.250965,Iron Ore,105.10671702042092,105.79275266697276,104.02031849211805,105.09677357286574,96130825.72424808,9.460335016687298e-05,37.30779250845531,Normal,Above MA200,Neutral
2026-03-09 15:37:16.250965,Iron Ore,105.17985766004543,105.52029271773047,102.55209965728153,102.66149769095531,19158213.222401865,0.0239433673434868,65.7412000727252,Normal,Above MA200,Bullish
2026-03-10 15:37:16.250965,Iron Ore,105.80825331941229,106.67121934379314,103.19625656979885,104.89873680357896,83452725.05317418,0.008595893867444339,31.773874478144045,Normal,Above MA200,Bullish
2026-03-11 15:37:16.250965,Iron Ore,109.48771426718842,109.72497539742795,105.47683839801722,106.84147644561263,30232915.07781203,0.02416926720305846,37.90791554174322,Normal,Above MA200,Bearish
2026-03-12 15:37:16.250965,Iron Ore,109.76673870752666,111.90996929922972,107.21425759750957,108.41867347777483,79311957.82416336,0.012281181399984336,53.65432569305412,Normal,Above MA200,Bearish
2026-03-13 15:37:16.250965,Iron Ore,112.18153627734979,114.6089277037154,110.59925226092649,113.82430369182788,36260529.56612986,0.01464383060699603,44.89351273541524,Normal,Above MA200,Bullish
2026-03-14 15:37:16.250965,Iron Ore,113.53193324186172,117.38722246953911,112.40130324106414,116.43713169464641,78800818.8138826,0.025589262596239032,52.234843855860206,Normal,Above MA200,Bullish
2026-03-15 15:37:16.250965,Iron Ore,112.52521773400862,120.57764748361915,110.90334479635123,117.86674865659914,90034601.4928219,0.047469634186507625,68.79702294263774,Normal,Above MA200,Bullish
2026-03-16 15:37:16.250965,Iron Ore,109.26633546060314,109.7746740272682,106.62054136700228,108.898011597242,8867694.919594966,0.0033708814504347963,49.76322872816481,Normal,Above MA200,Bullish
2026-03-17 15:37:16.250965,Iron Ore,109.90240720148694,111.76474605986112,108.16273544248646,110.7811217879048,19331339.496204056,0.007995408006003932,55.07665117255583,Normal,Above MA200,Bullish
2026-03-18 15:37:16.250965,Iron Ore,106.45122176224824,107.9036488037895,103.52996491113197,104.79602296977482,93864784.60908227,0.015548894273568634,58.9599949647825,Normal,Above MA200,Bullish
2026-03-19 15:37:16.250965,Iron Ore,109.44699533445231,110.63847346034436,101.82172065954848,104.75633637159345,5539349.819095452,0.04285781394477727,30.29009712060578,Normal,Above MA200,Neutral
2026-03-20 15:37:16.250965,Iron Ore,109.0721507458283,112.38896750102771,108.61701589621467,110.72027126573416,56984572.404194646,0.015110369683151067,57.76264299423828,Normal,Above MA200,Bullish
2026-03-21 15:37:16.250965,Iron Ore,111.83655883087773,116.25988828236369,111.68797425207465,116.13257695718109,84195789.03314656,0.03841336116931044,34.86226518073076,Normal,Above MA200,Bearish
2026-03-22 15:37:16.250965,Iron Ore,110.7258378186773,113.34411350193764,110.62971487399685,112.24399962821546,70519123.47242413,0.013710998620071644,49.07371215661839,Normal,Above MA200,Bullish
2026-03-23 15:37:16.250965,Iron Ore,111.34768130437281,115.89293669615849,110.36287515787637,115.31686104409934,87106165.70720115,0.03564672109225739,61.87646262970519,Normal,Above MA200,Bullish
2026-03-24 15:37:16.250965,Iron Ore,111.8318986835149,112.30821846535069,110.39274356912208,111.05625211951619,21183955.919538323,0.00693582576286031,66.11308046907287,Normal,Above MA200,Bullish
2026-03-25 15:37:16.250965,Iron Ore,111.72771304311206,117.4187460398496,111.32911641829355,115.8596710161648,39414734.21580991,0.03698239103362248,49.66587000445897,Normal,Above MA200,Bearish
2026-03-26 15:37:16.250965,Iron Ore,110.7269850797258,111.96956699714572,108.76237146841542,110.28780136311657,91376702.05031717,0.003966365708350135,60.19726932288953,Normal,Above MA200,Neutral
2026-03-27 15:37:16.250965,Iron Ore,111.63472361296517,113.0651924278829,108.04623495650686,110.12731465801829,83312126.3099784,0.013503047315036402,37.53579069601969,Normal,Above MA200,Neutral
2026-03-28 15:37:16.250965,Iron Ore,109.4925368639611,111.70040808230011,109.16985027111247,111.45729256542826,83451466.1938169,0.017944197456199712,30.769268138270405,Normal,Above MA200,Bullish
2026-03-29 15:37:16.250965,Iron Ore,106.69515066044274,107.21309306057645,102.94996076695656,104.10498006170144,75534075.00585349,0.02427636666435312,56.31113628952714,Normal,Above MA200,Bullish
2026-03-30 15:37:16.250965,Iron Ore,109.56977051113485,111.12633784245517,108.87713512765309,109.00020101886902,53185268.255992055,0.005198235695929873,48.62527686236548,Normal,Above MA200,Neutral
2026-03-31 15:37:16.250965,Iron Ore,111.25168739503945,112.13406309162491,109.38091263159887,110.69905700433306,47653820.945729285,0.0049673888427784725,31.070823428125113,Normal,Above MA200,Bullish
2026-04-01 15:37:16.250965,Iron Ore,111.40409263111783,112.98200297150827,110.7858785355341,111.84876888203804,4398884.943142472,0.003991561175338624,69.30256802341708,Normal,Above MA200,Bearish
2026-04-02 15:37:16.250965,Iron Ore,115.25551503981397,115.40021289807908,113.71803233651018,113.924873107553,99159261.1395717,0.011545147594900879,51.24795176966046,Normal,Above MA200,Bearish
2026-04-03 15:37:16.250965,Iron Ore,114.63618174441278,116.49568719893163,114.51743295183083,114.61203054205565,66494892.249167144,0.0002106769607083774,57.54332823915293,Normal,Above MA200,Neutral
2026-04-04 15:37:16.250965,Iron Ore,117.69555304798726,120.26877652939828,115.98362596214973,119.25443954121441,92845495.69851738,0.013245075560259797,33.778282050748764,Normal,Above MA200,Bullish
2026-04-05 15:37:16.250965,Iron Ore,118.10165043170565,119.09532624437274,118.05855895846753,118.59056400433394,4202183.50397086,0.004139769180541802,55.877133643929874,Normal,Above MA200,Bearish
2026-04-06 15:37:16.250965,Iron Ore,115.73143390034629,115.83626797387461,111.1017472284574,111.94428303976115,79838231.77248526,0.03272361477734892,43.30618003620205,Normal,Above MA200,Bearish
2026-04-07 15:37:16.250965,Iron Ore,120.00589323870273,121.65363780345123,118.98352814753999,121.64430274219023,5588973.673993673,0.013652742038497763,51.986786760147645,Normal,Above MA200,Bearish
2026-04-08 15:37:16.250965,Iron Ore,122.29737653480217,124.75353316834689,121.773303786263,124.54732490412641,70421785.08844158,0.018397355961956994,34.890117594937905,Normal,Above MA200,Neutral
2026-04-09 15:37:16.250965,Iron Ore,122.01745866372997,122.51120167922406,121.59274140918849,121.62093034938147,13984466.172560614,0.003249767030809168,68.7717864819632,Normal,Above MA200,Bullish
2026-04-10 15:37:16.250965,Iron Ore,123.69938311252719,126.10698777337065,123.37826356906876,124.07434519909647,38110375.00688365,0.0030312365117307906,61.99788194339527,Normal,Above MA200,Bearish
2026-04-11 15:37:16.250965,Iron Ore,122.76562965788756,124.03509980282692,122.34906526559207,123.32027217203584,13997400.237181287,0.004517897360148073,67.62326146941191,Normal,Above MA200,Bearish
2026-04-12 15:37:16.250965,Iron Ore,124.68342552162542,126.56140544106364,123.75710984100132,126.20142679977293,54287021.8881318,0.012174844184756659,62.45155415784159,Normal,Above MA200,Neutral
2026-04-13 15:37:16.250965,Iron Ore,119.15293535824416,121.11155613374143,118.70294816137466,119.85173576709428,40296273.05510418,0.005864735155278479,53.36646925104196,Normal,Above MA200,Bearish
2026-04-14 15:37:16.250965,Iron Ore,116.79416667264422,118.40601615688114,114.32278802417578,117.03117857660072,41060886.372561984,0.0020293128561874704,47.16191975888463,Normal,Above MA200,Bearish
2026-04-15 15:37:16.250965,Iron Ore,119.05916392610384,120.04143545646134,117.10042357295553,117.27208718911204,72116484.12755352,0.015009988967342123,54.49060914919505,Normal,Above MA200,Neutral
2026-04-16 15:37:16.250965,Iron Ore,118.48171845091116,122.9806589438981,116.37200340397467,119.95922893139804,78291081.57494572,0.012470366735093007,42.587558954853066,Normal,Above MA200,Neutral
2026-04-17 15:37:16.250965,Iron Ore,118.96175730744763,121.33587618824757,117.2411459493132,120.97177809687587,97210618.0432612,0.01689636093920087,44.35739041012193,Normal,Above MA200,Bearish
2026-04-18 15:37:16.250965,Iron Ore,115.84668406616842,116.21039131872935,114.1434159993386,114.9198043455449,60994997.30096718,0.008000917144025529,44.37340797549039,Normal,Above MA200,Bearish
2026-04-19 15:37:16.250965,Iron Ore,120.12074280741841,121.81476303421054,119.35991682583756,119.82338569891606,15647519.1386231,0.002475485095684899,45.126192742429666,Normal,Above MA200,Neutral
2026-04-20 15:37:16.250965,Iron Ore,122.87440075048666,123.87283950833287,121.54512696496374,122.87013416764407,88689005.8381644,3.472312228204595e-05,41.930286255059386,Normal,Above MA200,Neutral
2026-04-21 15:37:16.250965,Iron Ore,122.41022209810976,122.89035123649052,118.37883420731654,120.39935195824832,11876115.948220609,0.016427305705317374,46.987339667878416,Normal,Above MA200,Bearish
2026-04-22 15:37:16.250965,Iron Ore,121.47417320032795,121.80659928319164,119.98614473020399,121.30904258951448,87497208.36385609,0.0013593886376255658,61.57820356128674,Normal,Above MA200,Bearish
2026-04-23 15:37:16.250965,Iron Ore,123.85561598338005,123.85992720982183,122.25187669775323,122.4294406350238,15214168.881410928,0.011514821811129007,56.44108232937469,Normal,Above MA200,Bullish
2026-04-24 15:37:16.250965,Iron Ore,128.44100831763453,128.85180410260577,126.08983245934593,128.14125606865588,61672680.79496656,0.0023337737137453913,57.531386814720314,Normal,Above MA200,Bullish
2026-04-25 15:37:16.250965,Iron Ore,130.64702604936986,131.88517191462898,127.25322639363168,130.37252166036305,19341549.394075733,0.0021011147157921255,44.21265057301419,Normal,Above MA200,Neutral
2026-04-26 15:37:16.250965,Iron Ore,135.67033789835367,138.37577231551938,134.99485261590146,135.28782481097844,45498714.55335738,0.0028194304908549838,39.66684903890404,Normal,Above MA200,Bearish
2026-04-27 15:37:16.250965,Iron Ore,133.53696803480307,137.5331706137087,130.68004575012873,135.36305817205405,72612502.56016247,0.013674791064411941,45.26753222995984,Normal,Above MA200,Neutral
2026-04-28 15:37:16.250965,Iron Ore,131.64175184581117,137.12354505095564,129.7636027727002,136.2776536379688,69089530.51900268,0.035216044508337624,48.849467491665905,Normal,Above MA200,Neutral
2026-04-29 15:37:16.250965,Iron Ore,128.89176811307144,129.22560817289076,124.4970884783262,124.64671508110203,76039559.50766768,0.03293502055341035,69.91345585166246,Normal,Above MA200,Bullish
2026-04-30 15:37:16.250965,Iron Ore,129.91354672082088,130.24971674593556,128.73812853354315,129.3812211105716,97253720.37242936,0.004097537352230199,52.340646126433,Normal,Above MA200,Bearish
2026-05-01 15:37:16.250965,Iron Ore,130.31971225588455,130.51805857294977,128.83071257999433,128.892597954659,70049810.36560422,0.010950870566867056,32.08974654783856,Normal,Above MA200,Neutral
2026-05-02 15:37:16.250965,Iron Ore,129.96825404540257,134.58429934967816,129.88682309505714,132.62648037673668,18755982.567190636,0.02045288944487534,52.92891830224974,Normal,Above MA200,Bullish
2026-05-03 15:37:16.250965,Iron Ore,131.8400440181155,135.80835166320205,128.4542946169252,128.65533108414857,36992073.09289961,0.02415588494137117,69.78988205449853,Normal,Above MA200,Bearish
2026-05-04 15:37:16.250965,Iron Ore,134.69038165575964,138.6552423099359,134.38557165464468,137.6733664552155,94739872.35210052,0.022146977109915263,41.66895548721443,Normal,Above MA200,Neutral
2026-05-05 15:37:16.250965,Iron Ore,131.16157207597095,135.67271627268823,128.69136145028608,134.85349348590034,75990139.76672368,0.028147889290248737,40.642076897573794,Normal,Above MA200,Neutral
2026-05-06 15:37:16.250965,Iron Ore,129.7807943900948,130.28755594302328,123.92494344679001,125.59663280720973,15982784.61046177,0.032240221694962955,61.41326764555136,Normal,Above MA200,Bullish
2026-05-07 15:37:16.250965,Iron Ore,131.67776094975238,132.6419085246581,127.55986193634867,128.90943165880705,90681041.5246872,0.021023514304755766,65.96094908853465,Normal,Above MA200,Bearish
2026-05-08 15:37:16.250965,Iron Ore,130.59589595891902,132.11258684731158,128.4052582864158,128.86256946786347,51556270.841220155,0.013272442279509323,46.6667219968038,Normal,Above MA200,Bullish
2025-08-30 15:37:16.250965,Nickel,401.2970081819123,406.6146061682616,401.04910269224797,405.27790617309773,80071752.81042126,0.009920078919155069,38.42582390542147,Normal,Above MA200,Bullish
2025-08-31 15:37:16.250965,Nickel,396.47262105983066,399.8143874443997,392.2778009372986,397.8081614479883,93204478.35343947,0.0033685564077226195,35.843627990923444,Normal,Above MA200,Neutral
2025-09-01 15:37:16.250965,Nickel,386.0881967508938,390.5366868118997,370.9619557919177,376.7055910946401,44764010.32902808,0.024301715864956632,55.1454218627881,Normal,Above MA200,Neutral
2025-09-02 15:37:16.250965,Nickel,376.96524090807725,380.1443896464925,363.237751791093,366.6836612580708,57927520.169902295,0.02727460925903666,34.36755985614059,Normal,Above MA200,Bearish
2025-09-03 15:37:16.250965,Nickel,370.23525291448635,374.8146443262526,365.2178047471087,374.616243480708,96921269.99428976,0.011832991406773394,57.784304465069134,Normal,Above MA200,Neutral
2025-09-04 15:37:16.250965,Nickel,375.0358896462337,382.092088248953,360.3852992536454,361.23546619683407,97023783.83426206,0.0367976074567621,47.397821216294986,Normal,Above MA200,Bearish
2025-09-05 15:37:16.250965,Nickel,371.94212462444546,383.28761127834764,368.15480942944106,379.87044348709327,78515480.3080269,0.02131600143611895,41.86825156679598,Normal,Above MA200,Bullish
2025-09-06 15:37:16.250965,Nickel,370.26099423932914,373.6615389851137,357.30217567033725,362.25622427263073,19409257.702079665,0.02161926341483413,42.10842276497085,Normal,Above MA200,Neutral
2025-09-07 15:37:16.250965,Nickel,380.5678399711144,382.1001581582995,364.6879519973826,371.2657790551222,33023266.138319165,0.02444258273820041,44.06112166387521,Normal,Above MA200,Bullish
2025-09-08 15:37:16.250965,Nickel,391.07690599690847,398.9147977605575,390.564537583733,393.7942145622721,14968681.846463602,0.0069482716153664685,35.035919061669006,Normal,Above MA200,Neutral
2025-09-09 15:37:16.250965,Nickel,388.7874440004254,394.02092509566256,374.0351734714255,378.5212676011701,69364711.39956483,0.026405627439048823,34.55847925432609,Normal,Above MA200,Bullish
2025-09-10 15:37:16.250965,Nickel,383.66794617575977,396.98752596101406,383.51899290171383,390.5993108560501,52589099.41515502,0.018066050993780707,41.42595482872221,Normal,Above MA200,Bullish
2025-09-11 15:37:16.250965,Nickel,376.65303877426385,391.80377060942357,372.492274887395,390.6441244090389,6994673.367884799,0.03714581908141771,57.47284863969184,Normal,Above MA200,Neutral
2025-09-12 15:37:16.250965,Nickel,382.27495854920903,387.3401195446776,369.94077005189473,373.57315257928275,54198417.17346084,0.022763212120801606,48.76979783482159,Normal,Above MA200,Neutral
2025-09-13 15:37:16.250965,Nickel,380.61374622837695,402.2375990268952,377.6203316272771,399.9065493027346,1971003.3566836594,0.05068866604408332,39.90233582541236,Normal,Above MA200,Bearish
2025-09-14 15:37:16.250965,Nickel,377.4773154208502,379.43162083175804,374.51995463147756,377.033959629247,83416457.96752541,0.0011745230070549742,65.22329772483866,Normal,Above MA200,Neutral
2025-09-15 15:37:16.250965,Nickel,370.8743752414258,384.63420121362145,367.0005996882337,379.94877476895266,39303927.41075055,0.024467582915696815,57.313105782741836,Normal,Above MA200,Bearish
2025-09-16 15:37:16.250965,Nickel,364.62848300019675,386.04483606710454,362.9889303195803,373.43910372971374,31759648.832265854,0.024163281642241404,64.81620679768399,Normal,Above MA200,Bullish
2025-09-17 15:37:16.250965,Nickel,367.2257757384328,369.53888623331136,366.9833378740244,368.69039861304043,83074723.85951918,0.00398834442288953,31.593563633522386,Normal,Above MA200,Neutral
2025-09-18 15:37:16.250965,Nickel,356.55090989717263,357.55129086996374,346.27240027257005,348.4187557756273,87643534.13241416,0.02280783443769814,43.8866735869717,Normal,Above MA200,Bearish
2025-09-19 15:37:16.250965,Nickel,364.6243331138013,372.720721506248,364.58256216259616,370.2666767269588,46634595.897205085,0.015474402284052955,58.33563420139342,Normal,Above MA200,Neutral
2025-09-20 15:37:16.250965,Nickel,360.2921496122397,363.11254114931626,349.2152159203006,352.47209707098267,56936759.12170494,0.021704754182607887,48.729056163705295,Normal,Above MA200,Bullish
2025-09-21 15:37:16.250965,Nickel,359.0778443336558,361.95440297060503,356.6063182536322,361.75093058815105,26400749.373014625,0.007444308516042678,40.65839286585979,Normal,Above MA200,Neutral
2025-09-22 15:37:16.250965,Nickel,348.22818250916424,350.46338629885514,338.24503729427516,339.5458200860352,39490716.77717886,0.02493296883832939,34.76400230437422,Normal,Above MA200,Bearish
2025-09-23 15:37:16.250965,Nickel,348.1278321277273,365.66335211808695,347.56901815455814,362.0155099722971,41660230.194430485,0.03989246639571881,63.53164775416455,Normal,Above MA200,Neutral
2025-09-24 15:37:16.250965,Nickel,345.46348663392047,362.4859515981445,337.9712086864566,353.2940512946279,54404001.19330567,0.022666837346562357,50.70962628417849,Normal,Above MA200,Bearish
2025-09-25 15:37:16.250965,Nickel,345.05707936426256,356.53288026630116,342.4448454802986,352.87567119675924,59819422.813405745,0.02265883617545754,42.60286506852928,Normal,Above MA200,Bearish
2025-09-26 15:37:16.250965,Nickel,357.0000914042882,357.33664509097207,343.6242069310736,344.2488846181219,51467907.62564774,0.03571765692274297,37.01819880787764,Normal,Above MA200,Neutral
2025-09-27 15:37:16.250965,Nickel,358.44212243550913,360.1660665150564,355.7080951754178,356.1724125784822,67963301.66288021,0.006332151594251692,37.01554340879776,Normal,Above MA200,Bearish
2025-09-28 15:37:16.250965,Nickel,351.99341222214156,352.2238059142249,341.7538908284938,345.77482918771,82887869.35488382,0.017666759713409103,62.68509128680579,Normal,Above MA200,Bearish
2025-09-29 15:37:16.250965,Nickel,346.22100555569864,349.00394193486585,344.98508591529327,345.3451231088692,83099381.0755209,0.002529836239784508,59.187472231772205,Normal,Above MA200,Neutral
2025-09-30 15:37:16.250965,Nickel,351.05053327457983,361.33358833076295,349.8791684583965,360.12751203054336,36503717.29530163,0.025856615773501145,48.20130476487978,Normal,Above MA200,Bearish
2025-10-01 15:37:16.250965,Nickel,361.5895125713001,361.608334252414,340.3158598515617,341.8871914994664,20100509.19298673,0.05448808769847468,38.155459018420956,Normal,Above MA200,Neutral
2025-10-02 15:37:16.250965,Nickel,363.8772953793524,369.93750151148635,355.2386811468837,356.1757692060183,25482878.083944563,0.021165173730625562,39.260682729842244,Normal,Above MA200,Neutral
2025-10-03 15:37:16.250965,Nickel,369.46624344475583,383.1808515274484,361.6177050832423,381.36973685113816,97819635.81594379,0.032218081130765616,58.15410740531384,Normal,Above MA200,Neutral
2025-10-04 15:37:16.250965,Nickel,374.4143041510365,381.2920115305816,371.510064875509,378.6104416681504,81549966.35638124,0.011207204080058856,30.179267733021153,Normal,Above MA200,Bullish
2025-10-05 15:37:16.250965,Nickel,385.9301028209806,386.6704934517042,371.4586847935148,378.2004376368775,50322956.98451213,0.020028666143435413,65.71322505052957,Normal,Above MA200,Neutral
2025-10-06 15:37:16.250965,Nickel,370.1090536094828,372.04960241899806,354.4061609714281,356.39635006997224,24631379.66519887,0.037050440689784914,39.06215394105165,Normal,Above MA200,Bullish
2025-10-07 15:37:16.250965,Nickel,375.5235780676258,393.3950424173935,373.9463146676839,383.34591648096944,71680265.90284865,0.020830485408122466,31.47174897188874,Normal,Above MA200,Bullish
2025-10-08 15:37:16.250965,Nickel,383.5066591168908,389.4882412215678,376.47263092539646,384.9564994819339,98703462.97709031,0.003780482895347259,65.47729585268688,Normal,Above MA200,Bullish
2025-10-09 15:37:16.250965,Nickel,372.6428304355252,376.05126332156317,359.0434657001303,361.8959847417212,96196318.13285267,0.028839534310223208,53.13893004007543,Normal,Above MA200,Bullish
2025-10-10 15:37:16.250965,Nickel,365.4555763550275,365.4897500298404,355.76175844353423,357.75954486143144,89946107.88027412,0.021058733240178183,37.61800622430076,Normal,Above MA200,Neutral
2025-10-11 15:37:16.250965,Nickel,358.5514198186215,362.6018585332084,355.0641879455609,356.8154613030955,13780538.636103703,0.004841588736154389,48.26047026887161,Normal,Above MA200,Bearish
2025-10-12 15:37:16.250965,Nickel,352.637240662896,354.88484823345453,341.947727660012,344.6959389489604,58615010.94366961,0.022519747769711728,47.74843420875945,Normal,Above MA200,Neutral
2025-10-13 15:37:16.250965,Nickel,348.7280759186913,357.0514966748697,347.7733989651862,353.07939896127084,77190414.97817849,0.01247769635730186,68.48301512148893,Normal,Above MA200,Neutral
2025-10-14 15:37:16.250965,Nickel,350.69681329636444,352.53523688193116,347.0145728854365,350.5860083198716,10450805.19128301,0.0003159566106442251,61.39996697694335,Normal,Above MA200,Neutral
2025-10-15 15:37:16.250965,Nickel,357.7218185763791,361.1368734446764,354.87155826079965,358.7131760251255,83122793.38457471,0.002771308310719564,63.460807777903156,Normal,Above MA200,Neutral
2025-10-16 15:37:16.250965,Nickel,366.49677499614927,367.3059928500861,361.58404616198976,363.17339423802883,73826476.7982286,0.009067967264255877,61.020763220952375,Normal,Above MA200,Neutral
2025-10-17 15:37:16.250965,Nickel,359.69778715414094,361.30954223801285,357.1299344990349,361.15380951924294,31061710.9280225,0.004047904705285551,65.94904454442118,Normal,Above MA200,Bearish
2025-10-18 15:37:16.250965,Nickel,352.84296817806194,353.3716353680358,338.9420434671885,343.98287220216156,3874839.48331767,0.025110592458878638,31.62002745927678,Normal,Above MA200,Bullish
2025-10-19 15:37:16.250965,Nickel,363.52094674796393,367.23358627270534,357.8324816113267,365.24728073327884,11895761.843324527,0.004748925751758208,54.39462191604383,Normal,Above MA200,Bullish
2025-10-20 15:37:16.250965,Nickel,368.76931523721873,374.50103195400004,359.0831406472202,364.07010413150834,73676591.10723154,0.012742955857613824,54.83496750227205,Normal,Above MA200,Bearish
2025-10-21 15:37:16.250965,Nickel,369.44176874024356,383.72765873625383,367.93348817384697,376.0185291378737,49794713.816394635,0.017801886397567225,55.33134054558752,Normal,Above MA200,Neutral
2025-10-22 15:37:16.250965,Nickel,373.2829262010912,376.110653138755,364.43412566600483,368.06409670371636,4973799.428375608,0.013980895270209544,51.863770539889785,Normal,Above MA200,Bullish
2025-10-23 15:37:16.250965,Nickel,373.04106660108044,373.4251212124875,349.907185372231,357.2432064514372,63218317.12889321,0.042348849936505874,31.715880439742868,Normal,Above MA200,Neutral
2025-10-24 15:37:16.250965,Nickel,377.2981049274942,379.0082445292957,366.3678168948362,372.7737079691289,65868015.97305807,0.011991570854125418,43.61269617192766,Normal,Above MA200,Bearish
2025-10-25 15:37:16.250965,Nickel,374.5709021450097,376.36303235782225,371.71200150134644,372.2765893328543,28108241.30933586,0.006125176299111444,69.41824284018713,Normal,Above MA200,Bearish
2025-10-26 15:37:16.250965,Nickel,376.7522714171527,398.100749101748,375.86026872020875,386.1180226005159,95693314.35293275,0.02485917642416335,65.46905532579956,Normal,Above MA200,Bullish
2025-10-27 15:37:16.250965,Nickel,364.4940933993013,366.13768141266155,356.37258901711726,356.7315378062773,41683241.488844104,0.021296793922309674,54.08214691708181,Normal,Above MA200,Bearish
2025-10-28 15:37:16.250965,Nickel,358.91267976296086,369.12920431866536,358.2910170744017,367.08059504471487,85379994.30277601,0.022757388474400907,69.7207471684925,Normal,Above MA200,Bullish
2025-10-29 15:37:16.250965,Nickel,353.41869066998277,359.64068509798693,350.84359386102506,356.02390523341063,5908912.081876221,0.007371467984585219,51.75894315905917,Normal,Above MA200,Bearish
2025-10-30 15:37:16.250965,Nickel,350.3804915538175,360.18137514380413,349.58791489642925,358.3932036797836,80722599.74751279,0.022868602331232755,35.576137680460185,Normal,Above MA200,Bullish
2025-10-31 15:37:16.250965,Nickel,342.8617771060117,346.4688295006272,342.7310282456478,343.707618489283,8265017.648548847,0.0024670040224687253,46.209031317173356,Normal,Above MA200,Bullish
2025-11-01 15:37:16.250965,Nickel,338.53203638474776,340.4457157566377,336.0912358939797,337.14043314662945,24704569.246639024,0.0041106988070598385,37.473960778131485,Normal,Above MA200,Bearish
2025-11-02 15:37:16.250965,Nickel,326.24246920136216,331.2034429982741,320.2362799076511,321.2469273910866,35254238.884255365,0.015312359002506777,48.04821632849586,Normal,Above MA200,Neutral
2025-11-03 15:37:16.250965,Nickel,330.6952087365013,341.1351838590366,330.12789568565967,340.8487793427149,69264775.1821022,0.030703712475931216,66.2673255459317,Normal,Above MA200,Neutral
2025-11-04 15:37:16.250965,Nickel,330.02560624179563,334.59388260919206,328.0480559415513,333.9618056868002,75959495.91583945,0.011926951638172806,34.13740666595049,Normal,Above MA200,Bearish
2025-11-05 15:37:16.250965,Nickel,316.1877372086735,320.52383628858587,315.1191909729083,317.359293680527,22861666.67190379,0.003705255878030231,36.158293030073686,Normal,Above MA200,Bullish
2025-11-06 15:37:16.250965,Nickel,309.4130389758028,312.83618586627637,302.0082881299227,303.7007320914621,43252306.04727743,0.018461752301225494,50.59895139928421,Normal,Above MA200,Neutral
2025-11-07 15:37:16.250965,Nickel,312.144581135084,315.5079196786427,296.69775145992224,298.0675336725108,45761766.457122296,0.04509784347811951,50.94777328978753,Normal,Above MA200,Neutral
2025-11-08 15:37:16.250965,Nickel,307.7379232349366,313.04355588347033,305.79019611234946,310.0814240138681,59217421.818834744,0.007615248567016605,39.17647964938425,Normal,Above MA200,Bullish
2025-11-09 15:37:16.250965,Nickel,302.0821986151514,311.5228143526461,301.3707018968287,309.6698063511036,65718289.1832381,0.025117692372262985,41.127187068332105,Normal,Above MA200,Bearish
2025-11-10 15:37:16.250965,Nickel,301.476874260181,306.4213776498314,296.57514696879156,297.67445729298896,60364374.26282766,0.012612632317231958,52.66669815000658,Normal,Above MA200,Neutral
2025-11-11 15:37:16.250965,Nickel,304.2651902811849,306.5223607866153,289.9626612621407,291.0738975640769,76319946.60167663,0.04335459046405328,64.03121530522728,Normal,Above MA200,Bearish
2025-11-12 15:37:16.250965,Nickel,292.6090980286797,298.5390420673186,280.1862442075028,283.0151804970463,40769876.04885339,0.032787488824742785,48.33620212122115,Normal,Above MA200,Bearish
2025-11-13 15:37:16.250965,Nickel,297.0734259144859,299.56774679036863,292.8332767712889,297.9003841141477,35380446.252750725,0.0027836828458021284,37.481383427706284,Normal,Above MA200,Bearish
2025-11-14 15:37:16.250965,Nickel,290.57899463909774,294.71654585562646,284.537385603378,287.90914448354766,34867405.57018315,0.009188035628198216,43.41153268317882,Normal,Above MA200,Neutral
2025-11-15 15:37:16.250965,Nickel,290.43350802764974,294.41819353564046,290.23155124515483,291.08712863996834,22747793.121476036,0.0022505000086159763,49.277771175708835,Normal,Above MA200,Bearish
2025-11-16 15:37:16.250965,Nickel,290.1460713156689,294.3074975481231,289.8694940759922,291.90263610884887,86071747.34404446,0.006054070576295726,35.38699271967986,Normal,Above MA200,Bullish
2025-11-17 15:37:16.250965,Nickel,285.8688959836221,286.51651124463945,279.00989979441624,282.6788350525731,48989394.382569514,0.01115917462818946,63.401198450673874,Normal,Above MA200,Bearish
2025-11-18 15:37:16.250965,Nickel,277.5618315318569,280.22921738415715,274.2675221307315,276.4118702191206,2697667.2478177613,0.004143081584343567,41.705507268887025,Normal,Above MA200,Neutral
2025-11-19 15:37:16.250965,Nickel,275.2434668828852,276.3534474802084,271.536428306688,272.9292419398361,63475512.03860193,0.00840791961116286,50.55866050090582,Normal,Above MA200,Bearish
2025-11-20 15:37:16.250965,Nickel,288.4331265172801,293.8337746865487,287.448893550282,291.18558847846646,88637669.43690608,0.009542808048511322,40.0805893471621,Normal,Above MA200,Bullish
2025-11-21 15:37:16.250965,Nickel,277.38304636791725,287.9460699745034,273.1307294770242,287.83083054756736,89032187.32899489,0.037665547034883735,43.855972790514095,Normal,Above MA200,Neutral
2025-11-22 15:37:16.250965,Nickel,291.1162749874888,294.3636057185059,288.94406373156164,290.1284226284678,83486171.7849249,0.0033933257735709547,31.80671025989911,Normal,Above MA200,Bullish
2025-11-23 15:37:16.250965,Nickel,289.00862103726183,290.84083923983155,286.45968674150436,288.1087258440362,69707974.63663198,0.00311373131360532,54.10531685142539,Normal,Above MA200,Bullish
2025-11-24 15:37:16.250965,Nickel,289.2956623540824,293.8389785386853,282.9032056887926,285.6781238166712,53691249.919993095,0.012504641472928782,60.73642172456137,Normal,Above MA200,Bearish
2025-11-25 15:37:16.250965,Nickel,280.47693446649555,290.8911415890132,279.6650493240422,288.33086028002475,95093738.45228608,0.028002038130045953,58.659118676557995,Normal,Above MA200,Neutral
2025-11-26 15:37:16.250965,Nickel,274.2180337153107,281.76736686015926,270.16490171813405,280.6071080554985,54698602.73915255,0.023299249336828205,44.844466551063526,Normal,Above MA200,Neutral
2025-11-27 15:37:16.250965,Nickel,270.1368896710405,272.26877674521825,268.7268317082112,271.4764656169468,3881043.6809746823,0.004958878247016316,30.923986936969886,Normal,Above MA200,Neutral
2025-11-28 15:37:16.250965,Nickel,261.65100795809445,265.27028761772056,260.54519592129077,263.9281199148045,14573215.619358536,0.008702859486307425,51.53903906650824,Normal,Above MA200,Neutral
2025-11-29 15:37:16.250965,Nickel,259.95562534334294,260.81689778780776,248.52739140574295,249.5115194288582,87690599.76704185,0.040176495125621554,38.3674452032337,Normal,Above MA200,Bullish
2025-11-30 15:37:16.250965,Nickel,256.6526652934712,257.87087652622006,252.6314061813414,253.92862002730206,87379531.16777201,0.01061374236287133,50.98830164729063,Normal,Above MA200,Bearish
2025-12-01 15:37:16.250965,Nickel,271.6718728909556,282.67894941112513,268.6956742970254,279.4533716934651,56380129.21920853,0.028643004959268803,67.30929081681447,Normal,Above MA200,Neutral
2025-12-02 15:37:16.250965,Nickel,262.2099176405386,270.545310532923,261.8675358415062,268.61311812066936,83110621.79969464,0.02442013077822953,37.63169061903355,Normal,Above MA200,Neutral
2025-12-03 15:37:16.250965,Nickel,263.04325776594646,266.50245259122016,261.9256256221315,265.4965607650096,62854775.026052386,0.009326614260708434,40.774741808107756,Normal,Above MA200,Neutral
2025-12-04 15:37:16.250965,Nickel,265.05454622939453,269.83154906213326,260.2416195161171,266.5399357334385,35899327.63954006,0.005604089894607678,56.74353674233119,Normal,Above MA200,Bullish
2025-12-05 15:37:16.250965,Nickel,256.368826374426,266.71256569234384,249.8996837796717,262.4173142012239,27621526.15158666,0.02359291460017098,32.241165329956544,Normal,Above MA200,Bearish
2025-12-06 15:37:16.250965,Nickel,261.9424755225314,270.0195586415131,256.0463119946807,268.42527176980735,98820579.01691942,0.024748930979383348,47.53675458807646,Normal,Above MA200,Bullish
2025-12-07 15:37:16.250965,Nickel,258.71002628205474,264.794060719649,254.62683083510885,261.79866906846365,10472934.52328472,0.01193862808796435,44.18271284464603,Normal,Above MA200,Bullish
2025-12-08 15:37:16.250965,Nickel,238.4841245086646,247.9610304918332,237.34515099360232,241.67157635393065,54602013.184374645,0.013365467625289557,30.738636195729438,Normal,Above MA200,Neutral
2025-12-09 15:37:16.250965,Nickel,243.83884640423963,248.4149189916775,237.47709808437756,239.3899498752927,65935817.89571537,0.01824523284354575,67.00987947804661,Normal,Above MA200,Neutral
2025-12-10 15:37:16.250965,Nickel,234.77479953893953,240.13945090737047,225.72257517101542,227.88529847126458,99148784.44191153,0.029345147269659456,39.76547283227625,Normal,Above MA200,Bearish
2025-12-11 15:37:16.250965,Nickel,226.27203869343205,229.3080744688787,226.21733028371676,226.84939926361238,30838439.364301063,0.0025516213736094585,36.370467773643774,Normal,Above MA200,Bearish
2025-12-12 15:37:16.250965,Nickel,231.85440818748563,235.8596032033067,227.7125916169964,234.3176911933918,68083704.37871853,0.010624266431519706,31.53732389729879,Normal,Above MA200,Neutral
2025-12-13 15:37:16.250965,Nickel,229.03717050619443,230.6830236504022,228.60845328561834,228.97448701386702,35962285.825971246,0.00027368261749343635,48.34915296800963,Normal,Above MA200,Neutral
2025-12-14 15:37:16.250965,Nickel,236.4849503329231,250.876633198227,235.27914372792276,243.64819295675127,27249751.219484054,0.03029047985397709,30.67573420286074,Normal,Above MA200,Neutral
2025-12-15 15:37:16.250965,Nickel,246.30552576293235,250.08761410998474,245.48944350663757,249.86581650558958,39086453.33665842,0.014454774133179586,35.326125158252,Normal,Above MA200,Bearish
2025-12-16 15:37:16.250965,Nickel,241.07188997044807,246.7265382831744,238.99189937182788,244.65613935277054,92682053.33190496,0.014867968981210745,48.22410150006648,Normal,Above MA200,Bullish
2025-12-17 15:37:16.250965,Nickel,247.50926596962617,249.71009004888623,243.6007590466582,247.9287925294511,19610403.33552735,0.0016949933497699607,51.634383153003114,Normal,Above MA200,Bullish
2025-12-18 15:37:16.250965,Nickel,241.37865314473586,242.80572144364444,233.47471210706087,237.14574777798606,96580359.66554053,0.01753636997970839,62.37125057485733,Normal,Above MA200,Bullish
2025-12-19 15:37:16.250965,Nickel,259.5005319447948,260.3986244093403,252.55361196177213,256.26485775533666,23749772.67692068,0.012468853783106927,31.515774515359844,Normal,Above MA200,Neutral
2025-12-20 15:37:16.250965,Nickel,253.8771414376448,258.9736840920605,253.0447452984153,256.48522407151904,24678502.690880243,0.010273010870948382,53.60373597952031,Normal,Above MA200,Neutral
2025-12-21 15:37:16.250965,Nickel,262.2039067885539,262.931705928787,241.2024237726116,242.52584276444352,75567053.94890907,0.07504870642518371,38.762664652495154,Normal,Above MA200,Bullish
2025-12-22 15:37:16.250965,Nickel,269.0513169316698,273.13848972333665,265.0824984622735,265.14370040461085,69551594.89929487,0.014523684818280804,55.2074227621829,Normal,Above MA200,Bullish
2025-12-23 15:37:16.250965,Nickel,271.6163898678696,271.84740865296124,263.6544526281427,265.6357597089496,67308913.31456447,0.022018664491599116,40.755324491173376,Normal,Above MA200,Bullish
2025-12-24 15:37:16.250965,Nickel,266.17488913421903,271.76088032345217,265.84207024532805,266.80260192097967,56875889.62554939,0.0023582719947865174,65.46679026608832,Normal,Above MA200,Neutral
2025-12-25 15:37:16.250965,Nickel,264.94628878322675,269.50206064993114,263.21644920410444,266.1762509759049,58361157.47757881,0.004642307685556869,61.92683210471381,Normal,Above MA200,Bearish
2025-12-26 15:37:16.250965,Nickel,247.46978321151943,249.1677393057906,244.7946786453789,245.89576083332346,7652512.7121685995,0.006360462912963494,58.581668058000204,Normal,Above MA200,Bearish
2025-12-27 15:37:16.250965,Nickel,249.2909662072909,251.26241680725664,241.828119603195,242.53653840357893,50715933.012373626,0.0270945550353216,55.83059802771747,Normal,Above MA200,Bullish
2025-12-28 15:37:16.250965,Nickel,252.12811702733222,260.6702119047154,250.89168022060116,256.2870614341547,57972052.51075012,0.016495361389509754,34.92938672039216,Normal,Above MA200,Bullish
2025-12-29 15:37:16.250965,Nickel,253.2114733697183,259.69323198457823,251.26694431444068,257.1833509350202,92435769.41567141,0.01568600945464471,59.64315218171184,Normal,Above MA200,Bearish
2025-12-30 15:37:16.250965,Nickel,229.0829032143332,231.38129617673442,227.30711530759092,228.1263893237152,39049563.767894246,0.004175404961246978,59.5356654774423,Normal,Above MA200,Bullish
2025-12-31 15:37:16.250965,Nickel,218.8121823409136,219.9479894655913,212.11117546004868,213.14297650682482,41909045.07168535,0.025909004578438276,30.571630801628014,Normal,Above MA200,Bullish
2026-01-01 15:37:16.250965,Nickel,212.74137606588135,213.87320790927768,208.4648693050532,210.63458681059473,42564039.45315259,0.009903053624294587,65.5885488049759,Normal,Above MA200,Neutral
2026-01-02 15:37:16.250965,Nickel,215.10820700271603,226.18065686587235,213.95871915974806,225.65181995849332,47321360.28507047,0.04901539138227368,33.71437891774085,Normal,Above MA200,Bullish
2026-01-03 15:37:16.250965,Nickel,217.45621076731123,221.01915216654018,211.4473205249339,213.09304247114773,40059381.61600012,0.020064583489097565,32.76611362711054,Normal,Above MA200,Bearish
2026-01-04 15:37:16.250965,Nickel,216.0748337848975,218.67546398809466,214.75897165436308,216.7828068637252,45800830.75890076,0.003276517984193012,50.26215263525671,Normal,Above MA200,Bearish
2026-01-05 15:37:16.250965,Nickel,221.22989203077623,221.52129332095515,216.5814317127997,216.84873224401883,92377083.09959845,0.019803651968278786,43.03341758016582,Normal,Above MA200,Neutral
2026-01-06 15:37:16.250965,Nickel,212.90186937774394,215.7059691919224,210.41646737881746,214.03470061323662,33047905.16845395,0.005320907884950351,50.36636516838635,Normal,Above MA200,Bearish
2026-01-07 15:37:16.250965,Nickel,217.85396556222753,229.07479032784283,217.46162900328554,222.25705060731332,46333997.55276247,0.020211176940123567,35.10364957149508,Normal,Above MA200,Neutral
2026-01-08 15:37:16.250965,Nickel,221.70652817180394,221.7228250979656,218.9030146634817,221.2993335371374,56566275.97076501,0.0018366380008034765,43.51023045974341,Normal,Above MA200,Bullish
2026-01-09 15:37:16.250965,Nickel,224.7704090283176,228.38034522295482,223.63031736037365,227.81616926410615,36254484.052376986,0.013550539187766681,39.64441790740874,Normal,Above MA200,Neutral
2026-01-10 15:37:16.250965,Nickel,223.29313926209727,228.0610192820036,222.73137999669103,227.34239160978055,35160036.06288363,0.018134244343845904,35.50208445900559,Normal,Above MA200,Bullish
2026-01-11 15:37:16.250965,Nickel,238.14974274292084,239.6062788252095,233.42734022234376,237.79323660996798,57563805.00498759,0.0014969830697559193,35.99908096606179,Normal,Above MA200,Neutral
2026-01-12 15:37:16.250965,Nickel,242.15205736660732,244.10470337701582,235.73537665752997,240.03963570558597,87368558.01081869,0.008723533815875208,43.30251809628073,Normal,Above MA200,Neutral
2026-01-13 15:37:16.250965,Nickel,234.2939497703984,238.6686684508724,234.12927142473748,236.0160863309179,77104744.54450145,0.00735032450563534,65.10182170237891,Normal,Above MA200,Bullish
2026-01-14 15:37:16.250965,Nickel,236.30896462124286,236.32730932583658,221.98931290875518,224.76367007579123,86393126.41986123,0.04885677766798432,56.859866801298466,Normal,Above MA200,Bearish
2026-01-15 15:37:16.250965,Nickel,242.4154154569479,242.50097820124014,231.38920352255437,235.3210668132968,21318158.751250606,0.02926525373924094,57.81317625810268,Normal,Above MA200,Neutral
2026-01-16 15:37:16.250965,Nickel,237.64287648160192,249.4621706837772,232.9187811556427,248.14598212539389,53807330.139403746,0.044197014441563036,50.432368628461504,Normal,Above MA200,Bullish
2026-01-17 15:37:16.250965,Nickel,246.48239058282394,247.2861101252317,243.2347448077392,244.95514182487648,56485362.2512747,0.0061961779676681285,53.33559481478289,Normal,Above MA200,Neutral
2026-01-18 15:37:16.250965,Nickel,249.5826185913251,253.2808535902377,246.82876728295176,247.9481011323468,40464267.20276342,0.0065490035652470465,60.33222854053173,Normal,Above MA200,Neutral
2026-01-19 15:37:16.250965,Nickel,230.5732567390078,230.76340218867054,226.94770248359208,227.9730595162666,16213938.701654624,0.011277098044741739,64.50079224906764,Normal,Above MA200,Bullish
2026-01-20 15:37:16.250965,Nickel,233.00511404271018,239.29461711484808,231.14113240102068,239.03011089485304,74536292.6402203,0.02585778804425084,51.879834013540815,Normal,Above MA200,Neutral
2026-01-21 15:37:16.250965,Nickel,229.71016143003658,237.08640123284007,227.18361778681492,230.52591616755547,85026494.20021549,0.0035512348798176804,50.46078229851495,Normal,Above MA200,Neutral
2026-01-22 15:37:16.250965,Nickel,234.0694100558155,235.83409572363126,233.06437012022852,233.65194827074666,70099628.68665212,0.0017834956945859785,44.83818585636082,Normal,Above MA200,Neutral
2026-01-23 15:37:16.250965,Nickel,241.73177400431786,242.36476474489774,239.23474706125265,242.10124087293215,49262725.58340771,0.0015284166516218636,44.65212581049356,Normal,Above MA200,Bullish
2026-01-24 15:37:16.250965,Nickel,243.3155265258696,247.42376289416683,234.84576027862974,236.96510537723623,73047816.01552987,0.026099531087499992,57.317667785013214,Normal,Above MA200,Bullish
2026-01-25 15:37:16.250965,Nickel,256.8291551393935,259.9431488144411,251.71556223064087,254.5014645892709,42069949.01117249,0.009063186571864277,51.386382669963396,Normal,Above MA200,Neutral
2026-01-26 15:37:16.250965,Nickel,255.37893731686563,256.8712785852595,252.52653327485808,254.97767288991977,7522826.792208049,0.001571251063857257,48.74040199679298,Normal,Above MA200,Neutral
2026-01-27 15:37:16.250965,Nickel,260.44937399891666,266.2427684851199,259.2521136301484,260.1284950204054,9314960.637526736,0.0012320205404394741,65.61236791098257,Normal,Above MA200,Bearish
2026-01-28 15:37:16.250965,Nickel,266.9815345771264,269.5604904286675,265.6772478128482,269.4232108784748,86698121.14086951,0.009145487552971576,36.03317750644115,Normal,Above MA200,Bearish
2026-01-29 15:37:16.250965,Nickel,266.19156580012987,267.00427301641207,264.38773646682836,265.1811578708899,3874950.318712718,0.0037957924256647123,54.70962002499992,Normal,Above MA200,Bullish
2026-01-30 15:37:16.250965,Nickel,272.5113692252459,276.2132863456859,265.17902652720886,269.13987556808763,50803982.960617594,0.012371937606652787,33.09258747530618,Normal,Above MA200,Bearish
2026-01-31 15:37:16.250965,Nickel,267.6855598186024,269.9686846003486,267.3626158373098,267.9292765045768,8608096.724262185,0.0009104588463401984,45.717777574934395,Normal,Above MA200,Neutral
2026-02-01 15:37:16.250965,Nickel,264.2563900135395,267.04450349589325,261.8892455610771,262.4336268669834,47932357.4736457,0.006897706982460064,67.10534877924295,Normal,Above MA200,Bearish
2026-02-02 15:37:16.250965,Nickel,253.6054601669296,257.6158099405714,250.62488561898522,254.99426046013377,64307375.50971827,0.005476223943640839,48.28009237507763,Normal,Above MA200,Bearish
2026-02-03 15:37:16.250965,Nickel,255.5645106194943,258.45155551767135,252.05182479055287,252.1425673777613,93651720.97120386,0.01338974348761544,68.22674648733772,Normal,Above MA200,Bullish
2026-02-04 15:37:16.250965,Nickel,258.2039488161993,258.3413454279174,254.02228203667,254.66833371731582,86752702.6112925,0.01369311009801888,65.31222716753939,Normal,Above MA200,Bearish
2026-02-05 15:37:16.250965,Nickel,267.7737449334523,267.97102271451286,257.9408846673022,260.75941778849943,56256007.846891284,0.02619497720620846,47.83695839805371,Normal,Above MA200,Bearish
2026-02-06 15:37:16.250965,Nickel,274.19389677726133,277.1867512457523,272.79642313824723,276.4931508915051,89544595.5161506,0.00838550435027203,32.28718618121066,Normal,Above MA200,Bearish
2026-02-07 15:37:16.250965,Nickel,271.8827625809729,278.1761602382744,268.58866414976484,277.22570555153794,12052032.029916981,0.019651642935523787,47.64139223382482,Normal,Above MA200,Bearish
2026-02-08 15:37:16.250965,Nickel,262.3217589023182,264.5052975352793,257.8670591862054,259.14143021958506,85943352.09926435,0.01212377004500572,43.69527064036753,Normal,Above MA200,Neutral
2026-02-09 15:37:16.250965,Nickel,265.8343676625017,280.092076134866,265.8223436005326,277.4369396361662,96672616.54041918,0.04364586895098131,44.48985808215397,Normal,Above MA200,Neutral
2026-02-10 15:37:16.250965,Nickel,274.84820085085187,277.3917979499319,268.1537429993818,269.6907141453724,98179333.30586942,0.01876485525287556,58.46051601247274,Normal,Above MA200,Bullish
2026-02-11 15:37:16.250965,Nickel,280.9765753171787,286.5450230982194,279.4785174358089,285.8589801121289,23449066.44749676,0.017376554573770985,31.407413709664745,Normal,Above MA200,Neutral
2026-02-12 15:37:16.250965,Nickel,289.7771799414519,295.72169882838676,283.9301260924925,294.3688517405644,25499305.220632408,0.01584552586245828,54.01891453001096,Normal,Above MA200,Bullish
2026-02-13 15:37:16.250965,Nickel,288.05768281462696,291.5938600903317,285.4886440785314,288.3394510568096,33696471.44396868,0.0009781660375431358,35.02859631138705,Normal,Above MA200,Neutral
2026-02-14 15:37:16.250965,Nickel,284.2710399797369,290.07167957701057,282.69752765856657,286.3118262921188,11746980.419492198,0.0071790158875396385,59.97161442197001,Normal,Above MA200,Neutral
2026-02-15 15:37:16.250965,Nickel,278.29103827436467,281.6110517376425,277.16404823961267,280.9839154395254,77007061.06309697,0.009676478200156255,52.5040596959426,Normal,Above MA200,Bullish
2026-02-16 15:37:16.250965,Nickel,277.8374348650871,282.4921806632682,277.0332727774192,280.76403353577405,67678136.21973878,0.010533492983434931,46.947607146419884,Normal,Above MA200,Bullish
2026-02-17 15:37:16.250965,Nickel,277.19966551848904,279.3912638038298,274.59689673325755,277.2728175910072,5537534.750522449,0.0002638966839347999,38.13136341376444,Normal,Above MA200,Bearish
2026-02-18 15:37:16.250965,Nickel,278.87686772117604,285.81157268081887,278.0715838441075,284.30199203606793,56730191.919006474,0.019453475504164097,44.08305919236394,Normal,Above MA200,Neutral
2026-02-19 15:37:16.250965,Nickel,277.82761056995645,284.97243337501914,275.96910966610716,279.02314193559556,52660919.96202064,0.00430314094119908,47.36305576787679,Normal,Above MA200,Neutral
2026-02-20 15:37:16.250965,Nickel,276.74321297829647,278.0010331517896,273.0897683147254,273.6008098290125,12853023.885989485,0.011354942061507464,67.36945764288555,Normal,Above MA200,Neutral
2026-02-21 15:37:16.250965,Nickel,270.44029095588604,271.43499014661757,261.764174848015,263.45422998846516,80799195.53848523,0.025832175164167446,38.37525333783091,Normal,Above MA200,Bearish
2026-02-22 15:37:16.250965,Nickel,278.0815896043346,279.053503883558,274.0127422830379,276.8555660985452,93949448.19198613,0.004408862548340003,69.70898478374511,Normal,Above MA200,Neutral
2026-02-23 15:37:16.250965,Nickel,278.70253858390066,280.05950625068436,277.16722375772423,277.2682037933785,20462105.36817516,0.0051464719259825585,66.18553708459797,Normal,Above MA200,Bullish
2026-02-24 15:37:16.250965,Nickel,277.28691487611616,280.9798457983815,257.76331954456566,264.76973823313745,39514104.05270338,0.045141605937557505,69.9279138754438,Normal,Above MA200,Bearish
2026-02-25 15:37:16.250965,Nickel,271.2214785791973,278.53305131955096,268.73374338222334,277.98673196217334,78692933.72995737,0.024943649073871393,66.48271380502503,Normal,Above MA200,Neutral
2026-02-26 15:37:16.250965,Nickel,260.4129183188263,261.47433362601123,256.9411139977676,258.5220169833692,80123483.52286117,0.007261165642873614,40.8613393163401,Normal,Above MA200,Neutral
2026-02-27 15:37:16.250965,Nickel,271.02713157589534,279.20396078106154,270.8128296960396,275.323146452734,76026783.00031464,0.015850866486537305,55.64798532928592,Normal,Above MA200,Bearish
2026-02-28 15:37:16.250965,Nickel,275.528060242193,279.42806625561354,268.9961058161471,269.2812008073609,13708867.4547241,0.022672316675626542,49.95924020775046,Normal,Above MA200,Bullish
2026-03-01 15:37:16.250965,Nickel,262.3498628640207,271.87715067620036,260.92377114263394,266.0641536142028,30497785.46687755,0.01415777660271647,37.303885243483975,Normal,Above MA200,Bearish
2026-03-02 15:37:16.250965,Nickel,268.5428115482157,274.7626769044142,263.94716800653794,272.9605746573601,95469466.13380855,0.01645087084504315,66.66725300321309,Normal,Above MA200,Bearish
2026-03-03 15:37:16.250965,Nickel,276.02880537148724,276.75184904345065,261.5729491665918,267.8296358837103,41301412.30872311,0.02970403569563064,56.022991644373846,Normal,Above MA200,Neutral
2026-03-04 15:37:16.250965,Nickel,277.03812557590066,279.463849824049,269.80354381789414,273.9845687603982,40011892.46374986,0.011022153752862715,51.58589170468759,Normal,Above MA200,Bearish
2026-03-05 15:37:16.250965,Nickel,290.00689792653577,300.79972113079276,286.9076308836564,298.21756983340805,89177180.9649416,0.02831198832019568,58.65324109026781,Normal,Above MA200,Bullish
2026-03-06 15:37:16.250965,Nickel,291.76559171310225,303.17214278860996,289.237234179121,299.190494718095,84828870.4325089,0.025448179003553763,39.664970870495374,Normal,Above MA200,Bullish
2026-03-07 15:37:16.250965,Nickel,280.26797797187726,283.1352605672358,277.6729263315102,278.97169016236876,32524705.241653685,0.00462517273250027,55.31082964787488,Normal,Above MA200,Bullish
2026-03-08 15:37:16.250965,Nickel,283.2313478210496,295.46459891489,282.7352555379816,292.0032431948166,93191251.1587109,0.030970778627615967,64.01451150631402,Normal,Above MA200,Bearish
2026-03-09 15:37:16.250965,Nickel,285.21870512124696,286.70857085483135,275.49738076196087,281.1589938677038,20004436.903192107,0.014233678158721553,51.49581700933459,Normal,Above MA200,Bearish
2026-03-10 15:37:16.250965,Nickel,280.3229125248396,283.246246597833,278.93181409057763,282.2948385375971,78490835.32565899,0.007034480324839008,59.84602015307152,Normal,Above MA200,Bullish
2026-03-11 15:37:16.250965,Nickel,284.9773792486018,294.407696689153,284.2895146080573,293.4573534690536,98122824.04143998,0.02975665732771814,30.800587726917314,Normal,Above MA200,Bearish
2026-03-12 15:37:16.250965,Nickel,271.44416872373586,271.4949491287796,267.3267908542124,267.6781689649853,70220126.60015626,0.013873938705176166,51.007031597368965,Normal,Above MA200,Bearish
2026-03-13 15:37:16.250965,Nickel,279.48268201924367,288.70093964129876,276.94002290848584,283.22974427766,34482781.088983715,0.013407135752899084,43.48285448362333,Normal,Above MA200,Neutral
2026-03-14 15:37:16.250965,Nickel,272.3566681108947,278.12947160385335,268.9904943855631,276.6892693799015,23540975.967030246,0.015907821530709392,54.887905851205325,Normal,Above MA200,Bullish
2026-03-15 15:37:16.250965,Nickel,264.3637671750218,264.9765711248712,252.24944134931474,253.70960907875076,14642495.780445518,0.040301128290464505,56.84744488636726,Normal,Above MA200,Bearish
2026-03-16 15:37:16.250965,Nickel,263.4400718520985,269.99148836652483,262.9998341766894,266.2176870022302,32590438.64742581,0.010543631918272142,65.48567994776576,Normal,Above MA200,Bullish
2026-03-17 15:37:16.250965,Nickel,266.95367491475986,271.39756868529315,266.856345214567,270.72942984753064,82760478.68318956,0.014143858232992598,40.58793510844026,Normal,Above MA200,Neutral
2026-03-18 15:37:16.250965,Nickel,268.2839291976044,268.31397477483426,264.38586431448476,267.69917652614276,62815648.25974414,0.0021796037996405756,57.17435159686586,Normal,Above MA200,Neutral
2026-03-19 15:37:16.250965,Nickel,262.25720246630084,263.40577494918205,257.57924857109896,260.2447540240225,40354710.58161437,0.007673567869072797,46.93666837225088,Normal,Above MA200,Bearish
2026-03-20 15:37:16.250965,Nickel,258.1502554302665,259.44765349403445,254.9795029725482,255.82087094738594,2327076.6109471116,0.009023366949601182,63.73566585316283,Normal,Above MA200,Neutral
2026-03-21 15:37:16.250965,Nickel,248.9555441584587,256.21977145239464,245.49795190492475,252.56205160370746,52702801.91131973,0.014486552036588767,42.772733059913755,Normal,Above MA200,Bearish
2026-03-22 15:37:16.250965,Nickel,247.13225235577676,248.20679178391197,237.21188784318636,238.47565090240002,78763651.88821259,0.03502821412769107,49.51414009465249,Normal,Above MA200,Neutral
2026-03-23 15:37:16.250965,Nickel,255.85611841548285,258.5245141840048,247.7981404512605,248.7160320627598,84634245.6686666,0.02790664689569119,37.83100445652545,Normal,Above MA200,Neutral
2026-03-24 15:37:16.250965,Nickel,255.82152440326797,259.6688506087855,253.33346289742076,254.02885459810045,53675976.49760681,0.007007501848599793,44.24926035043366,Normal,Above MA200,Neutral
2026-03-25 15:37:16.250965,Nickel,262.7957261651696,267.0532458167801,262.40560516425455,264.4075746128289,31429899.20120044,0.006133465224796744,57.67970088226977,Normal,Above MA200,Neutral
2026-03-26 15:37:16.250965,Nickel,274.60640130539633,274.94641096918826,269.87690195447357,272.59749475432204,35637435.979315236,0.007315585294168403,61.64638748360273,Normal,Above MA200,Bullish
2026-03-27 15:37:16.250965,Nickel,269.83459333410985,271.7240017286475,265.86062782785456,268.41094117637795,93569375.44268233,0.005276017949148299,52.607900847110045,Normal,Above MA200,Bearish
2026-03-28 15:37:16.250965,Nickel,268.32053942707216,276.7271100181022,268.16078154900265,272.6502631704105,72746239.25897337,0.016136385804021044,47.81278472895008,Normal,Above MA200,Bullish
2026-03-29 15:37:16.250965,Nickel,285.93990865814055,289.6367519038048,279.8123749358406,287.676688575819,95751396.92697766,0.006073933246425327,65.94962180343913,Normal,Above MA200,Bearish
2026-03-30 15:37:16.250965,Nickel,297.6608480221739,297.89992794317794,289.73495179519733,297.23877217236287,46296995.3299678,0.0014179757015932149,43.63053957395549,Normal,Above MA200,Bearish
2026-03-31 15:37:16.250965,Nickel,284.08917810171477,286.23396116906935,283.45571646342,286.2246872074796,57713734.39271841,0.007517037854219937,36.656807420898105,Normal,Above MA200,Neutral
2026-04-01 15:37:16.250965,Nickel,287.2309115009879,293.83648118425043,283.6185650465471,293.63260012360297,81930167.49118714,0.022287603340328824,44.75538489496023,Normal,Above MA200,Neutral
2026-04-02 15:37:16.250965,Nickel,287.23545587471745,290.2634515491974,284.99129490137676,288.3129506974695,97123088.08362222,0.0037512598139068554,44.647873231733946,Normal,Above MA200,Bullish
2026-04-03 15:37:16.250965,Nickel,293.94217584120616,299.6420403194395,292.0066442279554,298.1318997156873,51349214.265002795,0.014253564880544857,33.29832311935816,Normal,Above MA200,Bearish
2026-04-04 15:37:16.250965,Nickel,287.8966253933284,290.6725409862204,287.7182906069937,288.9268548993518,19130401.785605215,0.003578470239503049,54.24133810081514,Normal,Above MA200,Bullish
2026-04-05 15:37:16.250965,Nickel,281.0831496391563,281.7072271188577,275.1311787020008,276.6143105548426,54283624.939497165,0.015898637431844186,66.7710884473093,Normal,Above MA200,Neutral
2026-04-06 15:37:16.250965,Nickel,275.5967924515036,279.4163618886476,270.0524390163329,270.06954560070517,55718247.4465031,0.020055555805392835,46.29742611064575,Normal,Above MA200,Neutral
2026-04-07 15:37:16.250965,Nickel,270.95555564109554,271.4451725794621,261.09423296362974,263.52426018127875,43179576.112092726,0.027426252405985722,65.57546226996207,Normal,Above MA200,Neutral
2026-04-08 15:37:16.250965,Nickel,277.57196351330606,280.41286755537,265.455906950613,269.2844491398207,93921431.26367801,0.029857173860745847,56.51212345502943,Normal,Above MA200,Bullish
2026-04-09 15:37:16.250965,Nickel,267.9864402836024,269.79311975308593,257.69378328391616,261.4429740023553,86836128.27889171,0.02441715436916261,34.20476519409587,Normal,Above MA200,Neutral
2026-04-10 15:37:16.250965,Nickel,262.93388857872515,265.3164572028733,261.5052646481476,264.49768966893447,47052195.969007194,0.005947506799759997,33.4603707575899,Normal,Above MA200,Bearish
2026-04-11 15:37:16.250965,Nickel,248.41593836228242,253.94501471779918,244.96445959100996,245.2574359652944,13913505.998801302,0.012714572252532894,61.90262210138087,Normal,Above MA200,Neutral
2026-04-12 15:37:16.250965,Nickel,256.58876405092667,263.2929579685676,252.86811996176294,262.717104289435,21337990.73165382,0.023883899441878943,38.32320627638936,Normal,Above MA200,Bullish
2026-04-13 15:37:16.250965,Nickel,266.9032547750347,275.1033799878323,262.8015135431638,269.4589728085639,30699155.584817402,0.009575447237176963,31.94133802918676,Normal,Above MA200,Neutral
2026-04-14 15:37:16.250965,Nickel,264.249032919662,275.7984806263378,261.140555127421,273.5659606780956,64719745.02384244,0.03525813379709201,39.74868528670105,Normal,Above MA200,Bearish
2026-04-15 15:37:16.250965,Nickel,261.83115472700916,263.1753187536778,254.81682351009096,258.39834434923483,93940795.0655329,0.013110778896244976,47.09319303896031,Normal,Above MA200,Neutral
2026-04-16 15:37:16.250965,Nickel,265.50907951348887,269.5100950389137,262.2354489230264,262.6194373986668,80006611.70084521,0.010883402255459449,38.54851899410316,Normal,Above MA200,Bearish
2026-04-17 15:37:16.250965,Nickel,277.4745955109259,278.1241504898615,269.69112450097157,272.114436325745,8177360.8065003995,0.01931765744287696,65.81195350835787,Normal,Above MA200,Neutral
2026-04-18 15:37:16.250965,Nickel,280.7904979174898,287.2560474077515,279.5742766213724,285.90002596950023,57982135.4441436,0.01819694074374207,48.53315606185092,Normal,Above MA200,Bullish
2026-04-19 15:37:16.250965,Nickel,275.1299003450515,276.9327697696403,274.17643484956767,275.1538226582435,40450756.9330356,8.694915805960602e-05,55.35489784208316,Normal,Above MA200,Bullish
2026-04-20 15:37:16.250965,Nickel,261.99305141424816,262.8635828032698,259.32656075109685,260.92485832523414,21580917.4710513,0.004077180991052522,45.86254867188323,Normal,Above MA200,Bullish
2026-04-21 15:37:16.250965,Nickel,252.94373031823343,253.2438478894879,252.51113085033043,253.0538418783879,1357037.1745396883,0.00043532037744488134,54.60909995862683,Normal,Above MA200,Neutral
2026-04-22 15:37:16.250965,Nickel,253.53791085055144,255.31435237086518,249.4235172841402,250.41295880389,84454267.80280775,0.012325383751006135,59.87614621422093,Normal,Above MA200,Bearish
2026-04-23 15:37:16.250965,Nickel,248.21988599627574,255.58208805281672,248.10344652392786,255.14279145835653,70916938.71921134,0.027890212882398256,35.22085597690119,Normal,Above MA200,Bullish
2026-04-24 15:37:16.250965,Nickel,249.80206142693024,251.18017001959055,242.1633827762402,246.8457724586054,56794255.934878334,0.011834525909985563,59.42790021225015,Normal,Above MA200,Bearish
2026-04-25 15:37:16.250965,Nickel,245.31504759526905,246.42629930462363,240.67890143102386,245.48829845314873,43405896.6420132,0.0007062382009500793,51.255932279852885,Normal,Above MA200,Bearish
2026-04-26 15:37:16.250965,Nickel,236.72812148296137,238.2023911342884,224.304800015697,226.16696113623317,46859734.10349386,0.04461303659476024,42.957564806428636,Normal,Above MA200,Neutral
2026-04-27 15:37:16.250965,Nickel,227.17643435136782,235.8896367605866,221.94674729365838,232.40762111608194,88274069.8457321,0.023026978038678092,34.50846730995636,Normal,Above MA200,Neutral
2026-04-28 15:37:16.250965,Nickel,239.8550413347201,241.97290947843007,235.68129928635088,239.7436902615061,3579730.712573707,0.00046424320537262893,52.61540640396784,Normal,Above MA200,Bearish
2026-04-29 15:37:16.250965,Nickel,247.06923389939996,249.93405391175997,242.77131268510277,245.46490072166966,42159156.20068442,0.006493455912780784,51.62467537498397,Normal,Above MA200,Neutral
2026-04-30 15:37:16.250965,Nickel,261.11249799678103,265.59661759695797,259.88038658858414,264.3035547083031,20324187.613316625,0.01222100334531447,35.73183965723737,Normal,Above MA200,Neutral
2026-05-01 15:37:16.250965,Nickel,265.49423416479533,266.7561465099332,262.5048587418587,263.26900428205977,29904729.104435988,0.008381462180283619,53.88975873288338,Normal,Above MA200,Bearish
2026-05-02 15:37:16.250965,Nickel,262.0048263234005,264.7584028708605,249.94987154768225,250.32049259516805,52185560.35966219,0.04459587211500494,35.770130763112434,Normal,Above MA200,Bullish
2026-05-03 15:37:16.250965,Nickel,272.74382272951556,273.1495584403358,265.5830430196316,269.7372880971711,20578995.134134322,0.011023291388439995,62.77384594887084,Normal,Above MA200,Bullish
2026-05-04 15:37:16.250965,Nickel,272.47547377895694,280.7701883038534,269.86796153029803,277.7805647283261,86578335.22368824,0.01946997605249752,30.13491774202222,Normal,Above MA200,Neutral
2026-05-05 15:37:16.250965,Nickel,274.26761889981196,275.11735238355806,267.88895945425304,267.95258925068515,60139043.42109454,0.023025064622862534,36.41493860420773,Normal,Above MA200,Bullish
2026-05-06 15:37:16.250965,Nickel,273.92009631876704,278.2898910538705,267.9972602705386,275.7126372677514,78652030.59867544,0.006544028616645837,40.76932714297264,Normal,Above MA200,Bearish
2026-05-07 15:37:16.250965,Nickel,250.00577969617578,257.6120264525117,247.63510832373905,253.44378411870977,55314677.95794034,0.013751699767549747,30.4775319981673,Normal,Above MA200,Bullish
2026-05-08 15:37:16.250965,Nickel,263.0283071771337,266.24602587093324,262.07854572384326,264.44007178554466,41498527.42204346,0.00536734857005423,31.1407397564517,Normal,Above MA200,Bearish
2025-08-30 15:37:16.250965,Zinc,468.918298168254,477.2811902559557,467.0130749417134,474.89455345832454,82171784.91849016,0.01274476878683493,34.24151024114366,Normal,Above MA200,Bearish
2025-08-31 15:37:16.250965,Zinc,459.7260245877907,461.40644400904245,459.6323813796968,460.75796495242287,65637902.43885067,0.002244685550611403,56.38811758241028,Normal,Above MA200,Neutral
2025-09-01 15:37:16.250965,Zinc,463.1850775333525,467.1206871430055,454.82268141574923,455.3352091365422,21808325.25853283,0.01694758483717584,64.61663527153775,Normal,Above MA200,Bullish
2025-09-02 15:37:16.250965,Zinc,487.009657916536,505.038157743216,482.5274344547608,497.310404008612,4035289.5248695337,0.021151009891966794,36.00077447159448,Normal,Above MA200,Bullish
2025-09-03 15:37:16.250965,Zinc,487.8352605444627,507.993895616802,480.4726555614959,501.14716496161844,76000799.43918668,0.027287704464614884,51.02527658398016,Normal,Above MA200,Bearish
2025-09-04 15:37:16.250965,Zinc,485.32632533441716,492.17714194678047,483.008401331778,489.0838884119677,76419496.5907105,0.007742343411850358,44.16019772724971,Normal,Above MA200,Bullish
2025-09-05 15:37:16.250965,Zinc,496.03963273533935,501.70664018562184,482.91701126472213,491.7072155816185,63235309.50639321,0.008734014114618886,67.39339208700942,Normal,Above MA200,Neutral
2025-09-06 15:37:16.250965,Zinc,505.65037780903776,508.18992956998574,478.1784993455197,486.06401607206027,96503870.08823733,0.038734988831303496,65.02226617398425,Normal,Above MA200,Bullish
2025-09-07 15:37:16.250965,Zinc,509.7759716409714,513.6683180876106,503.68112661691987,504.1772454301244,25539681.660071123,0.010982718924206457,39.73782536114979,Normal,Above MA200,Bullish
2025-09-08 15:37:16.250965,Zinc,506.8783904019139,507.1718844017551,493.5667826039765,499.360047345077,71243278.2940832,0.01483263678073846,54.49611632411888,Normal,Above MA200,Bearish
2025-09-09 15:37:16.250965,Zinc,517.631979566974,521.3388906972393,507.39527261094463,520.2348109473859,70471865.03559732,0.005028343462452348,47.5621215980558,Normal,Above MA200,Neutral
2025-09-10 15:37:16.250965,Zinc,518.7682958463113,526.9460555477265,506.5088721035508,523.7699056099884,85420937.82746123,0.009641317335165215,55.8187370207267,Normal,Above MA200,Neutral
2025-09-11 15:37:16.250965,Zinc,527.3544267341192,534.4937936909746,524.7899266867722,529.2971682548913,43509015.6698878,0.0036839389645468333,63.95154350956622,Normal,Above MA200,Bearish
2025-09-12 15:37:16.250965,Zinc,519.6559151355665,526.8608894229174,506.8024492749099,509.47127977873913,34452241.15173125,0.019598805787037783,69.92698951569861,Normal,Above MA200,Bullish
2025-09-13 15:37:16.250965,Zinc,514.1429075105449,517.0997948720799,490.30289886703446,490.69526574538975,32342850.887568187,0.04560530043813596,68.5216313094249,Normal,Above MA200,Bullish
2025-09-14 15:37:16.250965,Zinc,515.0532385183617,522.2379331024272,511.16966462476023,516.5153294700648,38322389.09183503,0.0028387181020530093,50.26847055731193,Normal,Above MA200,Bullish
2025-09-15 15:37:16.250965,Zinc,503.44663876828804,512.4052845594405,495.3678777295223,511.253826735906,93095177.67852055,0.015507478581481266,66.30302815853065,Normal,Above MA200,Bullish
2025-09-16 15:37:16.250965,Zinc,499.97087117710646,504.88052551898613,495.5939039638329,496.2022043089641,68895701.45103242,0.007537772869186581,42.24637169864525,Normal,Above MA200,Bearish
2025-09-17 15:37:16.250965,Zinc,487.94770965022235,488.9863545728962,470.159758257444,474.7240966385662,78744172.00554465,0.02710047152621189,57.88565401969596,Normal,Above MA200,Neutral
2025-09-18 15:37:16.250965,Zinc,473.43247242833934,482.8140169425863,464.7402244651372,472.9901653897598,30453837.006264005,0.0009342558112054207,53.380241439332565,Normal,Above MA200,Neutral
2025-09-19 15:37:16.250965,Zinc,496.3222276776241,497.0225968413817,483.4083737143096,490.53611410959155,55843233.40402659,0.011657977913072234,55.89768487264813,Normal,Above MA200,Neutral
2025-09-20 15:37:16.250965,Zinc,490.60000881744276,498.2003961499381,479.86643020904,487.1948784217375,42701743.6348641,0.006940746707104839,63.3695371856256,Normal,Above MA200,Bearish
2025-09-21 15:37:16.250965,Zinc,485.70413358456096,492.72754996396736,480.6545760486603,481.51984683896285,30715827.768151853,0.008614888069239806,40.68738068682742,Normal,Above MA200,Bearish
2025-09-22 15:37:16.250965,Zinc,486.4579107039044,503.0025748931685,478.366975006089,500.12431580607114,45621080.56768259,0.028093705131429465,52.55269922300684,Normal,Above MA200,Bullish
2025-09-23 15:37:16.250965,Zinc,476.4813157450016,482.7729463886684,473.37757923639896,475.03041010169403,27531507.431797326,0.003045042051730881,34.92621895955162,Normal,Above MA200,Bearish
2025-09-24 15:37:16.250965,Zinc,471.76740198176657,484.13861031515836,465.3430578996982,478.5866107373136,56380809.473925844,0.014454599293849762,31.831053577149024,Normal,Above MA200,Bullish
2025-09-25 15:37:16.250965,Zinc,489.0043901302493,492.27725970251817,483.283096919612,490.9146694207938,35515803.357216045,0.003906466545291366,53.34960901096889,Normal,Above MA200,Neutral
2025-09-26 15:37:16.250965,Zinc,492.36926552024505,496.6298835009924,490.5973988255562,493.7206533296162,56324399.437926926,0.002744663211143437,37.06004890072223,Normal,Above MA200,Bullish
2025-09-27 15:37:16.250965,Zinc,501.6349623994331,505.46021915102887,485.37267264605555,492.9812874163025,54986449.621981986,0.01725094068750332,39.78937908939922,Normal,Above MA200,Neutral
2025-09-28 15:37:16.250965,Zinc,516.4211970802636,525.8539181968972,495.45612122160605,499.227366120585,64907865.09713472,0.03329420065808477,35.2422297368667,Normal,Above MA200,Bearish
2025-09-29 15:37:16.250965,Zinc,518.400560660803,523.304323904278,513.6093866552399,514.6286443279201,5526934.861464996,0.007276065303777374,67.8143253782613,Normal,Above MA200,Bearish
2025-09-30 15:37:16.250965,Zinc,516.3216317937786,517.2411295101779,487.3849210415165,495.3656251298519,93869856.96434876,0.040587117357687254,61.5672260975726,Normal,Above MA200,Bearish
2025-10-01 15:37:16.250965,Zinc,502.8484477749967,517.8324766734286,498.01471399109954,512.7090073122151,93280877.25681521,0.01960940633475019,48.092566990539105,Normal,Above MA200,Bullish
2025-10-02 15:37:16.250965,Zinc,499.2505973512672,501.52847338017233,496.9133495687616,500.6520934892823,78688508.87354052,0.0028071997218443393,69.27714897400706,Normal,Above MA200,Bearish
2025-10-03 15:37:16.250965,Zinc,497.72369043971014,518.8646177761881,496.58945634964346,513.6484792599518,34535704.93012354,0.031995239780877274,46.47058200905509,Normal,Above MA200,Bearish
2025-10-04 15:37:16.250965,Zinc,490.13811917024657,495.06410806412134,483.5399220101001,491.1243510191601,69614436.18407822,0.002012150882251552,30.573138218092083,Normal,Above MA200,Bullish
2025-10-05 15:37:16.250965,Zinc,504.65779805400797,513.2871539565821,493.7406566180374,499.9224759913102,78437209.5685988,0.009383233709966445,68.23246972697498,Normal,Above MA200,Bullish
2025-10-06 15:37:16.250965,Zinc,515.0154863177423,521.6526466863277,509.6716763321739,519.1092177666588,57115093.21517749,0.007948754081524555,67.28910792737852,Normal,Above MA200,Neutral
2025-10-07 15:37:16.250965,Zinc,524.276113153936,526.8010995045207,517.7608354739616,518.6074913820154,18478865.03204121,0.010812283126575053,55.399802808836945,Normal,Above MA200,Neutral
2025-10-08 15:37:16.250965,Zinc,523.1842174267688,526.2665845080132,505.0455142301813,507.87670338822176,46914958.11977995,0.02925836355277602,37.23242540150541,Normal,Above MA200,Bullish
2025-10-09 15:37:16.250965,Zinc,513.477354818097,525.1296655261085,512.2267323802602,520.2698696528646,73863442.3724716,0.01322846036155556,60.81728781604936,Normal,Above MA200,Bullish
2025-10-10 15:37:16.250965,Zinc,525.9558938238887,530.1662340785118,516.735298825113,523.0636683281609,67697731.9192705,0.005498988659866851,42.53298265203299,Normal,Above MA200,Bearish
2025-10-11 15:37:16.250965,Zinc,529.1071092607993,537.3097447323638,508.69081940178063,514.8671145887944,59515145.726849936,0.026913255223312536,41.74111816671798,Normal,Above MA200,Neutral
2025-10-12 15:37:16.250965,Zinc,536.3713619253003,542.6414407540539,511.6435285531216,521.0836882869623,63239749.00903588,0.02850203184499457,66.58115054547454,Normal,Above MA200,Bearish
2025-10-13 15:37:16.250965,Zinc,542.1901068108302,553.642636871249,534.9443297810916,542.881820160888,5068832.219948796,0.0012757764137866256,49.826575291876765,Normal,Above MA200,Neutral
2025-10-14 15:37:16.250965,Zinc,545.1089094388852,562.6986630942476,543.8457776216768,557.4515791808676,91157096.25191216,0.022642575691319184,68.35138418900124,Normal,Above MA200,Bullish
2025-10-15 15:37:16.250965,Zinc,563.8982584688116,564.3555720839133,562.1755268701188,563.7151149430747,86545496.48596041,0.0003247811515401156,58.15014032646036,Normal,Above MA200,Bullish
2025-10-16 15:37:16.250965,Zinc,557.721072302599,576.8672947611764,551.4159214926118,574.0285942518097,74899516.16295597,0.029239565723926563,67.10456940592226,Normal,Above MA200,Bullish
2025-10-17 15:37:16.250965,Zinc,554.8182221014345,559.3682072701866,535.6020585564381,537.0787185768502,37600569.478919245,0.03197354163566208,36.684126556344545,Normal,Above MA200,Neutral
2025-10-18 15:37:16.250965,Zinc,570.2393352609082,580.1096060964177,565.4815991299675,574.900211539469,74950485.86399028,0.008173543967162862,43.800826664418665,Normal,Above MA200,Bullish
2025-10-19 15:37:16.250965,Zinc,571.0104424625151,591.1066628095261,560.8167693053076,589.7958941006391,51153270.92216248,0.032898613127127246,65.61865030497563,Normal,Above MA200,Bearish
2025-10-20 15:37:16.250965,Zinc,569.8271115363196,580.1157289648204,554.157059915938,559.7600599061792,84504766.78861429,0.017666852675715147,44.44890940937145,Normal,Above MA200,Bullish
2025-10-21 15:37:16.250965,Zinc,567.4497351805469,569.1682307549739,561.144640034867,566.4654869681812,39978320.246687315,0.001734511713275495,37.17978508970592,Normal,Above MA200,Bullish
2025-10-22 15:37:16.250965,Zinc,573.8327882581274,582.3265640795236,567.4482742870321,570.3500059760759,41917943.578709915,0.006069333006612363,46.8093053120584,Normal,Above MA200,Bearish
2025-10-23 15:37:16.250965,Zinc,571.6783180898738,572.0844203089432,567.220859299947,568.4606770415642,24544244.080372695,0.005628411899651155,47.15980442560658,Normal,Above MA200,Bearish
2025-10-24 15:37:16.250965,Zinc,568.4689192070448,573.7717439613035,554.6700559637421,570.0999097787759,52107076.69564709,0.0028690936595198654,64.92637149531305,Normal,Above MA200,Bearish
2025-10-25 15:37:16.250965,Zinc,574.6970525595672,576.6000485081969,549.2747681808936,556.5760112365508,59385786.361143194,0.03153146730492084,35.47099152485334,Normal,Above MA200,Bearish
2025-10-26 15:37:16.250965,Zinc,575.5733416118645,582.1095367403027,557.4302564716322,559.6983783229463,41892380.44738641,0.02758113022479671,49.2990177767133,Normal,Above MA200,Bearish
2025-10-27 15:37:16.250965,Zinc,566.0880936604752,570.6308341657406,564.2571555782359,567.3384602807622,45929950.24444106,0.002208784523627416,65.17305996063294,Normal,Above MA200,Neutral
2025-10-28 15:37:16.250965,Zinc,566.3889352724839,594.9042863000252,563.6907952367756,582.0113625258148,27341851.71967209,0.02758250785004321,53.62039235242516,Normal,Above MA200,Bullish
2025-10-29 15:37:16.250965,Zinc,579.4926219443374,600.5420047095928,573.8989860545963,592.6898536111567,56828521.33417536,0.022773769961970176,46.09820713115879,Normal,Above MA200,Bullish
2025-10-30 15:37:16.250965,Zinc,586.6838054564739,604.0446249742797,583.3578294146216,595.2023270415734,95019723.91100204,0.01451978306861839,49.975221826165,Normal,Above MA200,Bearish
2025-10-31 15:37:16.250965,Zinc,600.9474703221165,616.1941314071806,592.7381303648116,615.4014415543849,83803204.72111557,0.024051971172323675,48.17614235279455,Normal,Above MA200,Bullish
2025-11-01 15:37:16.250965,Zinc,594.0758255287612,600.1802677952702,581.2966476029977,588.7817370882611,69862932.25605087,0.008911469231706251,58.163987375898,Normal,Above MA200,Bearish
2025-11-02 15:37:16.250965,Zinc,604.1322176686555,610.3852964384205,595.7155870834133,595.7165866023045,87518444.25920516,0.013930114667327123,43.07386788522862,Normal,Above MA200,Bullish
2025-11-03 15:37:16.250965,Zinc,598.0384422314955,598.5786418956073,584.3713485333936,588.7428303922965,17238152.718247566,0.015543502194463942,43.84416115540414,Normal,Above MA200,Neutral
2025-11-04 15:37:16.250965,Zinc,586.4582874114261,587.8161791982457,577.1449079945301,583.838451652689,25334581.771508727,0.004467215853152783,56.954615756787526,Normal,Above MA200,Bullish
2025-11-05 15:37:16.250965,Zinc,578.9123156590035,590.080324791927,576.944185377867,588.1249665866834,70038448.61654328,0.01591372420051681,38.979220049309134,Normal,Above MA200,Neutral
2025-11-06 15:37:16.250965,Zinc,580.1471095052258,588.6054326323049,572.3486488777819,582.7382459864772,75184182.79964314,0.004466343861406495,46.01300733311154,Normal,Above MA200,Neutral
2025-11-07 15:37:16.250965,Zinc,589.8062351712823,595.9911270948596,581.1963223601106,591.095071605438,81746555.33299828,0.002185186180307758,37.16839398244103,Normal,Above MA200,Neutral
2025-11-08 15:37:16.250965,Zinc,592.7230494124657,604.9227076947425,588.008296965614,603.8013472538903,36043203.04990751,0.018690512967912944,58.98088009337172,Normal,Above MA200,Bullish
2025-11-09 15:37:16.250965,Zinc,591.282741254398,595.280058583159,588.287544147374,591.0019398039757,50975401.28753191,0.00047490215903581596,38.4928593940286,Normal,Above MA200,Neutral
2025-11-10 15:37:16.250965,Zinc,581.5835879936078,586.9335647791761,562.0689894069322,562.9030909521214,34473461.39429671,0.03212005535770335,34.90476881829754,Normal,Above MA200,Bearish
2025-11-11 15:37:16.250965,Zinc,588.2112193921648,601.7234926829428,577.1010671103563,577.8391140892222,47624728.38671197,0.017633300693687497,62.033063057675086,Normal,Above MA200,Bullish
2025-11-12 15:37:16.250965,Zinc,597.2658797361703,599.7788469511836,572.2017031650184,579.3132336919625,35724568.26018614,0.030058047267220403,38.595857342969275,Normal,Above MA200,Neutral
2025-11-13 15:37:16.250965,Zinc,600.0686955304144,612.8575244450254,570.5610577611881,579.177472939956,22219648.054954585,0.034814718291531925,48.84116336417507,Normal,Above MA200,Neutral
2025-11-14 15:37:16.250965,Zinc,590.1806051514545,594.3981667809071,565.1902617099039,573.7377656623122,45198081.948186755,0.027860691025118938,34.90822797349228,Normal,Above MA200,Bullish
2025-11-15 15:37:16.250965,Zinc,597.7796239109099,610.4716922479379,592.2518630757102,603.4601763469293,41286655.291103326,0.009502753537926043,68.47930480001358,Normal,Above MA200,Bearish
2025-11-16 15:37:16.250965,Zinc,609.3114039775536,636.0504498775797,605.0347553732619,632.0723495135745,32315883.643938586,0.03735519372760565,36.43821949826916,Normal,Above MA200,Bullish
2025-11-17 15:37:16.250965,Zinc,623.7163655899577,642.383222369818,623.4164550157686,640.4758676897881,97397577.26253177,0.026870390171625444,48.88786811032486,Normal,Above MA200,Neutral
2025-11-18 15:37:16.250965,Zinc,619.6035546479562,641.0857616978078,606.8923662183855,639.1649707364996,52150962.86792886,0.031570858400994356,69.67498178729244,Normal,Above MA200,Bullish
2025-11-19 15:37:16.250965,Zinc,623.7032842817295,644.2555249204305,621.7445969494239,631.5613680902901,52851346.71493448,0.012599073961283132,34.563452417563894,Normal,Above MA200,Neutral
2025-11-20 15:37:16.250965,Zinc,618.6805675747748,621.2625028669435,613.6145323920998,616.8482370150347,81743111.07106109,0.002961674660193109,55.09782439267769,Normal,Above MA200,Neutral
2025-11-21 15:37:16.250965,Zinc,610.0136172508631,639.6012286613749,605.7866732699754,636.554726307548,92073538.4463581,0.04350904357889113,31.677520572102686,Normal,Above MA200,Bearish
2025-11-22 15:37:16.250965,Zinc,624.8901628581833,632.3542168776395,609.0951554459132,611.9387548133881,98194967.7685986,0.020725895228622008,59.23846832644465,Normal,Above MA200,Bullish
2025-11-23 15:37:16.250965,Zinc,630.19510692997,634.4659644054614,622.2672658628778,633.8891911868493,27651781.99232541,0.0058618104397465025,63.16783116547661,Normal,Above MA200,Neutral
2025-11-24 15:37:16.250965,Zinc,642.3423835508321,659.0145203261328,635.729038832098,655.50948521843,17128694.37176378,0.020498572108555095,40.83544220105499,Normal,Above MA200,Bearish
2025-11-25 15:37:16.250965,Zinc,630.8333396995276,640.1262600112151,617.9345346488959,626.2148318216199,95228952.57712743,0.0073212805780170495,69.294415012935,Normal,Above MA200,Neutral
2025-11-26 15:37:16.250965,Zinc,633.5434636246412,663.5878925192553,624.270008396572,658.2601165435938,77639331.21203528,0.039013350051065515,46.11999036214409,Normal,Above MA200,Neutral
2025-11-27 15:37:16.250965,Zinc,638.3196853801542,659.3640944417832,633.7988651225774,655.1642639815369,42089503.90143612,0.026388937999539938,38.59384046545016,Normal,Above MA200,Bullish
2025-11-28 15:37:16.250965,Zinc,630.5001360091399,640.9755262774721,628.2408392028761,631.9608330595449,23980731.608207487,0.002316727573844448,31.904495137099524,Normal,Above MA200,Bearish
2025-11-29 15:37:16.250965,Zinc,644.4805796561172,652.1040908252079,613.368910336986,617.1075672809992,57609189.466160685,0.04247298249037039,57.89550246276861,Normal,Above MA200,Neutral
2025-11-30 15:37:16.250965,Zinc,642.1735549044042,647.358536550098,640.1664266306221,643.591909586122,90428152.0890524,0.002208678122737241,49.332728862090136,Normal,Above MA200,Bearish
2025-12-01 15:37:16.250965,Zinc,646.436129627769,665.605169485137,640.401979590364,663.0449928686038,86443731.6290956,0.025692968693439896,41.72562041032282,Normal,Above MA200,Bullish
2025-12-02 15:37:16.250965,Zinc,641.2656380148654,649.2944978459974,624.4650690512067,633.1298906374559,15121700.298294455,0.012687015949575924,62.494201764015955,Normal,Above MA200,Bearish
2025-12-03 15:37:16.250965,Zinc,630.0424122573431,633.1222394972418,618.4416896089828,625.0841818825609,29705873.85857489,0.007869677149221875,63.81340488090569,Normal,Above MA200,Bearish
2025-12-04 15:37:16.250965,Zinc,638.6219627156329,667.1375007617413,636.3267097457483,656.0204108818825,18388739.421347775,0.027243736016008036,40.135143794318054,Normal,Above MA200,Bullish
2025-12-05 15:37:16.250965,Zinc,642.1838960420345,652.0629523159864,641.2560183925395,648.1100698749756,87264376.78198856,0.009228157027084885,50.45771335670492,Normal,Above MA200,Bearish
2025-12-06 15:37:16.250965,Zinc,644.4132266566608,656.6158872915524,635.066599238177,638.2393698434444,76691106.620572,0.009580586738182777,63.41711845071527,Normal,Above MA200,Neutral
2025-12-07 15:37:16.250965,Zinc,641.7994205911799,650.0466458632477,637.5919928265239,642.0997450738545,16614311.391241724,0.00046794134279198456,55.10498803692212,Normal,Above MA200,Bearish
2025-12-08 15:37:16.250965,Zinc,645.1053806225175,654.4644583858513,636.5738338239171,643.1350777730462,70529137.32018922,0.0030542340967144987,61.40863500500893,Normal,Above MA200,Neutral
2025-12-09 15:37:16.250965,Zinc,657.0035547486818,677.04540640855,648.0132114104172,676.9642492753617,95706797.96352974,0.030381410241098705,60.10686994459177,Normal,Above MA200,Bearish
2025-12-10 15:37:16.250965,Zinc,650.5781524314934,661.4137763610983,649.3273873586564,653.2031806396931,52210264.864653386,0.004034916017989059,63.560544126392074,Normal,Above MA200,Neutral
2025-12-11 15:37:16.250965,Zinc,655.8427429961146,659.6743671062869,626.2897250901254,645.9304479540066,72036149.48775007,0.015113828959706345,42.661509253398364,Normal,Above MA200,Bearish
2025-12-12 15:37:16.250965,Zinc,657.745438488897,665.5710223618688,645.7520797422305,648.4327372195346,6761579.242898417,0.014158518971651627,64.9241026243572,Normal,Above MA200,Bullish
2025-12-13 15:37:16.250965,Zinc,656.0125907274562,662.109373625016,647.0365689586865,651.3572616180099,48064339.81452441,0.007096402074057603,50.5696787168949,Normal,Above MA200,Bullish
2025-12-14 15:37:16.250965,Zinc,640.5501514964825,641.5847264605414,634.1994930088862,636.9518961869218,74398102.25569522,0.005617445099582412,43.134294093088215,Normal,Above MA200,Bearish
2025-12-15 15:37:16.250965,Zinc,640.4374640886882,672.7545108427934,638.7443912612569,671.7666909245028,24014434.981459577,0.0489184793091307,41.90658023717257,Normal,Above MA200,Neutral
2025-12-16 15:37:16.250965,Zinc,646.7583680208093,656.3464089378668,625.3123154566373,633.8430506345062,73820261.62852378,0.01996930851598581,62.57694268316608,Normal,Above MA200,Bearish
2025-12-17 15:37:16.250965,Zinc,649.8025682155736,667.2679422936093,649.0803097358223,657.9051174907675,51048573.8275558,0.01246924784776437,45.09311097208877,Normal,Above MA200,Bullish
2025-12-18 15:37:16.250965,Zinc,636.2840974903006,640.4683243454487,622.8657811234606,632.593076393645,19157536.89811773,0.005800901061670645,61.11560569568701,Normal,Above MA200,Bearish
2025-12-19 15:37:16.250965,Zinc,648.0020256201099,648.9221201360066,637.0670191804207,645.1760957940744,52168994.02819442,0.0043609891856915255,66.20336151043816,Normal,Above MA200,Neutral
2025-12-20 15:37:16.250965,Zinc,663.4866736727773,671.5539032283381,659.143234849951,660.5599046457089,25583529.81945941,0.004411194893888469,44.91010880268692,Normal,Above MA200,Neutral
2025-12-21 15:37:16.250965,Zinc,662.4577845474697,679.2023981019688,660.5370275089901,666.0193152002747,63751437.1874707,0.005376237906598045,47.08988784926817,Normal,Above MA200,Neutral
2025-12-22 15:37:16.250965,Zinc,684.173766009547,722.4850858663488,683.3859240831923,698.5330141517527,80553192.53863071,0.020987721037531583,38.61813107822573,Normal,Above MA200,Bullish
2025-12-23 15:37:16.250965,Zinc,676.3789146080026,681.7022430631786,653.5253109708667,658.7019316964183,56869775.61944192,0.026134733844902492,64.23903441580575,Normal,Above MA200,Neutral
2025-12-24 15:37:16.250965,Zinc,664.4256625930161,687.7982734458326,650.0562682476449,681.9026468664722,65163674.37906262,0.02630389712108601,66.33154493949316,Normal,Above MA200,Bearish
2025-12-25 15:37:16.250965,Zinc,654.889910330354,673.3065097585744,644.6208386288517,667.019167330123,44104365.39094836,0.018521062560958503,32.94244115910865,Normal,Above MA200,Neutral
2025-12-26 15:37:16.250965,Zinc,657.1933517730413,663.1980151780489,631.6788341352407,638.9219262494036,55321424.30501739,0.0278022068761701,64.3018635974738,Normal,Above MA200,Neutral
2025-12-27 15:37:16.250965,Zinc,640.4831383212229,648.2164150233599,639.0685029522996,644.9191833800406,45451552.345457256,0.006926091872527691,33.79572669743408,Normal,Above MA200,Bearish
2025-12-28 15:37:16.250965,Zinc,637.5616520694098,644.6732744279066,631.9739637799876,638.8115443585383,79362559.62698682,0.001960425764428634,65.30422494915366,Normal,Above MA200,Bullish
2025-12-29 15:37:16.250965,Zinc,665.1360941233718,675.4925714026671,658.4899830487544,672.3077839579447,18231060.025138434,0.010782289365945393,52.072407028278164,Normal,Above MA200,Bearish
2025-12-30 15:37:16.250965,Zinc,651.0054388909282,673.6344884995027,649.4404317391858,666.1322526842808,58906238.52690996,0.023236078978269455,30.4875020404697,Normal,Above MA200,Bullish
2025-12-31 15:37:16.250965,Zinc,645.8645355992631,660.8952004750054,624.9677809976538,655.8475822782159,71201925.93281953,0.015456873893362227,46.39925277425131,Normal,Above MA200,Bullish
2026-01-01 15:37:16.250965,Zinc,636.1291410558629,651.2919573078744,635.523244659691,644.6217433212602,8742360.034198377,0.013350437383360649,34.86475945452972,Normal,Above MA200,Bearish
2026-01-02 15:37:16.250965,Zinc,633.452862691997,641.9149101840247,627.3986093520659,641.135910755427,59549333.87699247,0.012128839438469406,31.159477203750324,Normal,Above MA200,Bearish
2026-01-03 15:37:16.250965,Zinc,630.1814114454924,638.1691896725863,627.3371987729413,636.0212433294477,10265324.075169835,0.009266905970076284,38.09123070157504,Normal,Above MA200,Bullish
2026-01-04 15:37:16.250965,Zinc,623.8898930755649,625.7008895716162,605.2208026540239,607.1233033687763,74751554.64762843,0.02687427684416406,55.337281251278405,Normal,Above MA200,Neutral
2026-01-05 15:37:16.250965,Zinc,622.4211785988263,624.8877485247743,615.413951199273,615.904777788337,94898809.12608421,0.010469439399794733,41.61443651232781,Normal,Above MA200,Bearish
2026-01-06 15:37:16.250965,Zinc,628.371081941039,642.1916199218047,627.9395122227232,641.1843279943857,70916588.82583939,0.02039120898715857,69.75647952927127,Normal,Above MA200,Bullish
2026-01-07 15:37:16.250965,Zinc,641.3884557266877,650.2523646811326,636.6113733523316,646.0312476877872,39279791.12339838,0.007238658444264124,65.20862497942272,Normal,Above MA200,Bearish
2026-01-08 15:37:16.250965,Zinc,638.7158574768275,651.2847005212257,628.0859244887408,635.1569121455608,63700519.60241635,0.005572032210576282,62.526048039500424,Normal,Above MA200,Neutral
2026-01-09 15:37:16.250965,Zinc,638.7702176236567,643.5277733883631,637.8327310043237,639.7780182897352,57114618.26099919,0.0015777201852456826,62.28655065686722,Normal,Above MA200,Bearish
2026-01-10 15:37:16.250965,Zinc,643.1231915187991,658.127484285119,637.0967041110707,639.6806327203898,10045772.615580063,0.005352876157800144,47.304597314881825,Normal,Above MA200,Bullish
2026-01-11 15:37:16.250965,Zinc,631.5112249590093,642.5773646700939,627.7656300816398,631.9289890153303,59508995.94950943,0.0006615306898909808,51.576727710138684,Normal,Above MA200,Bullish
2026-01-12 15:37:16.250965,Zinc,630.0768429557659,645.6252639306548,621.9218802218753,639.7195595339517,87311722.06359112,0.015304032652510628,68.79237956705416,Normal,Above MA200,Bearish
2026-01-13 15:37:16.250965,Zinc,625.3266359958809,646.5617408909532,619.0526506083567,631.5029357754238,7809285.112068237,0.009876917796259757,44.48223400689966,Normal,Above MA200,Bearish
2026-01-14 15:37:16.250965,Zinc,634.2714546702422,652.2518562575729,632.359954101453,650.3885831014426,37362100.81390164,0.025410458428370808,53.44006909402846,Normal,Above MA200,Bullish
2026-01-15 15:37:16.250965,Zinc,650.73244661936,675.9308595804343,650.117461884637,668.6671837502722,7160193.092571959,0.02756084658769603,65.9045603336954,Normal,Above MA200,Neutral
2026-01-16 15:37:16.250965,Zinc,643.4307944554084,650.6212250710662,642.9809537296695,647.6357891887072,90388376.30471015,0.006535271189278027,31.567873418229723,Normal,Above MA200,Bearish
2026-01-17 15:37:16.250965,Zinc,655.4581964143666,660.0628799752468,615.126954764115,616.9549326841505,82435789.48398179,0.05874251621361233,56.46328085502373,Normal,Above MA200,Bearish
2026-01-18 15:37:16.250965,Zinc,641.754629647396,642.2710204922739,634.0840067897616,640.4185836808733,89852487.86271921,0.002081864165525077,50.31400290870246,Normal,Above MA200,Neutral
2026-01-19 15:37:16.250965,Zinc,643.6402558115524,650.0967089825164,634.2742943710383,637.550390411066,74555547.01368979,0.009461598067398306,49.10096143685149,Normal,Above MA200,Bullish
2026-01-20 15:37:16.250965,Zinc,646.0833105030572,651.4231333442681,630.3112689115633,635.8236915469852,87682060.30010372,0.015879715184228444,50.60550693844402,Normal,Above MA200,Neutral
2026-01-21 15:37:16.250965,Zinc,632.1397388500397,634.9117323886699,627.8051385017557,631.5378938744922,82186347.8347937,0.0009520758442467579,54.02711691820821,Normal,Above MA200,Bullish
2026-01-22 15:37:16.250965,Zinc,624.3554435786372,643.4809096840589,623.6182686303173,641.1829956619523,9233011.580114024,0.026951878543516897,55.745654915149046,Normal,Above MA200,Neutral
2026-01-23 15:37:16.250965,Zinc,615.6569266304292,627.1073511222354,601.22946848821,624.314247696645,8843427.250211064,0.014061924249920168,49.89405292507399,Normal,Above MA200,Neutral
2026-01-24 15:37:16.250965,Zinc,603.3343906525591,611.3603899614698,585.8264123332701,598.8449423792264,23119304.35821725,0.00744106144600357,42.38680800360638,Normal,Above MA200,Bearish
2026-01-25 15:37:16.250965,Zinc,578.2813287126944,603.794125473832,578.1927352667991,593.3487953964217,53183872.71000983,0.026055599473129687,31.59710635220685,Normal,Above MA200,Bullish
2026-01-26 15:37:16.250965,Zinc,576.3339135207716,578.4088105041982,563.7270792947762,565.0161713133243,10850442.011404952,0.01963747393990437,56.24647225779509,Normal,Above MA200,Bearish
2026-01-27 15:37:16.250965,Zinc,575.5185449607723,577.8651908206444,567.200236498035,570.3208000988259,81282154.70721251,0.00903141159821477,43.239147751527184,Normal,Above MA200,Bearish
2026-01-28 15:37:16.250965,Zinc,574.6293986471521,577.9814817164782,558.4277411023561,560.2605609549431,96744996.64722,0.025005399525394146,32.81759943881041,Normal,Above MA200,Neutral
2026-01-29 15:37:16.250965,Zinc,581.8243403616259,586.8068674213908,575.3233009911479,586.1043365193221,56635548.69206116,0.007356165531053733,51.51313116506994,Normal,Above MA200,Bearish
2026-01-30 15:37:16.250965,Zinc,563.6155480907643,564.3322192431173,551.0615662832133,556.4957343451226,89495086.50949697,0.012632394137741438,64.63096489424302,Normal,Above MA200,Neutral
2026-01-31 15:37:16.250965,Zinc,560.0350184692155,575.4717222302226,554.9184131383239,574.9202373756497,43123649.931702785,0.026579085977732265,33.86793542185349,Normal,Above MA200,Neutral
2026-02-01 15:37:16.250965,Zinc,584.0897983848861,586.1333557182634,573.674245537601,577.3958675303854,96915398.30274077,0.011460448158845673,42.77688394856818,Normal,Above MA200,Neutral
2026-02-02 15:37:16.250965,Zinc,592.4221821435342,598.3081988202495,580.0178178096515,581.6884630225386,3157106.026463298,0.018118361270940735,61.57292041444654,Normal,Above MA200,Bearish
2026-02-03 15:37:16.250965,Zinc,600.8081987169228,602.8953453674175,576.0724472273134,578.4213301212735,66478801.278759524,0.03726125682615241,42.99499468397155,Normal,Above MA200,Bearish
2026-02-04 15:37:16.250965,Zinc,591.2557896948938,596.368279588315,582.5186067635403,585.292432999601,3152339.975830812,0.01008591678801161,39.578192563420075,Normal,Above MA200,Neutral
2026-02-05 15:37:16.250965,Zinc,589.4149826737656,597.7397321050806,573.988381476339,596.0033737619968,52792450.25126705,0.01117784800505797,38.610750961314395,Normal,Above MA200,Bullish
2026-02-06 15:37:16.250965,Zinc,567.8043891304361,580.9757888438679,562.9999824461407,575.3122121479655,65073704.31499609,0.01322255192325516,36.43533470968236,Normal,Above MA200,Bearish
2026-02-07 15:37:16.250965,Zinc,573.3058616292858,578.2310022399354,561.980693434896,562.1352111007154,47470043.474601574,0.019484626403128664,67.31780141296576,Normal,Above MA200,Neutral
2026-02-08 15:37:16.250965,Zinc,586.4637431236608,596.6257611750838,576.8773548833861,594.7827676222211,95823505.09258243,0.014185061900418407,59.90578450387092,Normal,Above MA200,Bullish
2026-02-09 15:37:16.250965,Zinc,572.8407496104703,602.5203292787701,561.2468445985123,598.0136914669476,61925162.0653493,0.04394404880168672,42.863357614498604,Normal,Above MA200,Bullish
2026-02-10 15:37:16.250965,Zinc,561.9513168320622,569.3425767771798,551.5103038814531,552.4053991580411,31126717.3715124,0.01698709014125124,47.49107076457562,Normal,Above MA200,Bearish
2026-02-11 15:37:16.250965,Zinc,561.6503660717786,580.8788814953497,560.0828578339855,576.4076907871562,90541912.09668055,0.026274931179322832,52.744168542797375,Normal,Above MA200,Bullish
2026-02-12 15:37:16.250965,Zinc,563.0907900180977,578.6064147985343,553.5821983034318,578.0050212360479,53650314.80255234,0.02648637037283266,62.04856751372145,Normal,Above MA200,Bearish
2026-02-13 15:37:16.250965,Zinc,558.0004776589986,558.0078012793273,538.9909356933136,551.253800251518,63495953.407474756,0.01209080937669673,35.52123660786546,Normal,Above MA200,Bullish
2026-02-14 15:37:16.250965,Zinc,550.3388741227521,560.1935485592995,546.899751671272,554.6044496993094,75552703.38157603,0.007750816409901354,59.061047744396916,Normal,Above MA200,Neutral
2026-02-15 15:37:16.250965,Zinc,542.7779286435367,555.0329683965371,539.9416083754182,540.468218318445,55988688.94164181,0.004255350490879234,58.83300912331203,Normal,Above MA200,Bullish
2026-02-16 15:37:16.250965,Zinc,542.3172080359407,544.8829509510886,530.4182802652161,539.7930102343745,22902299.44387231,0.004654467466942254,51.095740563513885,Normal,Above MA200,Bearish
2026-02-17 15:37:16.250965,Zinc,547.8248341591795,555.3387029954997,542.5787534597142,551.5880960982944,32891082.138814457,0.006869462106242229,43.22956574263861,Normal,Above MA200,Neutral
2026-02-18 15:37:16.250965,Zinc,547.3615666305877,553.0702148624318,542.8252841885808,543.7286384279523,21523954.651031397,0.0066371634840910335,67.56828068260069,Normal,Above MA200,Bearish
2026-02-19 15:37:16.250965,Zinc,546.0003945590468,546.4777677790096,538.691524673311,539.7153919694588,5971380.527159886,0.011510985435576188,63.200666814991436,Normal,Above MA200,Bearish
2026-02-20 15:37:16.250965,Zinc,529.4695978148033,533.2783674354422,524.1766115103628,530.6330017123641,67319195.91798228,0.002197300661572263,59.3173048807009,Normal,Above MA200,Bullish
2026-02-21 15:37:16.250965,Zinc,537.6168968841969,542.3612244062797,534.4838509210307,541.8654201994593,31358183.821433168,0.007902510765351936,45.14698642826338,Normal,Above MA200,Neutral
2026-02-22 15:37:16.250965,Zinc,537.1340101300901,540.4788761193348,522.0228695619915,523.5439433157018,18875936.65084725,0.0253010730247688,32.785930797051904,Normal,Above MA200,Bullish
2026-02-23 15:37:16.250965,Zinc,533.0312606953378,539.314312183696,518.3399014337969,527.6977506409359,91604177.43103209,0.010005998611496883,65.93090657970214,Normal,Above MA200,Bearish
2026-02-24 15:37:16.250965,Zinc,535.4286628812093,544.9748878692919,528.8569068416155,538.3091101144508,55034842.07627275,0.005379703091988961,47.33335502099765,Normal,Above MA200,Neutral
2026-02-25 15:37:16.250965,Zinc,527.4998208574931,536.8421423171062,517.1161445258138,520.7806507868988,76410368.2184236,0.012737767492833962,63.2994709847858,Normal,Above MA200,Bearish
2026-02-26 15:37:16.250965,Zinc,523.5922076757059,535.3600831702045,522.6272165725587,529.9750083991887,20466572.204134226,0.012190404345047081,40.725869238631034,Normal,Above MA200,Neutral
2026-02-27 15:37:16.250965,Zinc,524.6031527678293,531.8228262796525,521.863106814737,528.9795070983334,71994829.06769694,0.00834221888948686,44.099389103922476,Normal,Above MA200,Neutral
2026-02-28 15:37:16.250965,Zinc,518.2271274983598,520.0721886815996,503.2623167609365,511.3705357795533,3579499.72671194,0.013230862212685282,65.42883121684443,Normal,Above MA200,Bearish
2026-03-01 15:37:16.250965,Zinc,502.76357252306633,511.1699894752919,493.3202132659401,495.78534715645424,42433122.278615706,0.01387973542234305,45.2596517296891,Normal,Above MA200,Neutral
2026-03-02 15:37:16.250965,Zinc,485.77030072333315,487.9517891088286,480.18706864327515,484.6493125929699,45545424.79230415,0.002307650609133649,34.89383004629304,Normal,Above MA200,Bearish
2026-03-03 15:37:16.250965,Zinc,489.95862003981097,494.52986198495023,485.02058899588275,492.827518349784,8951987.463263806,0.005855388991298723,57.78489149761906,Normal,Above MA200,Neutral
2026-03-04 15:37:16.250965,Zinc,489.6663069625225,491.29802394196525,470.3969168138701,474.5543426685927,20261059.957737926,0.030861760507215,63.649048982971856,Normal,Above MA200,Bearish
2026-03-05 15:37:16.250965,Zinc,489.04172549424703,492.88123152546217,480.70388331560224,481.25680990026814,95002616.24168143,0.015918714473925837,54.132556177836875,Normal,Above MA200,Bearish
2026-03-06 15:37:16.250965,Zinc,478.124869997894,483.78890510173676,471.0652126758434,479.7886626084085,76359940.00138192,0.0034798286282866184,60.83090752842429,Normal,Above MA200,Neutral
2026-03-07 15:37:16.250965,Zinc,477.93177859151484,486.95935387204764,469.81750451549726,484.87490074919657,53069135.59001497,0.014527433555775175,40.11469201312562,Normal,Above MA200,Bearish
2026-03-08 15:37:16.250965,Zinc,474.16891522468774,477.5842523378906,452.67406629745034,464.2111711738756,1967450.9105286435,0.02100041510754369,61.20826288804764,Normal,Above MA200,Neutral
2026-03-09 15:37:16.250965,Zinc,468.5304460861098,471.20841436888196,466.57971570185754,469.85286984125565,45634811.579143286,0.0028224926815168835,33.86659068662684,Normal,Above MA200,Neutral
2026-03-10 15:37:16.250965,Zinc,467.82523320971796,484.4742064930542,465.0346725024939,484.2240285862373,63526206.21158389,0.035053251112617985,45.29831133817247,Normal,Above MA200,Neutral
2026-03-11 15:37:16.250965,Zinc,470.6106403969614,473.3935935002135,458.19563129771876,464.64474038196283,75410434.53363656,0.012676933972351997,45.4708083441183,Normal,Above MA200,Neutral
2026-03-12 15:37:16.250965,Zinc,487.053567916978,497.9366006394938,486.13175692406685,492.23550647157253,98942302.16741179,0.010639360628763165,37.86041155231675,Normal,Above MA200,Neutral
2026-03-13 15:37:16.250965,Zinc,492.3653349796384,493.7832267212438,481.71600725153905,487.27555100826214,37854755.554541044,0.010337413318479819,33.209142508708226,Normal,Above MA200,Neutral
2026-03-14 15:37:16.250965,Zinc,500.42340514199043,514.577800706467,495.6349509623542,510.27078247154344,27404932.130564783,0.01967809104923646,40.3884441626532,Normal,Above MA200,Bearish
2026-03-15 15:37:16.250965,Zinc,510.80327386656944,522.8516614251149,502.2111196191865,509.24953504215864,50101769.20258136,0.0030417558067896426,69.480923279259,Normal,Above MA200,Bearish
2026-03-16 15:37:16.250965,Zinc,503.62415095333193,506.6814101805349,482.93829335457616,489.8565528528155,56261031.29467601,0.027337049016523823,40.6004714593467,Normal,Above MA200,Neutral
2026-03-17 15:37:16.250965,Zinc,500.6089656600147,502.5502331612276,493.0329592009692,499.0847843469361,75565582.68096924,0.0030446544461484896,47.33277960931588,Normal,Above MA200,Bullish
2026-03-18 15:37:16.250965,Zinc,492.1059924316083,511.04531743212044,484.1855105723637,508.51608113401676,6118596.984226347,0.03334665489709336,60.70380473012705,Normal,Above MA200,Bearish
2026-03-19 15:37:16.250965,Zinc,485.69926690290185,501.8035226251559,478.1884198158247,493.1420836207117,77938137.91471788,0.015323920015917472,50.23705017968682,Normal,Above MA200,Bullish
2026-03-20 15:37:16.250965,Zinc,481.6752957430764,490.2760257729771,477.5375191102316,481.6184471626477,40743649.75362483,0.00011802262007429373,45.40500283676889,Normal,Above MA200,Neutral
2026-03-21 15:37:16.250965,Zinc,475.0446203469663,481.50549271573607,473.6772931054884,477.28784915151977,77270752.03441605,0.004722143370269181,64.63863814003281,Normal,Above MA200,Neutral
2026-03-22 15:37:16.250965,Zinc,477.1503944940343,478.9030604022098,457.812471008147,461.0225413616322,73570146.31364398,0.03380035585950615,54.41033820760925,Normal,Above MA200,Bullish
2026-03-23 15:37:16.250965,Zinc,481.2175961020481,493.5811428568339,478.12892125554254,489.59339198745266,2385347.6068758,0.01740542314589092,59.294716005892624,Normal,Above MA200,Neutral
2026-03-24 15:37:16.250965,Zinc,468.9444533216853,472.1517497678995,455.65635695342684,459.5643506123328,37246174.94297833,0.02000258803129061,47.513032465376185,Normal,Above MA200,Neutral
2026-03-25 15:37:16.250965,Zinc,466.01198260436223,485.5696683644663,464.63165304580144,481.4677019893145,78323268.98661983,0.03316592697590356,58.82705436370073,Normal,Above MA200,Bullish
2026-03-26 15:37:16.250965,Zinc,463.18240545560207,473.6679420886297,442.1823935807205,446.78798407793255,82044116.67252494,0.03539517301298049,55.18279844682147,Normal,Above MA200,Neutral
2026-03-27 15:37:16.250965,Zinc,449.346969568066,453.5336703166585,439.8226579368698,448.64835606847674,23369318.37447213,0.0015547306355727243,66.72306249074566,Normal,Above MA200,Bearish
2026-03-28 15:37:16.250965,Zinc,442.1478998696534,448.0508056644359,434.13685067901304,436.027783620295,34860921.94585571,0.013841785183560915,34.71228852270737,Normal,Above MA200,Bullish
2026-03-29 15:37:16.250965,Zinc,450.3552767945449,464.1467435141097,446.6582719518038,459.7945519231303,22878817.594839882,0.0209596192494302,50.039873464487826,Normal,Above MA200,Neutral
2026-03-30 15:37:16.250965,Zinc,458.44167572149564,461.6572193650237,448.90095425114816,451.42786578800366,72415289.80642857,0.015299241550091755,43.32298718500789,Normal,Above MA200,Neutral
2026-03-31 15:37:16.250965,Zinc,443.13302673364774,449.9306453520182,437.0724713040644,447.94407412887074,98198994.24906486,0.010856891960153454,45.18374575289759,Normal,Above MA200,Neutral
2026-04-01 15:37:16.250965,Zinc,447.56937727132834,449.05151193704427,444.0124312902353,445.48217859758824,45469292.07080522,0.004663408132310129,57.4869477043801,Normal,Above MA200,Neutral
2026-04-02 15:37:16.250965,Zinc,433.75385207257835,437.40175151325303,428.90891077833106,434.36812832171915,29899051.76524402,0.00141618626833091,49.587601686435264,Normal,Above MA200,Bearish
2026-04-03 15:37:16.250965,Zinc,429.98133098669666,445.1383236439412,423.82982148829416,434.98244265594764,55991035.584958605,0.01163099722905327,35.64567205902974,Normal,Above MA200,Neutral
2026-04-04 15:37:16.250965,Zinc,429.06687220086746,439.2682367045271,412.9433012443638,415.8552105478288,53967892.06410961,0.030791614335710475,55.131729139262106,Normal,Above MA200,Bearish
2026-04-05 15:37:16.250965,Zinc,436.140310538557,439.9801216820615,431.02813412111186,431.2973850455748,3233603.4249754357,0.011104053846804572,35.905739705486354,Normal,Above MA200,Bullish
2026-04-06 15:37:16.250965,Zinc,434.49979806940723,438.2537162496207,433.6808521613564,436.54714390210637,75946272.63717899,0.004711960377878199,51.87346041079947,Normal,Above MA200,Bullish
2026-04-07 15:37:16.250965,Zinc,424.9730604908123,425.35571296548613,421.281438790596,421.4374047418026,41211029.27823711,0.008319717360263521,54.247092231270706,Normal,Above MA200,Bearish
2026-04-08 15:37:16.250965,Zinc,413.8481780737897,413.9204125396636,404.501565190034,406.928235679754,67742636.01510882,0.01672096860796589,62.95509454503217,Normal,Above MA200,Bullish
2026-04-09 15:37:16.250965,Zinc,415.42668014396594,416.2768009175427,396.09400538960807,398.86344661717067,45662850.05060394,0.039870413525330835,46.77346629594947,Normal,Above MA200,Bullish
2026-04-10 15:37:16.250965,Zinc,409.4711964257452,418.1403423810972,408.599200647246,418.0882133123281,42331792.38280835,0.021044256499115146,61.84147039607057,Normal,Above MA200,Bearish
2026-04-11 15:37:16.250965,Zinc,405.6309152397272,415.00443848447617,401.80569261790976,405.90810263601253,14348580.993768955,0.0006833487928837811,58.46023309512781,Normal,Above MA200,Neutral
2026-04-12 15:37:16.250965,Zinc,414.7498658988828,416.06936204121325,411.53305857858555,411.74592273610165,98566416.33338368,0.007242782722233555,44.684630693621415,Normal,Above MA200,Bullish
2026-04-13 15:37:16.250965,Zinc,418.8363753940057,421.5644267518157,416.064143882223,416.3035464778581,14429360.487783598,0.006047299291435514,38.0999619841638,Normal,Above MA200,Bearish
2026-04-14 15:37:16.250965,Zinc,433.7476096586892,444.06185947437115,430.80416515851147,442.5936791064077,15396863.050448544,0.020394508812807913,53.64620018490957,Normal,Above MA200,Bullish
2026-04-15 15:37:16.250965,Zinc,424.1801384672095,428.82181260989154,420.1772870229603,424.2460989014962,81103595.31045075,0.00015550099664046198,33.545449355723704,Normal,Above MA200,Bearish
2026-04-16 15:37:16.250965,Zinc,417.516235331025,417.97996006378867,394.65349392447166,401.6246289075601,48512643.21143501,0.03806224783298617,54.18839175549568,Normal,Above MA200,Neutral
2026-04-17 15:37:16.250965,Zinc,419.2422495561491,430.7974231576755,417.20336465789387,430.45231494993294,59793746.31115689,0.02673887330213475,53.286527843934806,Normal,Above MA200,Neutral
2026-04-18 15:37:16.250965,Zinc,436.3325430747595,444.51011702165147,434.00529927639934,440.5512248979738,85410591.04438245,0.00966850144498952,35.601027578795424,Normal,Above MA200,Bullish
2026-04-19 15:37:16.250965,Zinc,428.8636067686322,433.01788843073786,426.96842022640647,429.62707139901187,74194283.39370409,0.0017802038184870253,51.64411665816604,Normal,Above MA200,Bullish
2026-04-20 15:37:16.250965,Zinc,429.2245316183206,432.0249590513618,424.84288876299433,430.72690520372464,70268955.57354207,0.0035002043796041934,31.921015503996525,Normal,Above MA200,Bearish
2026-04-21 15:37:16.250965,Zinc,441.63944310117773,453.38809639220085,438.95948254870825,450.41435972353736,95585757.71382391,0.019868960436917486,66.27248600385794,Normal,Above MA200,Bullish
2026-04-22 15:37:16.250965,Zinc,442.1085248966262,447.44820034811954,427.86119432432673,434.97239644663466,47349598.52513983,0.016141123837546727,66.25063170292198,Normal,Above MA200,Bullish
2026-04-23 15:37:16.250965,Zinc,451.692970207774,469.62787591953384,451.37104306147535,469.2994734275823,25389952.04378651,0.038978917940010155,54.072275691954864,Normal,Above MA200,Bearish
2026-04-24 15:37:16.250965,Zinc,470.08647944169144,471.69392003077985,469.19281546243917,471.6134595339364,71680328.40953039,0.003248296130657712,61.703645607861766,Normal,Above MA200,Bullish
2026-04-25 15:37:16.250965,Zinc,472.85960451980174,478.05562020821714,460.2800407347748,467.0689310947793,53373112.71539289,0.012246073400376338,45.28433881221308,Normal,Above MA200,Bullish
2026-04-26 15:37:16.250965,Zinc,477.1677083030102,477.8896584637638,465.6668751017931,466.8652492447691,36168316.21571976,0.021590855539828105,36.15843976417705,Normal,Above MA200,Bearish
2026-04-27 15:37:16.250965,Zinc,484.1487763568185,487.11711172441204,479.4613633596936,485.30476362490424,9757118.327868115,0.002387669502718676,59.180153057175346,Normal,Above MA200,Neutral
2026-04-28 15:37:16.250965,Zinc,475.6508681154105,499.005231438268,474.30483889867907,495.85750256399854,89848851.87449723,0.04248207204719135,32.126163417483184,Normal,Above MA200,Bullish
2026-04-29 15:37:16.250965,Zinc,461.72935678378747,466.23043529966503,460.7939532632447,460.83484525361587,37520896.408538766,0.0019373070328523297,34.22468181046944,Normal,Above MA200,Bullish
2026-04-30 15:37:16.250965,Zinc,463.2182514333248,482.9859437358508,456.4970891294444,479.5446030608886,86911453.02042067,0.03524548434144289,36.531667279902365,Normal,Above MA200,Neutral
2026-05-01 15:37:16.250965,Zinc,457.34423604905095,476.353824664016,453.4356473045463,470.0349288763585,23702576.08045774,0.027748666818108655,36.35350781528062,Normal,Above MA200,Neutral
2026-05-02 15:37:16.250965,Zinc,467.2364570825703,472.4750411711745,458.84172853081446,461.0861079494067,81581523.59637058,0.013163247516185802,63.947517075317315,Normal,Above MA200,Neutral
2026-05-03 15:37:16.250965,Zinc,470.18974390723787,471.83705518341145,460.6051722544117,462.4095150180009,39768586.21123399,0.016546998291761757,32.993712858856206,Normal,Above MA200,Neutral
2026-05-04 15:37:16.250965,Zinc,479.9227245257773,480.2132438019946,478.78067693315654,480.02556342832463,63625357.05780833,0.0002142822110557937,44.726540554051496,Normal,Above MA200,Neutral
2026-05-05 15:37:16.250965,Zinc,468.63145527081906,474.82933337884896,458.36945304349626,462.3430053857586,42900704.70752846,0.013418753296076544,52.55568451317065,Normal,Above MA200,Bearish
2026-05-06 15:37:16.250965,Zinc,478.04237183776326,497.49893367685075,476.0903333598955,491.63631057747136,25712413.44651401,0.028436681642776056,67.29050604972156,Normal,Above MA200,Bullish
2026-05-07 15:37:16.250965,Zinc,456.44213673703166,457.740366535338,446.5797925194254,456.4038214864789,56007840.96329201,8.394328101851257e-05,55.363522304564725,Normal,Above MA200,Bullish
2026-05-08 15:37:16.250965,Zinc,445.92174296786885,446.58621370536395,436.15156874277596,441.7395482135716,61070011.405084886,0.009378763920463575,43.23807675826601,Normal,Above MA200,Bullish
2025-08-30 15:37:16.250965,Lead,231.70314002040806,235.87807847420217,221.64519232737473,223.60760129055936,53615282.09978388,0.03493927069411163,32.707006529024,Normal,Above MA200,Bullish
2025-08-31 15:37:16.250965,Lead,231.56409566817905,233.9583890834632,225.23545119533557,227.9049531058659,92502880.82569936,0.01580185629276705,34.61170288223115,Normal,Above MA200,Neutral
2025-09-01 15:37:16.250965,Lead,231.3492592140133,231.79258435034882,229.88353640763043,231.25284142714386,79880513.1964147,0.0004167628943226607,63.697232086017884,Normal,Above MA200,Bearish
2025-09-02 15:37:16.250965,Lead,225.25308035674485,226.28159533397275,213.91741677886785,215.65129969058447,37304933.56563094,0.04262663423271967,48.083062827164824,Normal,Above MA200,Neutral
2025-09-03 15:37:16.250965,Lead,222.6391301700738,223.0078542440192,213.76814058623168,216.74653233464514,46730010.0476531,0.026467035830257352,35.94797273190193,Normal,Above MA200,Neutral
2025-09-04 15:37:16.250965,Lead,226.45071176907481,226.49318048552868,222.66918558517827,225.20059877931604,16111511.561690835,0.005520463945521088,36.80592192820959,Normal,Above MA200,Neutral
2025-09-05 15:37:16.250965,Lead,216.50386847443977,217.08040683087026,210.65241224286558,213.88567928752505,37385662.844883576,0.012093036514143552,58.20326523341341,Normal,Above MA200,Bearish
2025-09-06 15:37:16.250965,Lead,217.9566142796082,219.62715573964087,207.811332287773,210.83253783848784,76292688.0083392,0.032685754752921424,59.02767395658984,Normal,Above MA200,Neutral
2025-09-07 15:37:16.250965,Lead,213.75038027224196,223.6956962865122,213.3554691750868,219.99341101455056,55968584.76069385,0.0292071094065759,67.31192227491917,Normal,Above MA200,Bullish
2025-09-08 15:37:16.250965,Lead,219.81570029374612,221.77855309639645,217.04063170615174,219.85423036051404,93143200.23987885,0.00017528350666678278,53.140471696377816,Normal,Above MA200,Bearish
2025-09-09 15:37:16.250965,Lead,221.65837429266418,232.19886789672807,214.56885685400744,231.97466136715155,3382636.7974029323,0.04654138201368559,40.144806765359576,Normal,Above MA200,Bullish
2025-09-10 15:37:16.250965,Lead,214.56725652054686,218.56331261380805,214.42596720585965,216.41217121815973,33652955.11306305,0.008598304920938363,32.48204210541731,Normal,Above MA200,Neutral
2025-09-11 15:37:16.250965,Lead,212.62555557136528,213.42093942029823,210.60383700725077,211.6527791109867,83664507.19827735,0.004575068400242556,53.1439396271239,Normal,Above MA200,Neutral
2025-09-12 15:37:16.250965,Lead,214.74183110772185,215.77031162389304,210.75551898468714,215.6226897230279,62960744.85192144,0.00410194236848146,58.020279827155214,Normal,Above MA200,Bullish
2025-09-13 15:37:16.250965,Lead,213.32360528328772,213.51950423040054,208.96281713572483,211.3817496414254,49744405.030947655,0.009102863413936743,52.092934746219974,Normal,Above MA200,Bullish
2025-09-14 15:37:16.250965,Lead,214.00072537745353,215.20900654780817,211.2707553950551,213.7884167657478,95702167.7944749,0.00099209295356949,69.74859233038316,Normal,Above MA200,Bearish
2025-09-15 15:37:16.250965,Lead,213.91096815873465,218.71307182981747,212.88312545802918,217.74613532459796,71161814.8543513,0.017928800934683287,35.250488443714836,Normal,Above MA200,Bullish
2025-09-16 15:37:16.250965,Lead,217.9554873758564,220.3830406592204,215.88965998317698,219.9839764505283,41938168.58348129,0.00930689609651288,47.71433238317677,Normal,Above MA200,Neutral
2025-09-17 15:37:16.250965,Lead,220.00646681291676,221.34192388635992,214.67860997374504,216.81625743140478,79605535.77605897,0.01450052549693811,44.262921705762395,Normal,Above MA200,Bullish
2025-09-18 15:37:16.250965,Lead,219.78153026565735,227.40979341834344,218.39766289687824,223.74818967861236,90178675.32602407,0.018048192712828842,35.150461747038946,Normal,Above MA200,Bullish
2025-09-19 15:37:16.250965,Lead,219.8651330272229,220.511856865331,209.63479755315305,209.65680207463402,93518584.00751412,0.04642996737152001,35.99238509697822,Normal,Above MA200,Neutral
2025-09-20 15:37:16.250965,Lead,214.81271419913244,219.47449581374286,205.01122414520918,206.98879899133405,24738194.1455607,0.03642203040433436,44.89707004703873,Normal,Above MA200,Bullish
2025-09-21 15:37:16.250965,Lead,221.6594035989334,222.93522378118476,220.890304312134,221.9806768504797,55156875.21844494,0.00144940050514446,51.31542546563479,Normal,Above MA200,Bullish
2025-09-22 15:37:16.250965,Lead,235.4808612151886,240.01280445800808,231.04989484583226,231.37239961918294,32087857.608514138,0.017447114703097875,49.69882490528941,Normal,Above MA200,Neutral
2025-09-23 15:37:16.250965,Lead,233.93947753434958,239.69514735111696,233.78392962845965,235.42303074672935,75300977.83623864,0.006341611206522261,37.728005099135665,Normal,Above MA200,Bullish
2025-09-24 15:37:16.250965,Lead,234.16203952520252,236.18560249080363,224.63340392903658,224.66183368023536,5605331.138161797,0.040571075756899826,50.793414686205395,Normal,Above MA200,Bearish
2025-09-25 15:37:16.250965,Lead,238.89816897082753,245.9235895193547,236.59919967357732,245.49121418207932,82643506.53250496,0.02759772182287799,33.140735588048095,Normal,Above MA200,Bearish
2025-09-26 15:37:16.250965,Lead,243.6082753074523,243.74759623173875,241.13178844285662,241.84222638611996,52216977.380062096,0.007249544044033054,37.79216319172084,Normal,Above MA200,Bullish
2025-09-27 15:37:16.250965,Lead,244.44025558185956,253.73635357972904,237.55896003930823,253.08512379566602,41620255.742431596,0.03536597600599139,50.184987317267904,Normal,Above MA200,Bullish
2025-09-28 15:37:16.250965,Lead,239.8855274857153,241.73611757136808,238.1478744743603,238.93573267728522,83588653.51352794,0.003959366862957707,49.85188366561127,Normal,Above MA200,Bullish
2025-09-29 15:37:16.250965,Lead,248.3689140509355,257.5525536084135,245.64266084583207,255.47441725611736,66351824.98204991,0.028608665590592636,59.349440469054244,Normal,Above MA200,Bullish
2025-09-30 15:37:16.250965,Lead,251.5474999706227,252.23661993464395,242.79591638770816,244.196981822691,20399725.292426683,0.029221193407965394,67.04170984988428,Normal,Above MA200,Bullish
2025-10-01 15:37:16.250965,Lead,252.5765638763647,259.73634369313555,249.55589490060714,257.9415094263706,81369266.17448027,0.021240868383307313,61.32942875511849,Normal,Above MA200,Bearish
2025-10-02 15:37:16.250965,Lead,249.20390683299055,254.4790831096704,248.9485591537342,253.6235201817803,96695638.4058166,0.01773492801520024,45.11197304808176,Normal,Above MA200,Neutral
2025-10-03 15:37:16.250965,Lead,249.47432110545012,257.4329194827781,248.90288340294074,254.63014890672562,38351286.712752745,0.020666767539157627,56.407519899914334,Normal,Above MA200,Bearish
2025-10-04 15:37:16.250965,Lead,241.0082519654858,243.42137575892718,239.503871682386,243.0827213687374,98847193.48194218,0.008607462135979764,53.96955433873134,Normal,Above MA200,Bullish
2025-10-05 15:37:16.250965,Lead,244.46525488698367,254.40397343735776,242.6880051332793,251.58085743308013,57896211.083889954,0.029106805175181244,52.425717005839445,Normal,Above MA200,Bullish
2025-10-06 15:37:16.250965,Lead,249.05994971501192,251.76793708026565,244.74637781910099,245.25547515670553,97084973.36107437,0.015275336571213863,35.18314656336319,Normal,Above MA200,Neutral
2025-10-07 15:37:16.250965,Lead,250.13198715539826,250.80242239230486,245.47765972448255,249.6290971015292,55483313.278432205,0.0020104987754190826,61.445216898487274,Normal,Above MA200,Bullish
2025-10-08 15:37:16.250965,Lead,245.65152230606571,253.46047281547055,245.06477247652435,248.32776632934323,80156180.3427194,0.01089447359476614,39.102481212794636,Normal,Above MA200,Neutral
2025-10-09 15:37:16.250965,Lead,247.76004100838387,256.83457410965457,245.4436727208137,252.86591325791372,67462069.07919756,0.020608134502839784,63.26884481119672,Normal,Above MA200,Bullish
2025-10-10 15:37:16.250965,Lead,251.4337919154042,262.0596234504868,250.29143114600382,258.64861048286275,68337557.78267044,0.028694705323801403,44.5774497908296,Normal,Above MA200,Bullish
2025-10-11 15:37:16.250965,Lead,247.96590930717383,249.72023639375254,243.72317114504867,244.64034660827596,74367493.97608376,0.013411370571824326,42.76558062136773,Normal,Above MA200,Neutral
2025-10-12 15:37:16.250965,Lead,252.32384378357506,254.8107168565563,243.26411302385338,245.8864965896845,17469909.70686046,0.025512242907222166,35.908941135885264,Normal,Above MA200,Neutral
2025-10-13 15:37:16.250965,Lead,254.77120100457316,257.67562654594815,243.53465307208944,245.92165142910244,10752992.273384849,0.03473528224766605,52.426274140027274,Normal,Above MA200,Neutral
2025-10-14 15:37:16.250965,Lead,253.49266237064708,254.12086738085864,243.62443129179113,247.0627933497549,95663787.13142599,0.02536510903613719,58.914167187014165,Normal,Above MA200,Neutral
2025-10-15 15:37:16.250965,Lead,250.89068516584183,257.63392116849934,248.2647419220488,257.2735683047122,31270123.49241418,0.025440893250585413,46.3367482999477,Normal,Above MA200,Bullish
2025-10-16 15:37:16.250965,Lead,250.05607028565817,253.1672209408954,245.5624070326031,246.27058224217797,47721570.22584497,0.015138556881085653,39.408199723909256,Normal,Above MA200,Bearish
2025-10-17 15:37:16.250965,Lead,245.52701059571223,248.50879395494073,244.83443523038736,246.76126482584817,63282201.204562604,0.005026959058969976,61.289160018884935,Normal,Above MA200,Neutral
2025-10-18 15:37:16.250965,Lead,246.74137608557837,246.92114647360728,239.4687811335608,241.16288761554236,69468114.29609899,0.022608646180611376,39.774619651708676,Normal,Above MA200,Bearish
2025-10-19 15:37:16.250965,Lead,249.34722106726565,249.9079415730549,244.5531081780561,247.41202782992065,55645445.33190619,0.007761037917574946,31.871086007604532,Normal,Above MA200,Neutral
2025-10-20 15:37:16.250965,Lead,254.79980113645746,258.44713872787236,253.40940324253606,254.4219781857401,4970954.062476587,0.001482822784916682,52.13592781147012,Normal,Above MA200,Bullish
2025-10-21 15:37:16.250965,Lead,256.18767300468977,261.81469757119174,251.60142183867,252.79173941866588,6865596.7875730265,0.013255647885765802,68.30417484464684,Normal,Above MA200,Neutral
2025-10-22 15:37:16.250965,Lead,258.01353101755296,265.327745718853,252.59796227203086,263.1368253127019,81374795.3889167,0.019856688426159872,51.266498914579174,Normal,Above MA200,Neutral
2025-10-23 15:37:16.250965,Lead,256.76302790622856,259.40553240886436,255.49683372419892,255.64265660228293,73007998.19051999,0.004363444819457385,49.16969500157322,Normal,Above MA200,Neutral
2025-10-24 15:37:16.250965,Lead,252.68452922271527,264.88574506918576,248.10263110880837,263.65548373176654,33135717.14114721,0.04341759482782382,34.3706444541959,Normal,Above MA200,Bullish
2025-10-25 15:37:16.250965,Lead,250.67850035850142,251.91137332369587,244.5003703768271,246.40607450381907,78196344.47263308,0.017043447477834116,39.56143772599225,Normal,Above MA200,Bullish
2025-10-26 15:37:16.250965,Lead,257.3417667879773,258.70088848544214,251.11686567713392,251.93105110594098,23834198.944343634,0.021025408154962125,33.409611911846156,Normal,Above MA200,Bullish
2025-10-27 15:37:16.250965,Lead,260.3003387188804,264.0729459945283,249.88512749008837,254.04153209600622,41439374.5843498,0.0240445581195866,69.98779325484779,Normal,Above MA200,Neutral
2025-10-28 15:37:16.250965,Lead,262.2012220046641,265.828629463117,260.4914596538686,263.95448639196013,39034726.053344026,0.006686713257441824,51.760491654524394,Normal,Above MA200,Bullish
2025-10-29 15:37:16.250965,Lead,253.73084424802985,259.9388730545256,252.32361534371026,258.40111747008484,12828661.408934806,0.018406407135467148,31.211084053245045,Normal,Above MA200,Bullish
2025-10-30 15:37:16.250965,Lead,255.1904066554251,257.51564954411424,251.8603413271055,254.188227115857,89006273.31337337,0.00392718344197529,60.88905493542718,Normal,Above MA200,Bullish
2025-10-31 15:37:16.250965,Lead,248.98621187330934,259.61859932965086,247.81997932946467,258.55885027945396,10939195.986233244,0.03844645988274813,43.45360491516546,Normal,Above MA200,Bullish
2025-11-01 15:37:16.250965,Lead,243.11476268433802,245.81041835418236,242.42842043358291,243.88222695740637,32960939.995399673,0.0031567983144850757,36.757763658063396,Normal,Above MA200,Bearish
2025-11-02 15:37:16.250965,Lead,237.7659713000484,244.06932845352262,233.33750886921783,241.72150325410135,14394664.113770656,0.016636240806138295,48.94477284163261,Normal,Above MA200,Neutral
2025-11-03 15:37:16.250965,Lead,234.15999097546268,243.42420837485977,231.91690951403982,239.2418294646317,65233761.77356079,0.021702420076116107,32.33584896236616,Normal,Above MA200,Bullish
2025-11-04 15:37:16.250965,Lead,238.0485209873183,241.1427044702351,237.5273465141908,239.42711163519579,21264590.12871515,0.00579121702651082,61.049002114880906,Normal,Above MA200,Neutral
2025-11-05 15:37:16.250965,Lead,239.10578208036873,241.422286611772,236.91755255201122,239.26981834556963,17349722.498887464,0.0006860405623556121,68.26640353696854,Normal,Above MA200,Bearish
2025-11-06 15:37:16.250965,Lead,234.705135501954,237.88784591728464,224.6624332354069,227.0524999884447,1946609.572197346,0.032605317719797376,61.9178708356969,Normal,Above MA200,Neutral
2025-11-07 15:37:16.250965,Lead,231.99544298151145,232.46707464432458,227.23525088711276,229.82543004409192,65260432.09010471,0.009353687768739839,42.289690029982964,Normal,Above MA200,Neutral
2025-11-08 15:37:16.250965,Lead,234.3205389931765,243.59245695088197,233.10165879836734,239.88750264007933,95046129.18681227,0.023757898777558507,69.35356034163098,Normal,Above MA200,Bullish
2025-11-09 15:37:16.250965,Lead,237.57645237158135,237.7614003692243,237.27725939475812,237.54514081997416,83269672.10998768,0.00013179568637642432,58.354284528170986,Normal,Above MA200,Bearish
2025-11-10 15:37:16.250965,Lead,238.19997437246303,244.3463584473501,236.06948084448288,241.9377333190445,25467729.581980262,0.015691684923260726,66.17619615617792,Normal,Above MA200,Neutral
2025-11-11 15:37:16.250965,Lead,232.84587407352876,238.06369446067941,229.78139080119058,234.12554526106402,38119824.00662773,0.005495786397877658,35.32346556691189,Normal,Above MA200,Bearish
2025-11-12 15:37:16.250965,Lead,230.92105976634517,231.93719623172007,227.1743958130271,228.62674011133356,10931134.566391736,0.009935515008172514,44.53331302690634,Normal,Above MA200,Bullish
2025-11-13 15:37:16.250965,Lead,242.0305793556762,259.6148327501912,236.69190186694266,257.1046192607285,78020625.75333022,0.062281551137801684,47.01833330537736,Normal,Above MA200,Neutral
2025-11-14 15:37:16.250965,Lead,236.38073606502857,241.38983201054214,235.7903019337034,238.9993823485419,90140752.17077321,0.011078086679588555,50.21683706105578,Normal,Above MA200,Bullish
2025-11-15 15:37:16.250965,Lead,238.130143429714,241.4929530564099,234.89980075101536,240.96148230409054,16559119.476183249,0.011889880187353374,52.36026155943561,Normal,Above MA200,Bullish
2025-11-16 15:37:16.250965,Lead,248.0257838857413,253.18482522859983,247.48469760835204,251.26439658982594,33580678.13843611,0.013057564634395332,57.7575651193127,Normal,Above MA200,Bullish
2025-11-17 15:37:16.250965,Lead,246.74972789777235,248.08374960863665,244.37432824206854,247.26118385389768,81230583.34076798,0.002072772118059767,52.73420183946483,Normal,Above MA200,Bullish
2025-11-18 15:37:16.250965,Lead,255.30611291208655,256.99210691959644,245.4740580920047,248.51187259455872,44190446.34563756,0.026612133332927213,47.33368121473292,Normal,Above MA200,Bearish
2025-11-19 15:37:16.250965,Lead,252.0974303947999,255.87844064709273,248.4605757927451,252.43614461903147,47392986.02949929,0.0013435845962457527,48.7272391905938,Normal,Above MA200,Neutral
2025-11-20 15:37:16.250965,Lead,242.88272503664433,248.08813631608112,239.63129591438334,244.09581698225298,31268009.927447747,0.0049945583632003375,60.95843199292841,Normal,Above MA200,Bearish
2025-11-21 15:37:16.250965,Lead,240.17985943761633,243.0852411868048,237.4041586622766,239.42960846638138,21127291.129291028,0.0031237047643863404,51.03828397072163,Normal,Above MA200,Bullish
2025-11-22 15:37:16.250965,Lead,236.64446731489238,240.13909950823572,230.3145406168258,231.75636062373997,63133065.4118743,0.02065590946036368,60.79432022715574,Normal,Above MA200,Neutral
2025-11-23 15:37:16.250965,Lead,228.85154683222822,238.59971517342964,227.14464510658814,235.90260384080432,50515741.62197188,0.030810615467437647,62.02038583182752,Normal,Above MA200,Bearish
2025-11-24 15:37:16.250965,Lead,226.90376267590898,235.40210866294842,223.7571160635805,233.47014951316598,34947361.71153728,0.0289390830712487,32.83858533142142,Normal,Above MA200,Neutral
2025-11-25 15:37:16.250965,Lead,231.5276731438382,236.89681825399694,226.79332404303202,229.03626638908767,84644116.71480274,0.010760729898592863,62.54184719993279,Normal,Above MA200,Neutral
2025-11-26 15:37:16.250965,Lead,228.75555493064456,230.09048210034055,221.11933774769358,225.73549037122027,5388892.829425861,0.013202147420376106,38.84263460188867,Normal,Above MA200,Neutral
2025-11-27 15:37:16.250965,Lead,227.00115368320436,229.57846751297117,226.66542668562823,228.04613502640143,20308908.988571893,0.004603418644538716,63.75165377866003,Normal,Above MA200,Neutral
2025-11-28 15:37:16.250965,Lead,233.39583959334945,234.79957925042052,229.9211731599565,231.94525253470653,96352612.32535411,0.006215136744383772,49.940298660964054,Normal,Above MA200,Bullish
2025-11-29 15:37:16.250965,Lead,229.9044657907376,236.14762588244616,227.24904967495272,233.24067778367495,46874965.10076565,0.014511297035760977,47.50609458897689,Normal,Above MA200,Bullish
2025-11-30 15:37:16.250965,Lead,232.7923335039994,235.67315797020223,227.5309501399831,232.91529734031025,99423205.3764917,0.0005282125680857932,34.446773310153645,Normal,Above MA200,Bearish
2025-12-01 15:37:16.250965,Lead,224.8255854282372,225.42598699938733,223.05362955253318,224.1275883928548,74311582.65891983,0.003104615669310387,60.59757273606465,Normal,Above MA200,Bullish
2025-12-02 15:37:16.250965,Lead,220.3176424796906,223.0595727996248,217.66793251648312,222.18765076743568,88986915.13536356,0.008487782760826785,50.98917041718097,Normal,Above MA200,Bullish
2025-12-03 15:37:16.250965,Lead,219.32178986517764,222.12104435049972,208.29308710651551,211.95830216498356,4067114.374508326,0.033573899359113285,41.11577591362999,Normal,Above MA200,Bullish
2025-12-04 15:37:16.250965,Lead,224.96344808808107,229.21714789484435,222.27993601474452,223.18514675210983,32689217.798479594,0.007904845658637711,58.015405325731734,Normal,Above MA200,Neutral
2025-12-05 15:37:16.250965,Lead,220.70560792150604,221.741218344846,216.87999964566302,217.20145816907075,48538817.65488076,0.01587703088034593,40.7213186380757,Normal,Above MA200,Neutral
2025-12-06 15:37:16.250965,Lead,216.39168426032035,216.76853147583722,213.73912262425867,214.13379113605043,30594669.626811877,0.010434287860866432,59.44583886673003,Normal,Above MA200,Neutral
2025-12-07 15:37:16.250965,Lead,217.6624596115357,218.26800657798728,217.291533805794,217.6301215938557,6804326.350762929,0.00014856956839370182,30.462251240567426,Normal,Above MA200,Neutral
2025-12-08 15:37:16.250965,Lead,219.68227405173738,220.65864074024668,214.65340433324374,216.56104844993533,70642853.2647099,0.014207908286068504,45.4945934787832,Normal,Above MA200,Bullish
2025-12-09 15:37:16.250965,Lead,214.85025510542798,215.35606551185603,207.2289056009051,207.27371131009605,40164447.01072898,0.03526429974036607,53.49279240688328,Normal,Above MA200,Neutral
2025-12-10 15:37:16.250965,Lead,212.41513051699195,215.9240465116777,204.90393327322684,205.98565594328298,49957030.23887353,0.030268439720185784,66.51941625724035,Normal,Above MA200,Bearish
2025-12-11 15:37:16.250965,Lead,217.4854047317557,227.61529843642347,216.57541771139043,223.42153058974165,69645731.85726117,0.027294364260017922,31.78903264972407,Normal,Above MA200,Neutral
2025-12-12 15:37:16.250965,Lead,211.97957485786918,214.4923765957448,210.84411035099052,214.4561871018951,22000877.016190488,0.011683258850228688,69.02306537742236,Normal,Above MA200,Neutral
2025-12-13 15:37:16.250965,Lead,213.57287854615623,216.3471386624466,209.56447436381356,214.9614335602547,33063323.05203608,0.006501551243541398,42.401040658598035,Normal,Above MA200,Bearish
2025-12-14 15:37:16.250965,Lead,211.1581078680757,216.0233802585998,208.95340612956946,209.73828187965032,85209454.28185412,0.0067239946538659124,62.13694276392651,Normal,Above MA200,Neutral
2025-12-15 15:37:16.250965,Lead,217.70244277982928,221.77305743594542,216.8333001320065,219.3257173951563,49529944.397070415,0.007456391368877304,39.854855945119276,Normal,Above MA200,Neutral
2025-12-16 15:37:16.250965,Lead,220.41063585123672,224.45428526692032,219.52203113665252,223.21823300040901,71371898.09005235,0.01273802935293574,59.27024149205714,Normal,Above MA200,Neutral
2025-12-17 15:37:16.250965,Lead,224.5192732687789,227.90475141027864,221.69311168108052,226.6750297860958,84078108.24051942,0.009601654619361554,60.36649924653525,Normal,Above MA200,Neutral
2025-12-18 15:37:16.250965,Lead,222.01094822067896,225.3446183153802,221.81530380429015,222.67863826534736,4562376.024659713,0.0030074644967721114,31.186289823871647,Normal,Above MA200,Bullish
2025-12-19 15:37:16.250965,Lead,225.85807128621775,236.6230039867102,224.01772239907774,231.39513145230347,99772452.63904388,0.024515662134867458,69.00769644286106,Normal,Above MA200,Neutral
2025-12-20 15:37:16.250965,Lead,229.58370240623208,237.3960608473196,227.4288846630663,234.408195028108,12931975.220406033,0.021014090161066104,60.51059244484645,Normal,Above MA200,Neutral
2025-12-21 15:37:16.250965,Lead,232.0075967584913,234.36672166718802,226.935854732706,228.36847439039724,18466242.96363774,0.01568535866470877,58.8663419793663,Normal,Above MA200,Neutral
2025-12-22 15:37:16.250965,Lead,230.6889640765276,232.43021266388516,229.20124950260495,232.04667572094482,76948157.11217926,0.005885464221716382,43.61109848675428,Normal,Above MA200,Neutral
2025-12-23 15:37:16.250965,Lead,231.44766786621003,233.47435409742386,227.42144669416697,229.4081365476214,36616582.70797592,0.0088120625167309,63.87994399029074,Normal,Above MA200,Bearish
2025-12-24 15:37:16.250965,Lead,222.80307045245053,225.96425101190448,220.2204401760081,223.35394306423862,27253536.73734661,0.0024724641840413266,65.66075264425737,Normal,Above MA200,Neutral
2025-12-25 15:37:16.250965,Lead,231.01044807183052,233.9976384496553,227.41947106110047,227.77416673679423,70269775.39477915,0.01400924227474772,68.69543950654773,Normal,Above MA200,Bullish
2025-12-26 15:37:16.250965,Lead,228.1925926046121,230.13749255713543,227.39460597127214,229.17895406769762,25879982.913818926,0.004322495536893335,66.87020980107572,Normal,Above MA200,Neutral
2025-12-27 15:37:16.250965,Lead,226.6302053567898,230.09904188567845,225.96436295254685,226.76923081867517,75122596.60547954,0.0006134463041522406,53.13241720503693,Normal,Above MA200,Bearish
2025-12-28 15:37:16.250965,Lead,220.48146073663693,220.88768896216285,217.28805071483256,219.9407247567687,86334708.8595537,0.002452523573009704,54.648074342291864,Normal,Above MA200,Bullish
2025-12-29 15:37:16.250965,Lead,223.62113541929818,225.93990196378925,223.62077649081203,223.69873056677375,45952460.3768692,0.00034699379971433016,41.08900029687529,Normal,Above MA200,Neutral
2025-12-30 15:37:16.250965,Lead,226.09038798740866,229.5229192044477,225.06146563744971,225.3486241126751,74655396.16724917,0.003280828881477544,42.37467468545245,Normal,Above MA200,Bullish
2025-12-31 15:37:16.250965,Lead,224.7115321353033,227.4823668272557,223.72725391406104,225.07603914277888,75976836.28658257,0.0016221108191996297,32.024433630286936,Normal,Above MA200,Bullish
2026-01-01 15:37:16.250965,Lead,213.81813355938831,215.49009106286152,210.50182210067274,214.3870232896326,13548863.366916092,0.002660624338890652,66.27641727318344,Normal,Above MA200,Bullish
2026-01-02 15:37:16.250965,Lead,210.4980714192207,211.92727904561085,207.2786555648009,211.06402889976823,33865718.263962075,0.0026886587450977765,65.36682634043544,Normal,Above MA200,Bullish
2026-01-03 15:37:16.250965,Lead,212.6445012601818,217.06711615736322,210.29167448026456,215.1540499046429,79207681.42611824,0.011801615511282615,68.10407446972647,Normal,Above MA200,Neutral
2026-01-04 15:37:16.250965,Lead,213.81761476568957,216.17221620653427,209.468206672889,211.2458563103824,21472840.26940304,0.012027813789455099,61.17953385886135,Normal,Above MA200,Neutral
2026-01-05 15:37:16.250965,Lead,213.60204232427637,215.62519998681967,208.88907754574691,211.64804075103885,77593307.36513993,0.009147859973506698,39.41191047105253,Normal,Above MA200,Bearish
2026-01-06 15:37:16.250965,Lead,211.62393577590822,215.81136120351113,207.77526716849576,210.70444343709948,77945623.48016413,0.004344935441435104,59.45559160200179,Normal,Above MA200,Bullish
2026-01-07 15:37:16.250965,Lead,204.25821794717626,206.04788490253756,202.7850797190626,204.01934730927238,28350272.534011055,0.0011694542344712904,55.81071788989331,Normal,Above MA200,Neutral
2026-01-08 15:37:16.250965,Lead,208.75556220915587,212.54711955272717,202.09068903090002,205.5858977824677,26081488.082813043,0.015183616633469316,62.72949148076919,Normal,Above MA200,Neutral
2026-01-09 15:37:16.250965,Lead,202.03606994463016,204.84741995104065,193.48040537910242,198.89216456184954,89803276.64339347,0.015561109378351267,65.28371914995975,Normal,Above MA200,Bearish
2026-01-10 15:37:16.250965,Lead,201.08305867020425,201.50708805221961,198.6825111321766,199.41428497202688,13471808.221097661,0.00829892736470815,38.965287186403145,Normal,Above MA200,Bearish
2026-01-11 15:37:16.250965,Lead,196.25433832558025,196.91968686885764,183.16265699603065,184.0881187706201,46524706.31786254,0.0619921050345228,44.82652271652885,Normal,Above MA200,Bullish
2026-01-12 15:37:16.250965,Lead,200.89081643732735,201.54739233133895,195.1392785418285,196.8426737623581,89110720.19471171,0.020150959345780598,51.41590109701907,Normal,Above MA200,Neutral
2026-01-13 15:37:16.250965,Lead,203.60651043098025,206.08918537811738,197.51668647546532,199.89727801296965,72990198.89797314,0.018217651342086957,30.64308582180888,Normal,Above MA200,Bearish
2026-01-14 15:37:16.250965,Lead,201.9398325491472,209.35145219109563,200.22646100169914,205.33076327744155,87092082.84653705,0.016791787363045547,61.03588329556737,Normal,Above MA200,Bullish
2026-01-15 15:37:16.250965,Lead,205.16484363453245,207.45329334064348,201.90828251591043,204.57000390532548,16900788.62045117,0.002899325823417221,69.04380716445954,Normal,Above MA200,Bearish
2026-01-16 15:37:16.250965,Lead,198.204504996823,198.31451688288922,194.8486852595119,196.1242367232861,4305232.080496831,0.010495565040614368,46.13722475130221,Normal,Above MA200,Bearish
2026-01-17 15:37:16.250965,Lead,197.8335738150472,200.93555657922298,196.69813687674673,199.6462164519163,79505241.33675894,0.009162462174209704,33.73204713429014,Normal,Above MA200,Neutral
2026-01-18 15:37:16.250965,Lead,192.91166376616005,197.1000950232291,188.10630923721283,190.3062149046471,19813743.637495916,0.013505916701185885,60.906749394566795,Normal,Above MA200,Neutral
2026-01-19 15:37:16.250965,Lead,197.69452872757324,198.1773285003304,192.86395938309354,195.73084210539764,83835019.18198764,0.009932933575929153,58.664251022602,Normal,Above MA200,Bearish
2026-01-20 15:37:16.250965,Lead,199.44093423279978,204.85599935341278,198.91281527250962,203.980035045298,27519557.29139226,0.02275912329612275,46.41340264859913,Normal,Above MA200,Bearish
2026-01-21 15:37:16.250965,Lead,202.47351739013783,209.00713456308023,198.03729837403688,201.77763265829614,67058704.95225256,0.003436917285833651,55.80338014119319,Normal,Above MA200,Neutral
2026-01-22 15:37:16.250965,Lead,199.8921327398523,202.83690954022924,198.7980468173762,201.48054846331664,67513062.07676575,0.007946364380090675,49.65342476696922,Normal,Above MA200,Bearish
2026-01-23 15:37:16.250965,Lead,203.3673626927731,205.03694191256824,203.16092951136915,203.23360105968356,82244169.82488883,0.000657734020436838,61.202436928726726,Normal,Above MA200,Bearish
2026-01-24 15:37:16.250965,Lead,198.1556201583104,198.99403528475452,193.99849612625056,197.04935872690825,65839863.097716264,0.005582791093779348,36.35468691583617,Normal,Above MA200,Neutral
2026-01-25 15:37:16.250965,Lead,193.61322507193015,200.95176140720523,189.32146747731906,198.93142418818604,81482345.3810734,0.027468160371173497,49.79729297356945,Normal,Above MA200,Neutral
2026-01-26 15:37:16.250965,Lead,192.79595879037564,193.99365809156507,191.7398376773672,192.31325482158016,57878806.654924415,0.0025037037696433893,59.708137526107265,Normal,Above MA200,Bearish
2026-01-27 15:37:16.250965,Lead,188.43461372287385,190.84020429722077,185.55640052186078,185.63303127284192,3835947.199715405,0.014867663613820668,54.673994051036885,Normal,Above MA200,Bullish
2026-01-28 15:37:16.250965,Lead,191.74557448901962,198.3560352008085,191.40732990760793,198.342075607694,40171477.72154613,0.034402364363575605,41.85786045159951,Normal,Above MA200,Bullish
2026-01-29 15:37:16.250965,Lead,189.53646470644549,194.38697151027696,185.92579535626848,192.57509171178418,10421226.107941287,0.016031886054458804,46.424162685956496,Normal,Above MA200,Bearish
2026-01-30 15:37:16.250965,Lead,184.49419254545526,185.02418519172872,182.38363612188607,182.45281251849664,6627067.046902142,0.011064738671683035,58.713191045635654,Normal,Above MA200,Bearish
2026-01-31 15:37:16.250965,Lead,178.8475786698791,179.9598708619637,174.75480205474275,177.15289284201907,58914403.8739264,0.009475587203716851,49.38166924089076,Normal,Above MA200,Bearish
2026-02-01 15:37:16.250965,Lead,182.1015612454258,182.3865436159496,179.90546248304284,181.5192443894012,81608505.47923401,0.0031977587234400503,45.553460681896,Normal,Above MA200,Neutral
2026-02-02 15:37:16.250965,Lead,170.231104362795,174.06477929254962,168.50694788876328,173.36631379770037,32139904.959353354,0.018417371176912563,39.109757593362204,Normal,Above MA200,Bullish
2026-02-03 15:37:16.250965,Lead,165.51367630754513,170.47663714552635,160.8392936652178,168.07032440004542,50648212.45807031,0.015446748265984668,39.907475137864054,Normal,Above MA200,Neutral
2026-02-04 15:37:16.250965,Lead,172.0595200239873,173.56262451165728,166.41519510719337,167.77612814986438,91691429.82058889,0.0248948263573312,49.999207042855,Normal,Above MA200,Bearish
2026-02-05 15:37:16.250965,Lead,170.45274772550107,170.68705849814828,167.36151472222588,167.55860382770823,38036408.360674344,0.016979156607399605,56.4535723355433,Normal,Above MA200,Bullish
2026-02-06 15:37:16.250965,Lead,173.79566214526895,174.95129435988704,168.3385731107426,169.79860761072754,3243866.785831988,0.022998586300735376,66.90709278793454,Normal,Above MA200,Bullish
2026-02-07 15:37:16.250965,Lead,175.79034045518318,177.14250009358963,174.94536294180375,175.66372704763367,80481993.87400313,0.0007202523598377665,55.88950883945569,Normal,Above MA200,Neutral
2026-02-08 15:37:16.250965,Lead,174.89973592736627,182.3659331304739,174.7533806136931,178.53913860198566,86005901.2490859,0.020808508688262235,36.2732182278642,Normal,Above MA200,Bullish
2026-02-09 15:37:16.250965,Lead,167.15938922725934,168.25861883368063,166.79541137984498,167.36227886265644,88704062.7656792,0.0012137495616312151,36.98041609563478,Normal,Above MA200,Bullish
2026-02-10 15:37:16.250965,Lead,160.97298335829936,161.29267917278574,157.20210156594248,158.77382800241205,11323498.025323078,0.013661642531606363,65.85749742874947,Normal,Above MA200,Bullish
2026-02-11 15:37:16.250965,Lead,154.7079586884151,154.83820000272894,153.90580505258168,154.07214601362935,98640704.98226097,0.004109760610740667,30.600906969514984,Normal,Above MA200,Bullish
2026-02-12 15:37:16.250965,Lead,156.9571695877743,158.43281000496486,156.62049243019388,157.26849874559838,33450820.84701392,0.0019835293834728454,46.02620007092127,Normal,Above MA200,Bullish
2026-02-13 15:37:16.250965,Lead,160.08138004002544,163.10033445276636,159.89188228915074,161.8618903252097,3518649.212111496,0.011122532081739118,58.32783751890146,Normal,Above MA200,Bullish
2026-02-14 15:37:16.250965,Lead,155.9809001244409,158.89068335466217,154.52273494900055,157.12262806295675,98080508.92413695,0.007319665020557026,31.574375627950353,Normal,Above MA200,Bullish
2026-02-15 15:37:16.250965,Lead,155.613356945092,156.39335015704089,152.0848707473244,152.3925317539923,12654101.70918011,0.020697613973048246,66.64443375478551,Normal,Above MA200,Bearish
2026-02-16 15:37:16.250965,Lead,155.65121949186806,155.76140876497595,153.19572303248006,153.75554684039147,12701484.240983557,0.012178977188004836,36.66932991221373,Normal,Above MA200,Bearish
2026-02-17 15:37:16.250965,Lead,156.01607184485965,156.97574516121085,151.65973491200947,152.07909769062152,91016810.12278818,0.025234414042631492,49.478970064067255,Normal,Above MA200,Neutral
2026-02-18 15:37:16.250965,Lead,152.46070190347572,157.3722610798998,151.59950608278976,157.31234944917637,92460815.79507689,0.03182228262842624,55.41932062185953,Normal,Above MA200,Bullish
2026-02-19 15:37:16.250965,Lead,160.1037408811433,161.3874714341248,157.80159808845298,158.55457773007277,24313945.176727317,0.009675995967018632,36.77866340778118,Normal,Above MA200,Neutral
2026-02-20 15:37:16.250965,Lead,163.26664868083822,163.78799482273394,161.37621610516288,162.02025625603224,27233096.51877142,0.007634090825508874,56.453928252476786,Normal,Above MA200,Neutral
2026-02-21 15:37:16.250965,Lead,163.60765179665833,164.10693757802147,157.72443496044855,158.94269859569962,92471536.07266808,0.028513050274424776,36.44439620743333,Normal,Above MA200,Bullish
2026-02-22 15:37:16.250965,Lead,161.18683085535167,164.49176069045532,158.04916208823806,159.51476027110053,3862270.503389171,0.010373493761110308,69.26206951668883,Normal,Above MA200,Neutral
2026-02-23 15:37:16.250965,Lead,157.29746582297798,158.1386739526808,150.82489522060675,153.09253026986488,82809970.94236681,0.026732379514907943,51.8722451805794,Normal,Above MA200,Bullish
2026-02-24 15:37:16.250965,Lead,159.15401312906903,159.60358774197564,153.23176476092405,153.58309466022956,84433778.17887981,0.035003317599799605,36.113127109035695,Normal,Above MA200,Bearish
2026-02-25 15:37:16.250965,Lead,156.94342990391422,157.777235176123,151.4267971626849,152.90062568247276,84067788.96635062,0.025759627044703755,58.77949881430448,Normal,Above MA200,Bullish
2026-02-26 15:37:16.250965,Lead,157.56741258712918,158.75576704337155,156.2046071682551,157.28018519472204,38437242.82708568,0.0018228857584897894,55.054621679050314,Normal,Above MA200,Neutral
2026-02-27 15:37:16.250965,Lead,148.70537559404647,152.7531360566942,141.95677049313701,144.89414754697543,60421734.527097896,0.02562938987138825,40.73324260477301,Normal,Above MA200,Bullish
2026-02-28 15:37:16.250965,Lead,146.23339917103996,150.80868334469332,144.71042738737603,149.09117453410795,19734295.783977736,0.019542562638001873,41.57878754690145,Normal,Above MA200,Neutral
2026-03-01 15:37:16.250965,Lead,145.72440359696805,149.41526410621773,144.2333952616199,146.21776453645293,71479313.33449323,0.0033855752866856948,42.839029346576226,Normal,Above MA200,Bearish
2026-03-02 15:37:16.250965,Lead,150.24013948383177,151.0518652145532,147.90028941269946,149.2931172663091,13778292.865376122,0.006303390164414515,39.330305658159915,Normal,Above MA200,Neutral
2026-03-03 15:37:16.250965,Lead,145.9366477591886,146.16399338935003,143.10879139166948,144.11899225633448,22781247.26648716,0.012455099735149794,42.16339314046992,Normal,Above MA200,Neutral
2026-03-04 15:37:16.250965,Lead,139.00386637162939,141.77742275746758,138.35126045787,140.99356911400406,5825740.680021772,0.014314010065411933,61.69647988736274,Normal,Above MA200,Neutral
2026-03-05 15:37:16.250965,Lead,141.07890557460257,141.8684897969883,138.8754243792095,141.50205771715193,19264299.839275375,0.0029994005186380775,44.84939737896478,Normal,Above MA200,Neutral
2026-03-06 15:37:16.250965,Lead,140.78002327338234,143.38991824432503,138.6796106776122,139.2606161743924,89617818.66778633,0.010792774881414712,45.383351714408725,Normal,Above MA200,Bearish
2026-03-07 15:37:16.250965,Lead,132.7451962737872,133.58421026528703,126.60649069792458,127.32241050218202,57800680.01191406,0.040851088580415904,37.60615451650442,Normal,Above MA200,Neutral
2026-03-08 15:37:16.250965,Lead,124.94303110163264,125.33193090385569,120.01229807155077,120.64987353219722,54646214.42349543,0.03436092058582462,36.80858539528019,Normal,Above MA200,Neutral
2026-03-09 15:37:16.250965,Lead,121.9247588658466,122.00327082945896,119.50167832560302,119.54646099997515,85646089.89136942,0.019506274919011947,61.881029733696295,Normal,Above MA200,Bearish
2026-03-10 15:37:16.250965,Lead,121.53400012192091,122.10829343139743,121.44324265402469,121.60226737572884,72126384.29929672,0.0005617132139107663,34.87401001033692,Normal,Above MA200,Bullish
2026-03-11 15:37:16.250965,Lead,128.01629559669988,129.73061410996525,126.07979703032883,126.35388617557813,53825304.998649806,0.012985920373441893,43.44486143338595,Normal,Above MA200,Bearish
2026-03-12 15:37:16.250965,Lead,122.97178424548001,123.45244394518274,119.37066532958049,120.38162711299964,50803777.884404264,0.021063019849413736,49.78673128909374,Normal,Above MA200,Bearish
2026-03-13 15:37:16.250965,Lead,125.4856760727248,127.309246556323,123.51917130919146,124.21549697806465,71667056.31800112,0.010122104246575704,64.94757453560334,Normal,Above MA200,Bearish
2026-03-14 15:37:16.250965,Lead,116.64803968297288,117.76496013270913,115.36714429876886,115.95404483420464,79518323.29227948,0.005949477167849398,38.82764131356221,Normal,Above MA200,Bearish
2026-03-15 15:37:16.250965,Lead,118.02071520381891,119.90144455022462,117.56391052039265,119.73486532910668,51754295.66442421,0.014524146225749376,59.02924357452285,Normal,Above MA200,Bullish
2026-03-16 15:37:16.250965,Lead,125.0503219605211,128.7759463089884,122.93792074764235,128.17812641237333,46861170.40289699,0.025012366244364287,35.87498051875308,Normal,Above MA200,Neutral
2026-03-17 15:37:16.250965,Lead,125.7115050569816,126.1288847182904,122.68942977168298,123.53828438378076,5200642.98761581,0.01728736500462524,55.99504116926079,Normal,Above MA200,Bullish
2026-03-18 15:37:16.250965,Lead,122.59390146900928,122.9115227251205,120.45684849934732,121.91670743865605,49955743.02479629,0.005523880243948585,69.65516873793183,Normal,Above MA200,Neutral
2026-03-19 15:37:16.250965,Lead,128.34481852177748,130.93307325143874,127.71835692400234,130.1423973800947,42492505.509615056,0.01400585453328771,46.85861793797237,Normal,Above MA200,Neutral
2026-03-20 15:37:16.250965,Lead,129.97267378988064,130.07232540584502,126.43923389355284,128.4747668062802,96583602.90534069,0.011524783940522886,53.96788364084433,Normal,Above MA200,Bullish
2026-03-21 15:37:16.250965,Lead,130.68933418114364,131.51968776507215,124.53088776752188,126.13332763439921,24482240.762259614,0.034861349438275714,64.96183657364656,Normal,Above MA200,Bearish
2026-03-22 15:37:16.250965,Lead,125.94067208585466,126.49668612643107,121.0624319359063,123.26362056470751,9243817.249499328,0.021256449380563768,55.371476584841915,Normal,Above MA200,Neutral
2026-03-23 15:37:16.250965,Lead,127.63799394647303,128.8357200949158,127.03683200095976,127.64057369034808,76479542.54292662,2.0211410374659073e-05,58.83532298032496,Normal,Above MA200,Neutral
2026-03-24 15:37:16.250965,Lead,124.44316206071439,128.31023555143716,123.12194254692167,126.48917324581812,96327636.88190356,0.016441330734632848,67.40350720163698,Normal,Above MA200,Bullish
2026-03-25 15:37:16.250965,Lead,125.89632640658444,127.40423950462912,124.34688711993482,124.78595828077098,54989153.41615294,0.008819702349594432,38.79908322616078,Normal,Above MA200,Neutral
2026-03-26 15:37:16.250965,Lead,126.12280622691276,128.91704021702105,125.8502942509206,127.13835582704017,13726608.188184485,0.008052069490907933,45.46170652696325,Normal,Above MA200,Bullish
2026-03-27 15:37:16.250965,Lead,131.18120902162008,134.23092608238233,130.7811308651892,134.192213112001,8484557.300573226,0.022953013719249165,41.45586313710314,Normal,Above MA200,Bullish
2026-03-28 15:37:16.250965,Lead,128.49361056275785,130.5652587556949,128.11802886261916,129.1962459539294,97131883.99326487,0.005468251597058128,50.395106190416264,Normal,Above MA200,Bearish
2026-03-29 15:37:16.250965,Lead,127.7967704374947,130.1173113800132,124.38373355955025,129.4044771506889,84749977.17687826,0.012580182642256401,55.7810054268144,Normal,Above MA200,Bearish
2026-03-30 15:37:16.250965,Lead,131.52163740299414,132.2556383045228,131.0722867496081,131.23771703832634,29289483.748868357,0.0021587350208987686,38.59117597259136,Normal,Above MA200,Bullish
2026-03-31 15:37:16.250965,Lead,130.42030460246417,130.6477091448269,126.2720115189983,127.19496035520442,82337247.78709556,0.024730384253364254,63.76225331148542,Normal,Above MA200,Bearish
2026-04-01 15:37:16.250965,Lead,130.31986529460295,134.26778644306194,128.24862752478415,132.05735700105768,2477967.756365749,0.013332516132724207,61.53785043171993,Normal,Above MA200,Bearish
2026-04-02 15:37:16.250965,Lead,128.42208856135122,128.54282104872902,126.8647263799099,126.91400237681772,74514440.96350315,0.01174319933142216,43.236475427134984,Normal,Above MA200,Neutral
2026-04-03 15:37:16.250965,Lead,127.65852990934927,130.81234441224214,127.12834938295946,128.45590896884767,29377048.43197781,0.006246187074726766,59.36461204257676,Normal,Above MA200,Bearish
2026-04-04 15:37:16.250965,Lead,130.78916532916622,135.97621484288965,130.613928480998,134.5205888094652,88390947.05924222,0.02853006570466187,47.79866626940354,Normal,Above MA200,Bullish
2026-04-05 15:37:16.250965,Lead,139.35538862968974,140.97327225761697,136.04006398552326,136.12776657755515,82084170.06280091,0.023161085365068834,52.91071611510238,Normal,Above MA200,Bearish
2026-04-06 15:37:16.250965,Lead,131.52363369970206,132.63992342180364,130.58157923751844,131.75172705223895,35681435.06136053,0.0017342385252043869,44.873972108158355,Normal,Above MA200,Neutral
2026-04-07 15:37:16.250965,Lead,125.62115457371723,128.88587706528384,125.31522703052107,127.33447892212236,48393270.05952702,0.013638820262551381,37.106729193566366,Normal,Above MA200,Neutral
2026-04-08 15:37:16.250965,Lead,124.96103770187518,126.34319480257636,120.88506402962943,120.97926548538588,26991033.85409648,0.03186410972345467,36.89343781872562,Normal,Above MA200,Bearish
2026-04-09 15:37:16.250965,Lead,125.19267160998062,125.40528215849449,116.54401216025134,119.44793621756386,29138359.213116705,0.04588715392474123,66.16431621830543,Normal,Above MA200,Bullish
2026-04-10 15:37:16.250965,Lead,124.1771249542458,127.54985729912454,123.90195090636801,126.89148852219887,54328326.008857876,0.02185880506537104,65.05633954317929,Normal,Above MA200,Bullish
2026-04-11 15:37:16.250965,Lead,121.59557051729966,123.37762396093636,120.92939582382567,122.88338722036781,28380461.22740168,0.010590983681308622,48.64263137274942,Normal,Above MA200,Neutral
2026-04-12 15:37:16.250965,Lead,116.64803968297288,118.47876193985199,114.41321602089081,117.74736330874667,46063352.425403945,0.009424278614210304,60.99238883369015,Normal,Above MA200,Neutral
2026-04-13 15:37:16.250965,Lead,116.64803968297288,116.76512045506726,115.7117500232909,116.45305174591199,92764108.67668496,0.0016715920609624675,50.15248363105549,Normal,Above MA200,Bearish
2026-04-14 15:37:16.250965,Lead,116.80886785215662,117.63083639615328,113.20681283840806,114.0534081174946,43643455.513248235,0.023589473858693526,67.1258088358257,Normal,Above MA200,Neutral
2026-04-15 15:37:16.250965,Lead,117.24311013267094,118.18970762124934,114.06086547697342,115.81658132009937,44563282.14739653,0.01216727201246472,45.697793767077,Normal,Above MA200,Bullish
2026-04-16 15:37:16.250965,Lead,120.39522897567555,121.2677104373679,114.87655586681252,116.97243317314611,97828663.57577604,0.028429663132423302,64.64461512901161,Normal,Above MA200,Neutral
2026-04-17 15:37:16.250965,Lead,116.64803968297288,117.4224537769316,115.17216019049471,116.03905001036988,61481834.65601485,0.005220745022874931,64.10000975517914,Normal,Above MA200,Bullish
2026-04-18 15:37:16.250965,Lead,121.51845278341052,124.58868505938574,121.1152132563084,123.82170300789159,28878771.161201883,0.01895391334998548,43.925100983784084,Normal,Above MA200,Bullish
2026-04-19 15:37:16.250965,Lead,118.89674305950173,119.9536457057217,117.3686193660147,117.97822359447088,16073752.88107579,0.007725354298150814,31.794333447415433,Normal,Above MA200,Bearish
2026-04-20 15:37:16.250965,Lead,121.11399659366919,121.57228310660905,119.55227999651493,120.5943531581541,13245491.374670543,0.004290531648942797,55.82775473535672,Normal,Above MA200,Neutral
2026-04-21 15:37:16.250965,Lead,120.53038063939695,120.97925040497702,118.29721263023453,119.54054002439187,65944763.18154902,0.008212374421735965,62.15096203456875,Normal,Above MA200,Bearish
2026-04-22 15:37:16.250965,Lead,118.01071607960115,119.64631849372357,116.0550703901074,118.62199134384667,24988262.682975713,0.005179828447386143,65.63031868035966,Normal,Above MA200,Bearish
2026-04-23 15:37:16.250965,Lead,120.03021345468291,122.18526292898778,118.25427615146918,120.88446602635823,93228728.93812025,0.007116979526141018,64.86057162314623,Normal,Above MA200,Bearish
2026-04-24 15:37:16.250965,Lead,122.83214508096175,123.04223655870355,119.92758819430622,120.08812059878409,96976889.42503738,0.02233962844472846,58.77085540276862,Normal,Above MA200,Bearish
2026-04-25 15:37:16.250965,Lead,135.37420898598572,141.18780745801448,134.18386826970593,140.0048977846713,1957581.3458450017,0.03420658065795219,38.80987761725487,Normal,Above MA200,Bullish
2026-04-26 15:37:16.250965,Lead,138.3569924340466,140.165705085932,138.26082275825942,139.6563220473748,22757419.809219513,0.009391138029743005,57.682699370847786,Normal,Above MA200,Neutral
2026-04-27 15:37:16.250965,Lead,141.26978335758275,145.0530013704879,139.08210346087353,143.79330618452144,92590327.02066381,0.017863146434868832,52.07519768474556,Normal,Above MA200,Neutral
2026-04-28 15:37:16.250965,Lead,146.61171124052066,149.74189372177094,146.19968056869578,148.9575615439725,7911456.39398536,0.01600042918538345,36.41014375743084,Normal,Above MA200,Bullish
2026-04-29 15:37:16.250965,Lead,149.0933003959517,149.34222599538273,145.70548942900956,146.36372879521417,42592679.82056619,0.018307808556712657,65.42396379399341,Normal,Above MA200,Bearish
2026-04-30 15:37:16.250965,Lead,148.91266031977614,149.94509229310734,144.64815902175872,145.23711457548663,74057898.61902389,0.024682560478045363,64.20242918868882,Normal,Above MA200,Bearish
2026-05-01 15:37:16.250965,Lead,150.43246778858366,156.36626023935042,150.2923655824539,156.2964718310597,34461607.09988037,0.03898097351375804,44.05436057327123,Normal,Above MA200,Bearish
2026-05-02 15:37:16.250965,Lead,154.42093038922144,157.05973311312871,153.7043166346055,153.93102860156247,14572894.733084464,0.003172508975461746,49.51920620333037,Normal,Above MA200,Neutral
2026-05-03 15:37:16.250965,Lead,160.9101222964606,162.72397605223966,160.2327344772544,161.4713042967452,84774569.21801734,0.003487549398854138,48.19319089754599,Normal,Above MA200,Bearish
2026-05-04 15:37:16.250965,Lead,153.86138592716844,155.25829338200288,152.63111675033684,153.82769112380504,11289838.496303659,0.0002189945395354007,32.021585472185066,Normal,Above MA200,Bearish
2026-05-05 15:37:16.250965,Lead,145.04167120714362,147.67366868597554,144.67191004176865,144.8178920821057,9561959.773012215,0.001542860911457301,59.41470598930107,Normal,Above MA200,Bearish
2026-05-06 15:37:16.250965,Lead,151.33308531935492,158.76322137237017,150.67173306848193,156.35633985629264,75452389.35138008,0.03319336631733413,36.22999039195777,Normal,Above MA200,Bearish
2026-05-07 15:37:16.250965,Lead,147.6121970509578,155.53552499314148,146.53201309776392,151.93551115215018,57702205.536278635,0.029288325677450114,36.22066191620904,Normal,Above MA200,Neutral
2026-05-08 15:37:16.250965,Lead,139.8764117052269,141.2565830100237,137.55918771691282,138.45322859934527,6792207.993494205,0.010174575459376348,51.8402700613435,Normal,Above MA200,Bullish
2025-08-30 15:37:16.250965,Gold,184.79556023835246,187.36614497328554,179.38577427294564,181.45212005491257,87273754.39726548,0.018092643454894045,66.0853547378802,Normal,Above MA200,Bullish
2025-08-31 15:37:16.250965,Gold,187.89703520834786,188.97669026202533,185.18747959828198,185.4585184051179,92099067.37693973,0.012977941884639289,46.19809943239201,Normal,Above MA200,Neutral
2025-09-01 15:37:16.250965,Gold,191.05359804089008,196.14420198678536,189.53732161360608,194.54075344319205,79944577.15759377,0.018252236220935365,39.88822814842598,Normal,Above MA200,Bearish
2025-09-02 15:37:16.250965,Gold,197.1388105198839,198.46178054894085,193.11264082668944,193.71840769623145,52776235.41357051,0.017350225532112726,52.905364361990856,Normal,Above MA200,Neutral
2025-09-03 15:37:16.250965,Gold,196.97304619835768,198.5075436222452,196.4768853738902,198.3961099703374,54125469.3826409,0.0072246624573528056,41.18111541647276,Normal,Above MA200,Neutral
2025-09-04 15:37:16.250965,Gold,196.3580215978808,202.36959363308094,195.62793337460303,201.35689938016242,44606325.1668785,0.025457975903417716,58.094949604241634,Normal,Above MA200,Bullish
2025-09-05 15:37:16.250965,Gold,193.70021176815854,194.23726554549484,189.51580608356488,189.9421924093204,50710681.482776865,0.019401214508408253,50.88335236649106,Normal,Above MA200,Bearish
2025-09-06 15:37:16.250965,Gold,195.6965546614248,202.94282536247582,194.95457167337943,199.5832812509992,14126023.54409092,0.019860986292266836,66.80733612053345,Normal,Above MA200,Bearish
2025-09-07 15:37:16.250965,Gold,189.9457096164802,194.8074623092463,187.90201891211032,193.72410712534295,76566061.7033358,0.019891986591809414,64.74302528149815,Normal,Above MA200,Bearish
2025-09-08 15:37:16.250965,Gold,192.8283994836076,194.00842033206357,192.45503094508294,193.40981042620515,44766218.70174557,0.003015172786553145,65.59840486461273,Normal,Above MA200,Bearish
2025-09-09 15:37:16.250965,Gold,195.01184738985793,196.7539803902768,191.88466078517644,193.309488327157,43155897.50465845,0.008729516106258193,61.590619511786656,Normal,Above MA200,Bullish
2025-09-10 15:37:16.250965,Gold,197.18502531177677,197.38366013272582,194.8374965402234,196.0258242503481,76173033.28926179,0.005878747940396606,33.58062799179542,Normal,Above MA200,Neutral
2025-09-11 15:37:16.250965,Gold,197.69844751471177,197.76216763390914,194.3902871157779,195.26607939206755,11439493.989399409,0.01230342551103347,50.60339770870537,Normal,Above MA200,Neutral
2025-09-12 15:37:16.250965,Gold,203.3925240004364,207.56540705364876,201.851307427237,205.5611419604109,42033196.013349354,0.010662230436600898,31.314509031805592,Normal,Above MA200,Bearish
2025-09-13 15:37:16.250965,Gold,206.6314463368683,207.72179201963593,204.84382735851744,207.4313530469128,3645725.920272306,0.0038711760684307524,67.90789554347248,Normal,Above MA200,Bullish
2025-09-14 15:37:16.250965,Gold,204.3765259125248,206.73629166574176,199.49585574660978,201.91668755635888,67623453.13806975,0.012035816467585798,51.23231712361665,Normal,Above MA200,Bearish
2025-09-15 15:37:16.250965,Gold,202.18808613644316,202.1899784892658,199.44200248311225,200.3095976384794,66899013.018303044,0.009290797167426083,50.39509895816384,Normal,Above MA200,Bearish
2025-09-16 15:37:16.250965,Gold,198.92063600521067,200.41794990853788,193.77431545966056,196.67750131144302,8264460.584633822,0.011276530875906092,62.50920197726343,Normal,Above MA200,Bearish
2025-09-17 15:37:16.250965,Gold,200.96831637326866,203.0128720469838,199.29868381347652,202.50224875365538,29637897.678723324,0.007632707523596314,32.48099501411132,Normal,Above MA200,Bearish
2025-09-18 15:37:16.250965,Gold,197.25341205348317,203.34596756077843,195.5160780735675,201.21860368211952,89188512.11734205,0.020102017944111632,42.193197879262925,Normal,Above MA200,Neutral
2025-09-19 15:37:16.250965,Gold,201.27755116930692,204.79398903294367,193.03462963260813,194.06318539402758,91375292.77704701,0.03584287335258209,56.758123098292145,Normal,Above MA200,Bullish
2025-09-20 15:37:16.250965,Gold,206.19158776338386,207.0485636734406,204.13148630127552,204.55130362037855,32478329.863623954,0.007955145798128347,34.63230041262334,Normal,Above MA200,Bearish
2025-09-21 15:37:16.250965,Gold,202.92658000762398,204.15696563512915,193.85453396193378,195.99788586652835,59865246.940948814,0.03414384720244789,46.79943193823801,Normal,Above MA200,Bearish
2025-09-22 15:37:16.250965,Gold,202.2373806993576,211.77135785599629,199.9990146881406,209.58812822724994,4398831.951309375,0.036347125850189864,38.142138247098835,Normal,Above MA200,Bullish
2025-09-23 15:37:16.250965,Gold,202.29911747827003,204.25233552578473,196.52315120332116,197.3813645097524,79531055.21812215,0.024309314987723003,43.31611218578024,Normal,Above MA200,Neutral
2025-09-24 15:37:16.250965,Gold,205.5825741978376,208.99446820379586,205.32582769241318,205.98575234972319,7639497.2255961895,0.0019611494478981467,50.117357483329954,Normal,Above MA200,Neutral
2025-09-25 15:37:16.250965,Gold,211.56030042276964,214.53905510493598,210.5711830631651,214.3367457591143,65160026.40675465,0.013123659452157984,34.70812249100587,Normal,Above MA200,Neutral
2025-09-26 15:37:16.250965,Gold,205.29972717813453,208.085224120063,203.23895353154032,205.80116155969733,63010145.68020967,0.0024424503064620104,35.24899807109161,Normal,Above MA200,Bearish
2025-09-27 15:37:16.250965,Gold,204.11788043973655,208.87462643667894,202.72131938814772,205.83688578417093,73413377.81016128,0.008421630386966035,69.14385335651933,Normal,Above MA200,Bullish
2025-09-28 15:37:16.250965,Gold,203.12979113485576,204.52593701194684,201.47825655272243,201.69453697566814,77876662.33430818,0.0070656999702951775,67.94834862868449,Normal,Above MA200,Bearish
2025-09-29 15:37:16.250965,Gold,197.92715939639655,198.94176762915157,197.8024303342192,198.76441354802603,61055602.92914862,0.004230112502916608,37.4288474200387,Normal,Above MA200,Bullish
2025-09-30 15:37:16.250965,Gold,196.125272410487,202.80792612925612,195.01273883370925,198.1990411889321,94270208.0619929,0.01057369482758329,68.04508129069511,Normal,Above MA200,Neutral
2025-10-01 15:37:16.250965,Gold,197.71417237777155,198.0612554922192,195.889726842465,196.13496868090627,18623578.7749311,0.007987306513606504,60.97200471120603,Normal,Above MA200,Neutral
2025-10-02 15:37:16.250965,Gold,196.67905071816426,197.50919936637098,194.01378031469739,195.8562395692873,84668219.026529,0.004183522067411375,33.30620247159284,Normal,Above MA200,Bearish
2025-10-03 15:37:16.250965,Gold,190.94172790247202,194.91623969455082,189.71567625244424,194.88349670248135,26728083.018530883,0.020643831200808274,37.60959535235196,Normal,Above MA200,Neutral
2025-10-04 15:37:16.250965,Gold,201.61718708470312,204.51999239506947,194.54337691732653,196.44619579019135,71554979.89631017,0.02564757186270691,66.4673774282811,Normal,Above MA200,Bearish
2025-10-05 15:37:16.250965,Gold,202.60587503622526,204.03066334786698,201.42334465946118,203.24231138609105,27953181.57906214,0.0031412531830679667,48.1707097281049,Normal,Above MA200,Bearish
2025-10-06 15:37:16.250965,Gold,203.0207504076522,211.0855810928888,202.65709216378792,208.07488421251657,61156991.94288571,0.024894666159572438,60.35839261771043,Normal,Above MA200,Bullish
2025-10-07 15:37:16.250965,Gold,198.942625556849,199.5459405102233,193.2235728308573,195.11235760979108,93222393.6855957,0.01925312856577043,56.77924019560112,Normal,Above MA200,Neutral
2025-10-08 15:37:16.250965,Gold,199.9109894778342,200.4871241661741,196.0067868286635,197.66977633010617,86057519.37029952,0.011211055248048477,42.36770397237801,Normal,Above MA200,Bearish
2025-10-09 15:37:16.250965,Gold,199.30103571766278,204.17511519135914,196.08251148133505,202.22087638406668,66861029.50792354,0.014650403877179412,44.87522018354365,Normal,Above MA200,Neutral
2025-10-10 15:37:16.250965,Gold,192.28632642586302,197.8298734512939,191.25868988557613,197.03337274114918,24953338.04125212,0.024687383671643436,69.39813731702202,Normal,Above MA200,Bearish
2025-10-11 15:37:16.250965,Gold,188.3109821282386,189.45746300482224,185.55596730583838,187.76356825611657,86903185.83050483,0.002906967325725344,41.36598579560176,Normal,Above MA200,Bullish
2025-10-12 15:37:16.250965,Gold,191.263646037474,192.1459735043565,190.50668654659134,191.12395483851208,53610108.80039738,0.0007303593853614313,54.13997179886803,Normal,Above MA200,Bullish
2025-10-13 15:37:16.250965,Gold,198.48448247564838,203.45176357547055,195.86995368841477,202.5049586320947,44504785.84825327,0.02025587142279293,61.39473247975553,Normal,Above MA200,Neutral
2025-10-14 15:37:16.250965,Gold,199.84827736484152,200.2843419898479,195.40775656869997,197.10557308906266,65652534.89151164,0.013723932534938987,37.42458762825585,Normal,Above MA200,Bearish
2025-10-15 15:37:16.250965,Gold,203.94555700128916,205.06287938813318,202.20073613232216,205.02434261907752,82893275.20858678,0.005289576461729532,60.75936000705626,Normal,Above MA200,Neutral
2025-10-16 15:37:16.250965,Gold,203.36702130350037,210.34278801102613,201.88281106094695,208.18494168556825,87972685.20931387,0.023690765352154763,54.96079976456255,Normal,Above MA200,Neutral
2025-10-17 15:37:16.250965,Gold,203.0455552557891,203.76401709146734,197.73332250969918,198.7889362773666,41345115.88478304,0.020963861893259376,36.25258393367271,Normal,Above MA200,Neutral
2025-10-18 15:37:16.250965,Gold,207.0978750050038,210.35624310409332,202.66113553687921,202.96968147695125,80993130.5895806,0.019933538806000756,45.47844318070949,Normal,Above MA200,Bullish
2025-10-19 15:37:16.250965,Gold,213.2740755339821,214.79376003427606,207.2881382582039,208.95761945794285,63595597.967008896,0.020239009665061227,40.17931016394127,Normal,Above MA200,Bearish
2025-10-20 15:37:16.250965,Gold,218.10685388543519,220.3070913673191,216.77283431644727,220.0860270647752,51274181.45438942,0.00907432822069696,63.57575884479648,Normal,Above MA200,Bearish
2025-10-21 15:37:16.250965,Gold,214.14596734149836,217.76546864505565,212.22554393062933,217.3991974847198,59108885.08023348,0.015191647938125736,43.187182949204995,Normal,Above MA200,Neutral
2025-10-22 15:37:16.250965,Gold,213.89725602190313,219.52659115943507,213.00575011678984,215.2159271599986,41067805.83304863,0.006164974542546091,62.90585388585198,Normal,Above MA200,Neutral
2025-10-23 15:37:16.250965,Gold,214.92809046631203,217.56069346461658,213.31571653704594,213.97092907203836,61093000.09683875,0.0044534029600178954,48.91106582587399,Normal,Above MA200,Bullish
2025-10-24 15:37:16.250965,Gold,213.96354567368337,214.51289121682362,209.09893193638885,210.66444953933978,23457862.454604585,0.01541896365549595,38.765798729303214,Normal,Above MA200,Neutral
2025-10-25 15:37:16.250965,Gold,215.4041991998052,216.39030560571615,213.3803478010735,216.05302408103657,37320298.94175646,0.0030121273570417016,38.96330366312013,Normal,Above MA200,Bullish
2025-10-26 15:37:16.250965,Gold,218.45214011845823,226.59756997624902,216.70646301731372,225.50200361494836,54396087.18468274,0.0322718902761368,64.18343075237924,Normal,Above MA200,Neutral
2025-10-27 15:37:16.250965,Gold,222.17696494063648,223.2515441411713,221.61959822315737,222.28186815820712,48663194.637792334,0.0004721606382491872,69.61828029615006,Normal,Above MA200,Neutral
2025-10-28 15:37:16.250965,Gold,228.43894133019705,232.53047072447706,227.95541209544115,232.22169738595935,33766864.09856722,0.016559155955352154,50.1224873301194,Normal,Above MA200,Neutral
2025-10-29 15:37:16.250965,Gold,227.21526914119767,232.72634820907902,227.17469916987898,230.43488007014994,38839707.49466621,0.014169870454223436,65.94691022254551,Normal,Above MA200,Neutral
2025-10-30 15:37:16.250965,Gold,222.14872029605326,233.38308125743035,219.0806727424265,233.16869103226517,36255704.79149215,0.04960627601872205,41.629369138344906,Normal,Above MA200,Bullish
2025-10-31 15:37:16.250965,Gold,223.47934268514194,224.62612068342372,214.92704901758714,217.58139621869165,36430964.541843235,0.026391461490737646,62.05388575846849,Normal,Above MA200,Bullish
2025-11-01 15:37:16.250965,Gold,230.4765483620611,236.17506426325838,229.23479194534556,233.70186009136154,39428920.04225623,0.013994099409340916,52.55276500270562,Normal,Above MA200,Bearish
2025-11-02 15:37:16.250965,Gold,228.70487480257202,228.92041506691442,225.08523884048853,225.5129194802615,39124967.21511119,0.013956656258708823,34.510822339566126,Normal,Above MA200,Bearish
2025-11-03 15:37:16.250965,Gold,231.25609118655422,239.37240339492865,230.04687704746084,236.05483498805665,27137572.33182106,0.020750777966022434,64.96681286703969,Normal,Above MA200,Neutral
2025-11-04 15:37:16.250965,Gold,233.84036122648507,236.7165449630395,230.02244022753726,232.5089936782582,98979593.9108657,0.0056934891018979574,35.357099726626195,Normal,Above MA200,Neutral
2025-11-05 15:37:16.250965,Gold,234.5514513296353,234.8383309334224,228.4442389464976,228.99356401873985,34008549.85601942,0.023695812920315296,35.0523970648822,Normal,Above MA200,Neutral
2025-11-06 15:37:16.250965,Gold,234.57717243254638,236.77529583406272,232.95346318112414,233.6520454064213,43760587.01324633,0.003943806707752392,52.271579076753866,Normal,Above MA200,Neutral
2025-11-07 15:37:16.250965,Gold,231.14719778352716,238.69966451380645,230.74393517221273,237.71103916038993,47505442.58464467,0.0283968027291852,40.654498507360735,Normal,Above MA200,Neutral
2025-11-08 15:37:16.250965,Gold,222.6722188489834,225.76356041028325,215.6231377897773,218.50389617774306,92113022.60555448,0.01871954522565434,52.99650336711601,Normal,Above MA200,Bullish
2025-11-09 15:37:16.250965,Gold,218.54237357906635,222.80094051069366,214.7089686772389,221.1907303029327,73300222.42112426,0.012118275648306689,45.9395075655734,Normal,Above MA200,Bearish
2025-11-10 15:37:16.250965,Gold,217.092632409342,217.45321841544887,210.31576643620173,212.79504020061088,62684032.30684939,0.01979612187219572,59.47025381325693,Normal,Above MA200,Bearish
2025-11-11 15:37:16.250965,Gold,221.16888641321864,222.56471489372768,218.62511852098268,219.92621299767333,56286470.867318906,0.005618662894669515,34.52388512385031,Normal,Above MA200,Bullish
2025-11-12 15:37:16.250965,Gold,220.78582874374484,224.47315940294592,216.24227292978904,217.84328157356933,61174553.441997394,0.01332760887289905,50.05371521699118,Normal,Above MA200,Neutral
2025-11-13 15:37:16.250965,Gold,218.85796567958334,220.2066643451159,213.58958662669832,214.9038971063182,94868117.69701028,0.018066825034159704,65.6441257667081,Normal,Above MA200,Bullish
2025-11-14 15:37:16.250965,Gold,215.54849976751265,219.94975371644134,207.6957335830012,208.30803390182024,41949213.39287555,0.03359088963041673,55.34114868701058,Normal,Above MA200,Bearish
2025-11-15 15:37:16.250965,Gold,217.98813166041523,225.0549035444597,216.25090592554145,224.65798883441002,47387576.23720784,0.03059734088819647,63.81547790369848,Normal,Above MA200,Bullish
2025-11-16 15:37:16.250965,Gold,223.03359764340937,228.97068797898612,216.35806922805037,219.6980806442826,62213214.92092169,0.014955222147560206,50.22318607318501,Normal,Above MA200,Neutral
2025-11-17 15:37:16.250965,Gold,226.98361085965516,229.0696351659383,220.56547414591114,222.74963753542968,67380846.26325798,0.018653211604970646,38.71298349314574,Normal,Above MA200,Bullish
2025-11-18 15:37:16.250965,Gold,229.2350862199758,231.0571990486225,224.64503933444988,225.26968266847274,8382778.801748087,0.017298414552900685,63.30663799308343,Normal,Above MA200,Neutral
2025-11-19 15:37:16.250965,Gold,223.75408748124823,228.52484564610612,221.20003620551256,225.51726049647527,62877276.894217715,0.007879958909688251,54.91275691432789,Normal,Above MA200,Bullish
2025-11-20 15:37:16.250965,Gold,222.44783278387288,223.47780585001215,213.09105012550472,213.80451053431761,30255376.64973155,0.038855502170493196,48.52783511861793,Normal,Above MA200,Bullish
2025-11-21 15:37:16.250965,Gold,229.68087685226106,234.22514224231543,228.4407618886452,233.42733342695956,89237999.74363633,0.016311573806418032,49.30840184956567,Normal,Above MA200,Bullish
2025-11-22 15:37:16.250965,Gold,233.84823664647246,238.146724971757,231.15635417332246,235.95295308105503,29275443.038775165,0.009000351958028377,61.63424710747416,Normal,Above MA200,Bullish
2025-11-23 15:37:16.250965,Gold,228.13735266245249,229.96090947112592,224.83431315296716,229.39539071322804,12577601.677814962,0.005514388749118763,45.26079441223962,Normal,Above MA200,Bearish
2025-11-24 15:37:16.250965,Gold,227.9308678728034,230.82914349725178,221.0720415737289,222.8207596387777,23734823.12102453,0.02241955326944737,68.91485299287622,Normal,Above MA200,Bearish
2025-11-25 15:37:16.250965,Gold,229.27955644731412,232.8326619742117,227.7065576222991,232.4796473263313,72551336.00939052,0.01395715749193944,68.43544516899895,Normal,Above MA200,Bullish
2025-11-26 15:37:16.250965,Gold,226.44860396008673,230.97715499663786,223.14669197293918,223.81617851198732,95147766.10105096,0.011624825245393842,34.19690581098575,Normal,Above MA200,Bearish
2025-11-27 15:37:16.250965,Gold,217.87132353212144,226.53000556146907,216.74957835881224,220.56127127994168,71541882.26337273,0.012346497483977792,55.82663644849379,Normal,Above MA200,Bearish
2025-11-28 15:37:16.250965,Gold,218.23839440991017,219.3980140325332,216.71507326262537,216.76256288580103,47640090.00695189,0.006762474257105859,42.275727287563186,Normal,Above MA200,Bearish
2025-11-29 15:37:16.250965,Gold,215.3123543448433,218.45004456755976,209.56602197056233,213.2466549749632,31945445.62711631,0.009593965827765191,66.44295027625917,Normal,Above MA200,Bullish
2025-11-30 15:37:16.250965,Gold,212.40086175045076,213.3669547581748,209.78427532340606,212.7243720895176,15786783.295612702,0.0015231121776094207,56.64384871031686,Normal,Above MA200,Neutral
2025-12-01 15:37:16.250965,Gold,211.08344116690193,215.0194995717255,211.02918801006484,211.53771798791053,58618918.80730938,0.0021521196475540643,46.79735353885743,Normal,Above MA200,Bearish
2025-12-02 15:37:16.250965,Gold,210.58691691186468,215.30699013964647,204.1715908770066,207.15569953750716,89038493.17452636,0.016293592330778765,41.55814262112145,Normal,Above MA200,Neutral
2025-12-03 15:37:16.250965,Gold,210.55317988763213,217.32914800296626,209.5931239224008,214.32690541513767,79001734.99142757,0.017922909212387608,31.371405423728152,Normal,Above MA200,Neutral
2025-12-04 15:37:16.250965,Gold,207.26969813883593,213.50364534444432,203.71777903463249,211.0998963605836,95385221.18056908,0.018479296569352398,39.914511862212144,Normal,Above MA200,Bullish
2025-12-05 15:37:16.250965,Gold,206.45175443569383,207.46686038839132,199.52624616441307,202.35017205591183,68674502.49914627,0.019867026032271168,34.056325849501235,Normal,Above MA200,Bullish
2025-12-06 15:37:16.250965,Gold,199.92400160880948,202.73710191401818,195.90284275190913,196.46778598143254,30195422.056546126,0.01728764730379756,66.22036325185147,Normal,Above MA200,Bullish
2025-12-07 15:37:16.250965,Gold,201.07932147789862,203.35676053268796,194.1816828017782,196.69101129788115,36833453.09317466,0.021823776546310833,42.5708039288369,Normal,Above MA200,Bullish
2025-12-08 15:37:16.250965,Gold,190.47000546571593,192.14623477776192,186.97753095378843,191.02666682273875,68732274.31872028,0.002922567023935099,31.77826457706739,Normal,Above MA200,Bearish
2025-12-09 15:37:16.250965,Gold,189.39472689441044,199.56345330314545,185.4908366687961,199.50244838230557,72120847.77660075,0.053368547549533005,62.96416495420887,Normal,Above MA200,Bullish
2025-12-10 15:37:16.250965,Gold,192.80894120050712,195.96608121275315,186.53947480394643,189.5786047993638,16580168.814774621,0.01675407987321494,60.543408505459695,Normal,Above MA200,Bullish
2025-12-11 15:37:16.250965,Gold,188.87413853289087,189.25581149115814,186.7173912857556,189.16365723873153,54009450.965096004,0.0015328657914182706,64.43204813328852,Normal,Above MA200,Bearish
2025-12-12 15:37:16.250965,Gold,191.53523850797438,192.02157658661153,188.65184786315982,189.33452517272497,49989067.71416761,0.011489861356022934,68.62934804944918,Normal,Above MA200,Bearish
2025-12-13 15:37:16.250965,Gold,195.8280785860831,196.70414085373156,189.47344758240573,191.1016624786842,96438800.79241154,0.024135538384099615,57.5736345870485,Normal,Above MA200,Neutral
2025-12-14 15:37:16.250965,Gold,183.5412536640856,184.22021111897115,180.86228611699102,182.00804860698835,16756744.153140407,0.008353462921765205,61.9125626576527,Normal,Above MA200,Bearish
2025-12-15 15:37:16.250965,Gold,182.97903306411968,184.65753308760935,177.73993344003011,177.74261628561968,63526232.83842957,0.02861757814986953,45.925971357373214,Normal,Above MA200,Bullish
2025-12-16 15:37:16.250965,Gold,172.29729385555476,173.579929945238,165.0370314989531,166.10238478742636,81981542.67937842,0.03595476707441438,33.74391224506617,Normal,Above MA200,Bearish
2025-12-17 15:37:16.250965,Gold,171.85822178690432,174.6039576261755,165.44120222846846,166.87183147171575,39551940.71236129,0.029014557833441635,31.163504743558974,Normal,Above MA200,Neutral
2025-12-18 15:37:16.250965,Gold,171.83158512464985,172.95461368723497,170.05242028717282,171.00692553485354,44994365.62960209,0.004799231696536358,50.132031023665135,Normal,Above MA200,Bearish
2025-12-19 15:37:16.250965,Gold,162.61045275847425,164.0787537662827,160.98899312239413,163.5934232243206,97158196.28532082,0.006044940218611568,44.04551254382625,Normal,Above MA200,Bullish
2025-12-20 15:37:16.250965,Gold,169.76004987375717,171.20713385373855,168.90185804953444,169.1719318362402,4999568.347419716,0.0034644077800067567,43.19983214443177,Normal,Above MA200,Neutral
2025-12-21 15:37:16.250965,Gold,170.82242364678413,175.58222556019695,169.67232242090375,171.18540796886666,81494258.43405646,0.002124921976479509,60.668370487769785,Normal,Above MA200,Bearish
2025-12-22 15:37:16.250965,Gold,167.6688209337427,171.56248989708706,167.5993088571212,170.53597208381828,25622852.51590739,0.01710008535939186,36.724274448245346,Normal,Above MA200,Bullish
2025-12-23 15:37:16.250965,Gold,173.11180915240934,173.52831000033774,168.85602316785642,169.19047974185438,14740173.739865424,0.02265200409928471,37.39152460296561,Normal,Above MA200,Bearish
2025-12-24 15:37:16.250965,Gold,166.44220439214456,175.04943691484243,165.2986714392011,173.80976999762643,40705861.75502147,0.04426500857993682,53.75923012828579,Normal,Above MA200,Bearish
2025-12-25 15:37:16.250965,Gold,161.8765858713582,163.91221968652542,158.48871620102523,161.24366860545734,7420445.563985256,0.003909875307129535,40.677287913830256,Normal,Above MA200,Neutral
2025-12-26 15:37:16.250965,Gold,153.3355151494575,153.489760105794,150.8418718892718,151.85864497953506,48338370.96439247,0.009631624927094759,51.74785433900567,Normal,Above MA200,Neutral
2025-12-27 15:37:16.250965,Gold,160.02529637750717,161.49673840645985,152.34143703462377,155.1311436485309,84908389.67488427,0.03058361921374443,55.28292442268143,Normal,Above MA200,Bearish
2025-12-28 15:37:16.250965,Gold,161.25975985535655,162.13018590467712,152.6286406007194,154.87828713212613,66668466.52377362,0.039572629457927645,69.23266329981215,Normal,Above MA200,Neutral
2025-12-29 15:37:16.250965,Gold,163.70903415671606,164.4034491669161,159.50510261581326,161.08256024151015,79431380.55718261,0.016043549024250068,33.388032587252624,Normal,Above MA200,Bearish
2025-12-30 15:37:16.250965,Gold,164.82706962198742,167.2977589308531,162.38856759484034,163.91765523431428,55613026.87370674,0.0055173849159531685,40.21589496657781,Normal,Above MA200,Bearish
2025-12-31 15:37:16.250965,Gold,166.95826588798923,168.2354604066804,166.8645506996807,167.2165850189397,31865307.95419592,0.0015472077981676896,42.37708124797163,Normal,Above MA200,Neutral
2026-01-01 15:37:16.250965,Gold,167.24827683593995,172.22941429294102,165.20830633135756,171.54439227537705,34846250.88355538,0.02568705352732179,68.30545175993743,Normal,Above MA200,Neutral
2026-01-02 15:37:16.250965,Gold,168.2545839048601,170.67907032473767,163.65525805542072,167.88222495836806,54846591.781745985,0.002213068659708019,37.07811877199415,Normal,Above MA200,Neutral
2026-01-03 15:37:16.250965,Gold,168.65426485073593,169.77765016671154,164.32392304566784,168.69525882018922,34152652.33716207,0.00024306512194975042,51.348059887062064,Normal,Above MA200,Bullish
2026-01-04 15:37:16.250965,Gold,166.39371856113408,169.47781741126423,161.36129925393672,161.68535766072154,32803965.45007197,0.02829650626915139,30.606648584436055,Normal,Above MA200,Bullish
2026-01-05 15:37:16.250965,Gold,166.2205360781544,171.86370355687902,166.01344065239925,170.954178033195,98278389.1490697,0.02847808138950367,42.470562066085186,Normal,Above MA200,Bullish
2026-01-06 15:37:16.250965,Gold,167.23677256340144,170.07885788285253,167.07967310460953,168.57514950013535,18957410.716096766,0.008002886663138127,44.105796862283924,Normal,Above MA200,Neutral
2026-01-07 15:37:16.250965,Gold,167.64739492100708,170.7086054624457,167.162383235579,170.44467112508732,38331234.214613825,0.016685473731329344,33.47915004256845,Normal,Above MA200,Bearish
2026-01-08 15:37:16.250965,Gold,162.15837547564325,167.0715045995881,160.0530017813149,165.8777402793819,24309235.729614776,0.02293661855472467,67.25518877083815,Normal,Above MA200,Bullish
2026-01-09 15:37:16.250965,Gold,157.16257271349025,161.34309076388072,150.3069614933866,152.3489675402018,5978004.165093375,0.030628190224804393,46.172672544587485,Normal,Above MA200,Bearish
2026-01-10 15:37:16.250965,Gold,161.18466627976352,166.13026460873417,157.7621056687902,164.91637255070947,71455050.52158219,0.02315174487174201,67.48612025303063,Normal,Above MA200,Bearish
2026-01-11 15:37:16.250965,Gold,160.0443711837715,164.39852019654134,160.03434241950254,162.6352045811857,78300648.47744426,0.016188219418471535,38.75122729050774,Normal,Above MA200,Bearish
2026-01-12 15:37:16.250965,Gold,162.2162681787398,162.6469218983168,157.9005159758348,158.6208320081129,17889757.163569853,0.022164461129541214,53.570242916106984,Normal,Above MA200,Neutral
2026-01-13 15:37:16.250965,Gold,158.1597107503762,162.19371197074827,157.8719463713703,161.04901738735904,68915656.86201555,0.018268284781723237,54.104651077387636,Normal,Above MA200,Bearish
2026-01-14 15:37:16.250965,Gold,152.6878749237657,156.0118065524851,152.1827716689519,154.52640825284507,71044318.73507088,0.012041121994770813,62.546232801162375,Normal,Above MA200,Bullish
2026-01-15 15:37:16.250965,Gold,149.55442952583522,151.42539250191925,137.5154480919977,139.1311436201836,10853448.596877849,0.06969560138538738,38.2007689948836,Normal,Above MA200,Bearish
2026-01-16 15:37:16.250965,Gold,148.7277364282233,149.3514141030312,145.7773643674738,146.95079644355243,48423668.93859764,0.01194760323356643,42.07030229000923,Normal,Above MA200,Bullish
2026-01-17 15:37:16.250965,Gold,146.25714707448466,147.65228155945275,141.7613237511584,142.79943973662174,47065969.76487306,0.023641288012421064,66.735821058362,Normal,Above MA200,Bullish
2026-01-18 15:37:16.250965,Gold,151.06331862967346,152.23903178740576,148.6272898554836,149.343785807503,12555759.200664947,0.011382861423730831,31.444700818160122,Normal,Above MA200,Neutral
2026-01-19 15:37:16.250965,Gold,151.7301378826997,153.53529329736935,146.60166995700519,147.85400481602196,32895375.028679945,0.025546230437583358,43.00055288090003,Normal,Above MA200,Bearish
2026-01-20 15:37:16.250965,Gold,158.59781387774854,160.83991665637123,158.45507539646272,160.05029576769957,87867399.88144663,0.009158271822527425,41.87184561920658,Normal,Above MA200,Bearish
2026-01-21 15:37:16.250965,Gold,160.09994279865265,163.00838217236364,159.42691717414723,162.61532833313018,95731114.60885307,0.015711345616412603,56.660547140524315,Normal,Above MA200,Neutral
2026-01-22 15:37:16.250965,Gold,151.13879223760767,152.76779389721182,148.34251189797897,149.4321719628913,99798663.6809706,0.011291742175849832,47.243408714360726,Normal,Above MA200,Neutral
2026-01-23 15:37:16.250965,Gold,155.06134083799842,158.39959201423142,153.3240365029614,158.25578864926325,45237284.19206439,0.020601187852504584,47.15863902747055,Normal,Above MA200,Bullish
2026-01-24 15:37:16.250965,Gold,149.4542799345988,153.3535534581593,148.99897357995926,152.31579256253985,47947774.76922619,0.019146408046616378,65.4702162434715,Normal,Above MA200,Neutral
2026-01-25 15:37:16.250965,Gold,150.31057149369303,152.05815019332383,149.16510892974318,150.42214840003865,7875334.779385691,0.0007423091086464123,53.8333958760289,Normal,Above MA200,Bearish
2026-01-26 15:37:16.250965,Gold,147.4330940841383,153.4409143638402,146.8876544643655,153.11291693098153,37131445.90035439,0.03852474834179226,41.98661981219847,Normal,Above MA200,Bullish
2026-01-27 15:37:16.250965,Gold,155.3919549073072,157.1106962989774,150.84007872166544,152.85637071475338,50637389.03248352,0.0163173453481959,65.28462748776622,Normal,Above MA200,Bearish
2026-01-28 15:37:16.250965,Gold,160.73918062344487,163.27866462613423,159.37706356929246,162.8365296486092,19762302.252970252,0.013048150531995385,30.59918989886807,Normal,Above MA200,Bearish
2026-01-29 15:37:16.250965,Gold,157.9837707020438,159.25617462971064,155.40947777503655,155.4409886045603,83217225.8399758,0.01609521083199865,35.8993589894907,Normal,Above MA200,Bullish
2026-01-30 15:37:16.250965,Gold,157.5107148680859,158.15620410181566,151.59236704752357,152.69963895867915,79113419.75346945,0.03054443574480623,65.41556560535429,Normal,Above MA200,Bearish
2026-01-31 15:37:16.250965,Gold,158.41924707921567,161.46563883173755,155.26342142886298,155.78873234522788,99280993.1430732,0.016604767302500992,59.470423789284,Normal,Above MA200,Bearish
2026-02-01 15:37:16.250965,Gold,161.62630221534738,165.5464069009454,159.5003278808317,159.62662801643575,69277745.90918146,0.012372207812112831,58.78903342402835,Normal,Above MA200,Neutral
2026-02-02 15:37:16.250965,Gold,161.7345837377702,162.48834978513565,161.23092869365306,161.37169910419783,65156788.97432879,0.0022437046251081,30.484524643995663,Normal,Above MA200,Bearish
2026-02-03 15:37:16.250965,Gold,157.92772610211716,159.17198145305485,151.35938599025843,154.9418488397855,30866735.173771076,0.018906605800180876,56.676890338634934,Normal,Above MA200,Bullish
2026-02-04 15:37:16.250965,Gold,155.2624346792428,157.0430518697173,153.23125117128987,156.05703961367905,83757781.59799778,0.00511781833176734,63.1829221127878,Normal,Above MA200,Bullish
2026-02-05 15:37:16.250965,Gold,155.24578754716248,155.46469854569094,154.40695077414694,155.3471356574771,99313307.95501871,0.0006528235768318532,60.82188179071443,Normal,Above MA200,Bearish
2026-02-06 15:37:16.250965,Gold,159.8310401211917,161.3219899414913,155.8635351174878,156.9553881337588,97557910.58055131,0.017991824274261478,69.53154357415625,Normal,Above MA200,Bearish
2026-02-07 15:37:16.250965,Gold,161.42019606994995,161.99477321886505,154.77169016970657,158.39861677025937,97091463.72299773,0.01871871905285771,57.824912114329905,Normal,Above MA200,Bullish
2026-02-08 15:37:16.250965,Gold,158.54743270592988,158.90012196313148,155.10595635075194,155.83906609987,97087286.86457022,0.017082374402638805,45.802337380491004,Normal,Above MA200,Bullish
2026-02-09 15:37:16.250965,Gold,160.95574097350456,161.30256311863224,159.2685847040073,160.17031020605987,71879931.5098003,0.004879793430754247,49.31500487890759,Normal,Above MA200,Neutral
2026-02-10 15:37:16.250965,Gold,159.51832901091677,159.9054879964063,155.33565109897646,156.07987150466954,71401573.73721036,0.02155525028106285,46.716888225156836,Normal,Above MA200,Bullish
2026-02-11 15:37:16.250965,Gold,162.82565009861054,168.95694724944616,162.31289562922885,168.33420465877944,77163125.88646439,0.03383099994891979,66.52132392215162,Normal,Above MA200,Bearish
2026-02-12 15:37:16.250965,Gold,172.21194806165082,177.97606671575446,169.90849209268922,176.39123488743599,60673502.56504495,0.024268274488649315,55.89510382237967,Normal,Above MA200,Bearish
2026-02-13 15:37:16.250965,Gold,170.87912758325317,175.10387658348264,170.6218117295062,173.06891329737837,82533853.45777941,0.012814822647419845,42.54643636702674,Normal,Above MA200,Bullish
2026-02-14 15:37:16.250965,Gold,173.85660041966463,175.59712674936034,171.12514279051385,172.65626472915395,21963399.85934882,0.006904170952458914,66.06600707518874,Normal,Above MA200,Neutral
2026-02-15 15:37:16.250965,Gold,171.087920139036,174.26203983847685,170.96080358893985,173.14596709164192,8401026.82545625,0.01202917745994836,31.723368646274572,Normal,Above MA200,Bullish
2026-02-16 15:37:16.250965,Gold,170.67092891427964,171.35248664674734,168.53710717360858,169.86714119150903,16811167.452074543,0.004709576070651846,49.17855778337312,Normal,Above MA200,Neutral
2026-02-17 15:37:16.250965,Gold,170.78073472712387,176.720313433095,169.05397583217845,174.1475059649459,13296126.10241361,0.019713999024547624,67.75218835966959,Normal,Above MA200,Bearish
2026-02-18 15:37:16.250965,Gold,170.0613184039608,174.36281454981068,169.40606054294076,173.59903892343524,68418607.64893736,0.020802617271677242,69.27596217911992,Normal,Above MA200,Neutral
2026-02-19 15:37:16.250965,Gold,179.20990766271828,179.2765617029911,174.5673390384296,177.0220969767257,21166625.874001052,0.012208090024297857,60.52759482877979,Normal,Above MA200,Neutral
2026-02-20 15:37:16.250965,Gold,178.07110192948377,181.81798302967687,175.60207370377893,181.22846290058015,15361270.273172732,0.01773090039251129,64.32737641134165,Normal,Above MA200,Neutral
2026-02-21 15:37:16.250965,Gold,180.2508964262341,182.93349519598468,175.528266911942,175.88019272877588,56229755.271016195,0.024247888826710487,48.657883590355645,Normal,Above MA200,Bearish
2026-02-22 15:37:16.250965,Gold,173.08180431698838,175.62332609464434,172.3707049482041,173.8091289131695,23652732.12389803,0.004202201375536,40.50872070732733,Normal,Above MA200,Bullish
2026-02-23 15:37:16.250965,Gold,174.6864073029462,177.79600569415967,174.08885310698116,174.5042073584238,38599235.886317566,0.0010430115733413787,53.94052317867101,Normal,Above MA200,Bullish
2026-02-24 15:37:16.250965,Gold,178.92844153285128,180.6147859473476,177.20779460298263,180.45844306713735,63115980.88706518,0.008550912986100914,30.48199899584995,Normal,Above MA200,Bullish
2026-02-25 15:37:16.250965,Gold,176.96874012994584,177.0682263141108,173.2209928496857,173.383327820763,2933398.749394984,0.020260144851289165,39.816423683498456,Normal,Above MA200,Bullish
2026-02-26 15:37:16.250965,Gold,167.6448003478494,172.6215344683937,167.39769977855323,171.72588553723497,26646360.76714845,0.024343643112805423,63.46556069627866,Normal,Above MA200,Bullish
2026-02-27 15:37:16.250965,Gold,167.5012326694653,173.0563986600339,166.8029206399708,169.603204765146,67451579.70781034,0.012548994787570178,37.77928922921841,Normal,Above MA200,Bullish
2026-02-28 15:37:16.250965,Gold,167.56506016249858,171.3552617693857,165.3755104349042,170.0227175472463,74157739.51373555,0.014666884506617068,46.3218106886027,Normal,Above MA200,Bullish
2026-03-01 15:37:16.250965,Gold,170.25455606825142,172.0728968995836,169.1557449201653,171.86840582260984,58799888.78973014,0.009479040042320442,32.641821492240275,Normal,Above MA200,Bullish
2026-03-02 15:37:16.250965,Gold,177.72383080027123,188.47122064665203,175.09209526148896,185.31197544462026,73955284.16601229,0.042696269882212506,59.0654811309539,Normal,Above MA200,Bearish
2026-03-03 15:37:16.250965,Gold,176.31216396241342,178.47372252107922,174.3198358465414,178.02977352322836,80432055.89921334,0.009741866483932026,41.27141986418235,Normal,Above MA200,Neutral
2026-03-04 15:37:16.250965,Gold,173.13157736388087,173.9674578117248,165.73178295961304,168.1498257496732,83416744.63555828,0.028774367391901094,63.860781275089465,Normal,Above MA200,Bullish
2026-03-05 15:37:16.250965,Gold,168.79719152098724,171.62561173175263,167.63256686533197,169.04658815447823,18351494.372666508,0.001477492790275384,45.47959147345556,Normal,Above MA200,Neutral
2026-03-06 15:37:16.250965,Gold,169.53293242101694,170.01370604970634,167.156495508543,169.43195836956525,18432688.068651017,0.0005956013973788426,68.88733100954371,Normal,Above MA200,Neutral
2026-03-07 15:37:16.250965,Gold,171.3134402774502,178.0083338803213,168.96835700092805,174.70046388883299,69001824.74064745,0.019770915848151275,45.74056050654483,Normal,Above MA200,Neutral
2026-03-08 15:37:16.250965,Gold,169.2866642580561,171.0507658160635,167.3771062394163,170.7138305538774,23153484.339435454,0.008430470894303427,51.40520801278772,Normal,Above MA200,Bearish
2026-03-09 15:37:16.250965,Gold,172.17899434781285,176.91012331899222,169.68522967602544,176.19161937789468,59084852.70825815,0.023304962636592378,38.658406955891586,Normal,Above MA200,Bullish
2026-03-10 15:37:16.250965,Gold,173.90761152350635,176.77447398740748,173.0771247812016,175.06718762292212,22350652.82192398,0.006667770831060053,64.64426245218169,Normal,Above MA200,Bearish
2026-03-11 15:37:16.250965,Gold,174.0681908062467,175.1936579023922,166.29360023686385,167.2559596938457,16110943.341753593,0.03913541630350831,43.90706693258,Normal,Above MA200,Bullish
2026-03-12 15:37:16.250965,Gold,170.7162721146172,171.34852756246508,167.83702226903415,171.02519089243003,16252018.579322893,0.0018095450069659466,63.59615818226263,Normal,Above MA200,Neutral
2026-03-13 15:37:16.250965,Gold,168.92644093303957,169.75388453392247,165.21841145470648,166.34753051162468,90827775.88017003,0.015266469873932565,55.47103420143869,Normal,Above MA200,Neutral
2026-03-14 15:37:16.250965,Gold,159.90138625344372,161.34828194445112,156.36888198122793,157.51212440839112,17055986.510983787,0.014942095881930687,35.56064211057107,Normal,Above MA200,Neutral
2026-03-15 15:37:16.250965,Gold,160.77719096890553,162.0898891159798,160.39364400410165,161.37545244198432,3142428.3074838836,0.0037210593708811306,53.76050803632336,Normal,Above MA200,Bearish
2026-03-16 15:37:16.250965,Gold,160.87503274396138,164.73508073841762,155.6559661301811,157.9865887720435,87545777.28950115,0.017954582029611546,33.90193176516399,Normal,Above MA200,Bearish
2026-03-17 15:37:16.250965,Gold,161.57511690558871,164.27730890712297,158.9380488860848,160.012600597906,81184555.90613738,0.009670525620573883,54.42149709226929,Normal,Above MA200,Bearish
2026-03-18 15:37:16.250965,Gold,163.44835356270033,164.36555960610372,159.42137947016664,159.50575523030926,57468821.27161953,0.024121370735488406,48.12672369205599,Normal,Above MA200,Bearish
2026-03-19 15:37:16.250965,Gold,164.8814443825598,168.1124775839416,162.14689001299436,166.74211067971572,15283784.41818617,0.011284873832368673,36.636201772027576,Normal,Above MA200,Bullish
2026-03-20 15:37:16.250965,Gold,164.47143838648753,167.7050032500285,161.3567775387812,161.7571197845437,80133191.55860335,0.016503282445706573,59.01662523145805,Normal,Above MA200,Bearish
2026-03-21 15:37:16.250965,Gold,164.65221039719648,168.2158289807131,159.75847267160384,163.29367387650137,24985343.204484146,0.008250946145319705,36.91418957675145,Normal,Above MA200,Bearish
2026-03-22 15:37:16.250965,Gold,159.4360339121713,161.22645174027602,157.2429965967729,158.28125921868008,94162396.07516493,0.007242871420944627,37.23496152885646,Normal,Above MA200,Bearish
2026-03-23 15:37:16.250965,Gold,157.2678687681419,157.80036209851164,156.03136980350652,157.2786516591048,58041006.8675171,6.856385253611476e-05,53.788779836285,Normal,Above MA200,Bullish
2026-03-24 15:37:16.250965,Gold,157.45533786005603,157.79476348376315,154.2621154592675,156.37485620083729,51599326.34491417,0.006862146904025944,69.16934375320784,Normal,Above MA200,Bearish
2026-03-25 15:37:16.250965,Gold,154.72209193808217,154.75515877264965,150.99244925120038,152.14303480006203,63259412.898200974,0.0166689650179515,55.68744224139185,Normal,Above MA200,Bullish
2026-03-26 15:37:16.250965,Gold,157.91702600113442,158.32548791125643,156.03815570949894,156.24051361531133,19544543.35048912,0.010616413114384842,55.351527956291676,Normal,Above MA200,Bullish
2026-03-27 15:37:16.250965,Gold,155.4706106974927,166.23194879575522,155.2406127626436,165.48586339571222,48282005.863812745,0.0644189448622333,66.25788527576174,Normal,Above MA200,Bearish
2026-03-28 15:37:16.250965,Gold,156.27405298893268,157.24136351496315,152.8838358840746,154.36036916453077,61020340.28970479,0.012245691385104378,63.830505844712185,Normal,Above MA200,Bullish
2026-03-29 15:37:16.250965,Gold,156.7070231022296,157.79926754922428,152.49545614711278,153.5539614266341,36739628.136948906,0.020120742600914614,65.30896577097835,Normal,Above MA200,Neutral
2026-03-30 15:37:16.250965,Gold,159.4789878737089,161.4287737500519,155.1886285288331,155.99712297365497,28288778.79398546,0.021832750172776392,43.21032993475423,Normal,Above MA200,Bullish
2026-03-31 15:37:16.250965,Gold,162.82487608239256,164.4498800382004,159.55877889832726,161.13381303059998,32999610.88501383,0.010385778220625735,41.5008079452851,Normal,Above MA200,Bullish
2026-04-01 15:37:16.250965,Gold,165.40278270096542,165.5254024661395,164.62030755681872,165.09141265263142,13347653.23517354,0.0018824958277571188,67.91451086539843,Normal,Above MA200,Bullish
2026-04-02 15:37:16.250965,Gold,157.58025788079976,159.9592784306321,157.35019714253048,158.3057332073638,98947099.61263442,0.004603846549818661,54.425682665271104,Normal,Above MA200,Neutral
2026-04-03 15:37:16.250965,Gold,162.01578780500066,166.15092104075035,160.8650752334003,165.07027088931207,50456342.00532416,0.018852996523942036,68.41656748505542,Normal,Above MA200,Neutral
2026-04-04 15:37:16.250965,Gold,167.68880362231346,171.66440961546795,165.3591344840102,169.86236791478686,96557538.29106338,0.012961892777104658,57.91838844351693,Normal,Above MA200,Neutral
2026-04-05 15:37:16.250965,Gold,165.89800681552705,167.9031926375302,164.36629613605015,164.57130340032384,19653033.37600186,0.007997102802316677,39.92970128724441,Normal,Above MA200,Bullish
2026-04-06 15:37:16.250965,Gold,166.7770053421141,171.9136502303175,166.75296183067726,168.3101792861017,68921520.46195482,0.009192957631314565,30.892914915908705,Normal,Above MA200,Bearish
2026-04-07 15:37:16.250965,Gold,163.46811056116033,164.61549942712196,159.14591020354825,160.1470353200355,35203014.13528826,0.02031634934620628,48.12027254773837,Normal,Above MA200,Bullish
2026-04-08 15:37:16.250965,Gold,156.23107620770983,161.34930808827346,155.52531448234487,159.6500352891663,99809054.10563147,0.021883988540864523,63.537775446888574,Normal,Above MA200,Neutral
2026-04-09 15:37:16.250965,Gold,153.48720085922062,154.60877739409588,151.22062968807316,152.47822927032456,60607045.280512914,0.006573652938146264,52.6010936942722,Normal,Above MA200,Neutral
2026-04-10 15:37:16.250965,Gold,151.48091472399005,152.39500787546405,146.67945163614718,148.95666967654105,7206868.249752023,0.01666378270852375,64.99799965961121,Normal,Above MA200,Neutral
2026-04-11 15:37:16.250965,Gold,150.1628613148261,150.48383101144321,147.12261213717613,150.28298201150048,88871282.49829356,0.0007999361201737913,56.80650310157129,Normal,Above MA200,Bearish
2026-04-12 15:37:16.250965,Gold,146.60108202635487,147.8320424988223,145.62786057610978,147.20681510541812,42261912.16522765,0.004131845895614493,64.50413140007771,Normal,Above MA200,Neutral
2026-04-13 15:37:16.250965,Gold,143.87685615874156,150.9765720448837,142.89467719276016,149.74631008329027,64980074.327032015,0.04079498316305181,66.93157072945147,Normal,Above MA200,Neutral
2026-04-14 15:37:16.250965,Gold,143.83597440632298,144.19419113541602,141.03693745776476,141.5392628205125,58517446.30160889,0.015967574143325804,64.44551126715396,Normal,Above MA200,Bullish
2026-04-15 15:37:16.250965,Gold,140.97505230239784,144.5393193811953,140.96482431756985,144.03525607896847,22498201.433683556,0.021707413663563317,59.73994476465732,Normal,Above MA200,Bearish
2026-04-16 15:37:16.250965,Gold,142.99391273070248,144.23554005331732,142.42952097209968,142.49859491035335,3214256.073610819,0.003463908434213984,55.50613135527591,Normal,Above MA200,Bullish
2026-04-17 15:37:16.250965,Gold,145.52586508724573,147.990920929094,143.00325958232685,146.91117547891628,10338085.568525448,0.009519341395703242,51.14623328707425,Normal,Above MA200,Bullish
2026-04-18 15:37:16.250965,Gold,154.3675495104733,155.2353366798827,153.4360503516806,155.10602581095358,96114872.21415558,0.004783883029964108,65.69821832589734,Normal,Above MA200,Bullish
2026-04-19 15:37:16.250965,Gold,158.5487618938058,161.32950053589596,156.68359182292218,160.88058460687677,73905274.26586846,0.01470729058504291,30.73399505816374,Normal,Above MA200,Bullish
2026-04-20 15:37:16.250965,Gold,159.45174105235873,161.0203119799768,156.11794507385295,156.65135054607364,21847771.809231326,0.017562621065175695,59.66709838593331,Normal,Above MA200,Bullish
2026-04-21 15:37:16.250965,Gold,157.1478385982449,158.08311546898892,151.43879263084156,155.2403371094504,16860270.68515899,0.012138261052836415,61.142218396461544,Normal,Above MA200,Neutral
2026-04-22 15:37:16.250965,Gold,158.2389303280882,158.7795044829661,156.71860609118585,157.17644841256507,12365020.935394231,0.006714415430641637,64.78692529210029,Normal,Above MA200,Bullish
2026-04-23 15:37:16.250965,Gold,159.45203454446403,162.1918712925089,156.83801164382206,161.90625341691944,42191967.239714436,0.01539158079397881,66.5627077788395,Normal,Above MA200,Bearish
2026-04-24 15:37:16.250965,Gold,157.5453904060823,160.85961488643926,157.47678620700069,159.63761889305204,70426621.60684098,0.013280163142678499,50.73433065207735,Normal,Above MA200,Bullish
2026-04-25 15:37:16.250965,Gold,160.45647314620723,164.57288345594745,159.57703778411607,160.87300392601526,54216381.23800891,0.002595911349917788,37.65356812005363,Normal,Above MA200,Bearish
2026-04-26 15:37:16.250965,Gold,155.2633942209455,156.05320370551405,149.58706482102014,150.9847984404644,4197889.378619497,0.027557015624638984,35.3481072843868,Normal,Above MA200,Bullish
2026-04-27 15:37:16.250965,Gold,154.35559832828335,154.37564787624837,151.6807362126802,152.0072354343374,88759970.47020234,0.015213979404565908,49.904802612985875,Normal,Above MA200,Bullish
2026-04-28 15:37:16.250965,Gold,156.42027249289583,158.416167307258,156.07762045258863,157.82017587090618,2803189.062265815,0.008949628815369442,44.662468794859606,Normal,Above MA200,Bearish
2026-04-29 15:37:16.250965,Gold,155.35207329626104,160.45597106287178,153.26934892750754,159.21983251727866,98157385.94170061,0.024896733844302597,64.46112521192154,Normal,Above MA200,Bearish
2026-04-30 15:37:16.250965,Gold,154.58410715663533,156.71825053761904,149.8638836162677,150.21327855822312,9647450.859661492,0.028274760444703353,58.7091146901841,Normal,Above MA200,Neutral
2026-05-01 15:37:16.250965,Gold,154.0723169642149,157.82473563518963,152.39888394832826,155.4388024579392,32928112.70979416,0.0088691175718587,59.17009077612945,Normal,Above MA200,Bullish
2026-05-02 15:37:16.250965,Gold,150.9685694820146,155.0724198143372,149.63926922526952,153.40671829428078,92552099.95715427,0.016150042493160432,37.181754831766675,Normal,Above MA200,Neutral
2026-05-03 15:37:16.250965,Gold,155.32889338211703,156.31955432549464,152.02458274599124,152.78333391997404,12150639.320736693,0.016388190289109802,49.77853306004758,Normal,Above MA200,Bullish
2026-05-04 15:37:16.250965,Gold,151.54750615198935,154.690819234936,150.49158698712793,154.15623231444977,66952149.952208415,0.017213916802062548,44.61278252659373,Normal,Above MA200,Neutral
2026-05-05 15:37:16.250965,Gold,152.72927343918752,154.23525688186746,149.7921240071953,150.9357610837959,97199957.16753909,0.011743081827111148,35.88400042013188,Normal,Above MA200,Bearish
2026-05-06 15:37:16.250965,Gold,154.26572235799796,156.34816486523138,154.04479366067886,155.1358155968564,60642873.0531959,0.005640224059880487,64.02506579254452,Normal,Above MA200,Neutral
2026-05-07 15:37:16.250965,Gold,150.74217225530293,155.25326414922196,150.69891926093902,154.50063017355663,49539224.15493197,0.024933022139870867,54.86383083778791,Normal,Above MA200,Bullish
2026-05-08 15:37:16.250965,Gold,151.01370984335824,154.45562156372455,149.36420113195663,154.2523757396748,4866561.7028274685,0.021446171342164387,48.57904582869353,Normal,Above MA200,Bullish
2025-08-30 15:37:16.250965,Silver,300.656794327299,303.31937262798965,294.853246732427,294.91682205124323,11994656.13730172,0.01909144374700937,41.58311623720075,Normal,Above MA200,Bullish
2025-08-31 15:37:16.250965,Silver,292.2628924451959,297.34575975883314,289.8411527291628,296.6612982391746,64492755.187509656,0.015049484240642827,41.126956795012944,Normal,Above MA200,Bearish
2025-09-01 15:37:16.250965,Silver,294.0859157590556,298.30357043033405,293.0639207414326,295.94629513026234,92720649.25140615,0.00632597234860783,50.84318784416066,Normal,Above MA200,Bearish
2025-09-02 15:37:16.250965,Silver,295.71560012175235,312.87684876910276,290.17900167199616,310.1289380113181,37132875.506405935,0.048740539503602485,46.34432559678815,Normal,Above MA200,Neutral
2025-09-03 15:37:16.250965,Silver,297.0024470690735,309.2748181019339,294.260760502527,306.7506917439669,47395498.45977174,0.032822102211926385,33.25816858937601,Normal,Above MA200,Bullish
2025-09-04 15:37:16.250965,Silver,297.9977253021821,298.3213846785665,294.09449315790573,297.59585111472927,57186199.386006445,0.001348581392845664,66.8990613512392,Normal,Above MA200,Neutral
2025-09-05 15:37:16.250965,Silver,298.5714979714001,301.93790429161743,293.50919853786,297.3924798857972,86444325.86046678,0.003948863483666714,37.22028479377589,Normal,Above MA200,Neutral
2025-09-06 15:37:16.250965,Silver,286.04854144544566,291.90223265652673,284.54304072927897,291.84955710573394,59832562.2969787,0.020279829538632957,44.30777450212025,Normal,Above MA200,Neutral
2025-09-07 15:37:16.250965,Silver,281.75142234677884,282.1806288263264,279.94334782014215,280.21868794295193,22328954.724067125,0.005440023660077233,64.40822548826907,Normal,Above MA200,Neutral
2025-09-08 15:37:16.250965,Silver,286.8519784381192,288.6323384707251,281.7666369140427,281.971297651679,21867975.761483986,0.017014631772857496,37.161649538030495,Normal,Above MA200,Neutral
2025-09-09 15:37:16.250965,Silver,293.35059538062427,298.0534287297481,288.8843641454053,297.78415191919447,44604779.216804944,0.01511350789255302,45.61600527142983,Normal,Above MA200,Bullish
2025-09-10 15:37:16.250965,Silver,290.8305023904322,298.28330902981145,289.55868249582556,293.41019145390226,92818666.74409924,0.008870077389636823,60.001363917876155,Normal,Above MA200,Bullish
2025-09-11 15:37:16.250965,Silver,285.13001753898095,285.44857543084606,282.6521338016442,284.2180372817666,36872810.25223732,0.0031984715782850176,66.53424790139562,Normal,Above MA200,Neutral
2025-09-12 15:37:16.250965,Silver,289.40283031741313,291.4786675427054,284.7770979443404,286.66986065884396,49472759.30960727,0.009443479372927053,33.57143595671743,Normal,Above MA200,Bullish
2025-09-13 15:37:16.250965,Silver,291.02881553958446,295.57606364636945,279.2144070958637,282.5128152057703,28225669.855955373,0.029261708391400815,56.92471852609203,Normal,Above MA200,Bullish
2025-09-14 15:37:16.250965,Silver,290.30133245313226,290.5530079493193,284.4988478037797,286.62848428848764,62413547.54213794,0.012651847422152541,56.58637654156394,Normal,Above MA200,Bullish
2025-09-15 15:37:16.250965,Silver,295.4376190715825,300.41868682859956,294.93605049004765,297.34518669832875,17941119.776076093,0.0064567526394939305,66.54250223357212,Normal,Above MA200,Bearish
2025-09-16 15:37:16.250965,Silver,288.41291586178505,294.32519708241966,287.4268885978957,293.2918177993242,55171125.12472613,0.016916378113514215,56.37754244464415,Normal,Above MA200,Neutral
2025-09-17 15:37:16.250965,Silver,295.331747011442,305.4151103181689,291.2366697546169,304.0908049369166,15101820.749411114,0.029658368983728655,31.583349181035917,Normal,Above MA200,Neutral
2025-09-18 15:37:16.250965,Silver,286.38027137570634,295.6961014019547,286.1361322622512,294.6017764303038,98767829.05729498,0.028708349968045,55.69439294867112,Normal,Above MA200,Bearish
2025-09-19 15:37:16.250965,Silver,281.4622405030908,286.7411195535411,273.77088313561836,274.92337308025407,84569860.20445478,0.023231774930623134,67.08317620174545,Normal,Above MA200,Neutral
2025-09-20 15:37:16.250965,Silver,275.2589371331962,279.6552729428117,265.00717650694503,266.1759751873695,51846437.48507481,0.03299788206851756,59.92478427740929,Normal,Above MA200,Neutral
2025-09-21 15:37:16.250965,Silver,271.78774103524086,277.2330911031151,262.4950548717995,265.1847361072706,38847404.48113527,0.024294712126526962,46.569770060840135,Normal,Above MA200,Neutral
2025-09-22 15:37:16.250965,Silver,273.61184697021156,281.57158481061003,272.5374462646453,280.5346064508438,60955519.44117772,0.025301387923403525,47.55719774331857,Normal,Above MA200,Neutral
2025-09-23 15:37:16.250965,Silver,277.65496804168424,286.81047934793196,277.62666353926323,285.02626975958214,79596535.6131364,0.026548423642076813,55.201788825654134,Normal,Above MA200,Neutral
2025-09-24 15:37:16.250965,Silver,277.1689993713736,277.1807017784608,267.5094175908096,275.9816116976095,96168157.59295075,0.004283984415490837,48.33804243796652,Normal,Above MA200,Neutral
2025-09-25 15:37:16.250965,Silver,269.5549689474431,269.6835283139702,263.7210978930996,268.8640081607263,69304645.15074216,0.002563339082246851,30.26034587538438,Normal,Above MA200,Bearish
2025-09-26 15:37:16.250965,Silver,257.6328845623541,266.1803374202874,250.33061064921264,253.40422005882928,96212625.12886637,0.016413527763383687,41.378446346232714,Normal,Above MA200,Bullish
2025-09-27 15:37:16.250965,Silver,262.6769066817597,270.3126024362155,261.1834852224073,270.13558497675933,52505302.87672929,0.028394876387196254,51.15178447214995,Normal,Above MA200,Bullish
2025-09-28 15:37:16.250965,Silver,266.98320832686284,268.4876836131518,264.25358767228306,265.47550676446224,48107327.90512783,0.00564717748299269,63.89262964763597,Normal,Above MA200,Neutral
2025-09-29 15:37:16.250965,Silver,273.36516573574494,279.4571075463183,272.34097153444884,274.4214601541888,58927110.18065828,0.003864041768456344,59.00801586383015,Normal,Above MA200,Bearish
2025-09-30 15:37:16.250965,Silver,272.57582427162987,273.4809929948113,265.41488446866725,266.6342688667967,80480471.38077053,0.021797807713541846,44.7497913726664,Normal,Above MA200,Neutral
2025-10-01 15:37:16.250965,Silver,276.55774784335495,278.48971246021284,270.8523362240854,273.1710268085776,59007785.739063166,0.01224598139516091,38.40470744929434,Normal,Above MA200,Bullish
2025-10-02 15:37:16.250965,Silver,272.74632402451795,278.49481099754337,269.3127471227283,272.4221802945154,16569081.277486395,0.0011884439915437737,65.92615558503037,Normal,Above MA200,Bullish
2025-10-03 15:37:16.250965,Silver,275.61045487086193,276.50441717722396,265.90845380822657,270.6373915067581,8971118.913194787,0.018043812475959924,55.73858176505935,Normal,Above MA200,Neutral
2025-10-04 15:37:16.250965,Silver,272.75177603398373,274.88313729026913,269.765983263836,270.9179071140393,20655480.079961505,0.006723581956496479,30.138738369739816,Normal,Above MA200,Bearish
2025-10-05 15:37:16.250965,Silver,267.8991737683268,269.5002882602122,265.80720720230016,267.03874858906784,2955876.5893949093,0.0032117500295207276,46.92349479415617,Normal,Above MA200,Bullish
2025-10-06 15:37:16.250965,Silver,269.2817796857432,273.0573742414264,267.186974703731,269.97083422955006,62781785.83495752,0.0025588606277446974,47.87576640226305,Normal,Above MA200,Bullish
2025-10-07 15:37:16.250965,Silver,270.3531344507769,273.6968445525051,268.3468709678136,269.86111734208794,87914437.6110994,0.0018199053237851898,61.44704419696993,Normal,Above MA200,Neutral
2025-10-08 15:37:16.250965,Silver,275.78595546068783,278.4483434903334,264.252542424228,267.2731694168782,4350592.712467281,0.03086736606869407,62.42372643508038,Normal,Above MA200,Neutral
2025-10-09 15:37:16.250965,Silver,268.13048679344286,268.50326357029195,259.5838518690868,261.7537180544593,89858282.57873024,0.023782333800393192,54.40612335596555,Normal,Above MA200,Bullish
2025-10-10 15:37:16.250965,Silver,273.6557027136817,274.8320739652643,268.3604334620222,271.34592163961213,93093709.61326231,0.00844046387911831,47.69556468429827,Normal,Above MA200,Bearish
2025-10-11 15:37:16.250965,Silver,274.429805432253,274.46899691965535,267.3903899604796,268.3055585595867,77543435.56986842,0.022316259937655222,48.50094525642361,Normal,Above MA200,Bullish
2025-10-12 15:37:16.250965,Silver,280.7943933737299,289.937059408675,278.73918551305604,287.9065023808139,9070948.361930039,0.025328529254563855,39.30274164293325,Normal,Above MA200,Neutral
2025-10-13 15:37:16.250965,Silver,287.0974551719521,287.14542164836064,267.6720138679983,272.6539355008249,35635287.31600888,0.0503087694123813,42.307689746122925,Normal,Above MA200,Bearish
2025-10-14 15:37:16.250965,Silver,272.59458434593114,275.2842041630882,265.33758116218826,265.96535353619845,2015841.8120450433,0.024319011419977412,58.87798413898099,Normal,Above MA200,Bullish
2025-10-15 15:37:16.250965,Silver,278.84399699862666,279.4638182608688,269.861183565685,273.23742287564926,70690351.23887727,0.020106490307571473,33.129595697371045,Normal,Above MA200,Bullish
2025-10-16 15:37:16.250965,Silver,285.35823017972666,286.0554089572163,271.16270022489635,275.31538150768205,63377241.83623397,0.035193828703378637,58.661962720931676,Normal,Above MA200,Bullish
2025-10-17 15:37:16.250965,Silver,277.8592076205017,290.07818603859425,275.30119047973625,283.3889389153824,5557344.3745748885,0.019901198676248913,41.44275769194025,Normal,Above MA200,Bearish
2025-10-18 15:37:16.250965,Silver,268.55106291204976,270.79361528066426,259.03211350829287,263.2083572901067,13484888.152343834,0.01989456144395467,49.55573532484959,Normal,Above MA200,Bearish
2025-10-19 15:37:16.250965,Silver,273.16809187226113,277.0271133375735,270.2870412949794,270.62468310351903,31456123.201908875,0.009310782790588347,49.57090079904336,Normal,Above MA200,Bullish
2025-10-20 15:37:16.250965,Silver,273.8451670784471,273.8940752223064,263.4980270170607,267.2855290801257,70825596.9916846,0.023953820577897352,49.40112779758553,Normal,Above MA200,Bullish
2025-10-21 15:37:16.250965,Silver,270.01662024319484,271.41033164886846,268.2051175761791,268.93292002989034,35298488.39117798,0.0040134574395028644,63.81247125320419,Normal,Above MA200,Bearish
2025-10-22 15:37:16.250965,Silver,278.5911618901726,280.59462536868426,276.0793297915854,279.7293428087266,41327031.46484854,0.004085488250351112,47.326328773887894,Normal,Above MA200,Bearish
2025-10-23 15:37:16.250965,Silver,280.39417596450943,284.30127681757347,274.45640616405177,278.7103472827996,23765781.046391558,0.006005219887031316,38.620615934113715,Normal,Above MA200,Neutral
2025-10-24 15:37:16.250965,Silver,267.96296562256794,272.11809647261543,256.1974053435292,259.8264782760993,29795137.420350153,0.03036422338275304,32.61097538806632,Normal,Above MA200,Bullish
2025-10-25 15:37:16.250965,Silver,261.8985822361465,263.06845642237664,258.2581687279645,262.00911520223997,95448024.78124179,0.00042204491963903696,49.02735815131841,Normal,Above MA200,Neutral
2025-10-26 15:37:16.250965,Silver,268.1104768594865,273.4089191734971,255.79879637845303,256.31426434448855,14642177.432355084,0.04399758134472375,59.69505531490552,Normal,Above MA200,Bearish
2025-10-27 15:37:16.250965,Silver,268.3238293165519,272.718384645082,266.6077295695941,272.6141589444972,25901607.65108261,0.015989372389598088,41.56803549964019,Normal,Above MA200,Bullish
2025-10-28 15:37:16.250965,Silver,264.03452008968316,276.5982905154349,263.4939146169392,273.0179085568383,2367732.170724295,0.03402353777113596,65.92078964853914,Normal,Above MA200,Bullish
2025-10-29 15:37:16.250965,Silver,266.7311417557619,271.21405352839537,265.7792192547629,267.0194093768815,71861957.81494218,0.0010807422756191035,60.4304475033545,Normal,Above MA200,Bullish
2025-10-30 15:37:16.250965,Silver,263.1094938440032,265.97197517655195,262.3538610642381,263.79447798438787,91284889.40645935,0.002603418563036591,61.72958799362274,Normal,Above MA200,Bullish
2025-10-31 15:37:16.250965,Silver,255.6773139385657,257.7811344493217,252.19611784517895,252.74118653318175,78741488.53987977,0.011483722822938606,33.401298140077486,Normal,Above MA200,Neutral
2025-11-01 15:37:16.250965,Silver,261.73648532332265,267.485984948816,257.6880557290089,264.0433423004519,36453505.43392274,0.008813662238490061,46.95086987118087,Normal,Above MA200,Bullish
2025-11-02 15:37:16.250965,Silver,268.69448044842943,279.5150593730172,267.2879926616911,276.99094536051695,11604139.016197244,0.03087694580938688,60.50671265550568,Normal,Above MA200,Neutral
2025-11-03 15:37:16.250965,Silver,271.561843060183,278.85577199726254,269.0614646375221,278.61239273653905,81893830.12401928,0.025962961500425426,39.50851281011019,Normal,Above MA200,Bullish
2025-11-04 15:37:16.250965,Silver,262.41625543810665,262.88790277117675,256.87314023729346,257.05735818170064,61914117.789765485,0.020421361654823153,67.33645718207005,Normal,Above MA200,Bearish
2025-11-05 15:37:16.250965,Silver,273.44252429411114,279.0803266315098,270.62379171261654,277.2796420704561,26042332.2820235,0.014032630024354939,50.60053547645124,Normal,Above MA200,Bullish
2025-11-06 15:37:16.250965,Silver,284.26534637959935,288.4025711853372,272.5318002371733,272.6550008400805,82529309.22214347,0.04084333770326942,63.607051912920156,Normal,Above MA200,Bearish
2025-11-07 15:37:16.250965,Silver,291.85216516246396,302.62466435442167,291.6209611793624,297.73345216984717,86906364.80849779,0.02015159628543188,45.65560105879998,Normal,Above MA200,Neutral
2025-11-08 15:37:16.250965,Silver,293.66240121077124,293.67805510039904,284.9204736330116,287.32240250363856,21178049.338303443,0.021589412471575673,63.87693672439181,Normal,Above MA200,Bearish
2025-11-09 15:37:16.250965,Silver,294.2051662441487,300.2567815478588,289.9094592353317,300.08937300930796,73423319.57131805,0.020000351592317785,45.25550652294264,Normal,Above MA200,Neutral
2025-11-10 15:37:16.250965,Silver,296.81120389451576,302.93273774650646,294.1770852585249,301.0799778446608,64995783.35744034,0.014382118646916329,60.474845358149565,Normal,Above MA200,Bullish
2025-11-11 15:37:16.250965,Silver,290.00776991792964,291.0093316480044,276.8621341918301,276.8898354852026,24291674.346823975,0.045233044743729856,58.89112396145398,Normal,Above MA200,Bullish
2025-11-12 15:37:16.250965,Silver,286.75988098138026,289.47641766734444,281.87063681399957,283.3642043204205,29071056.428055663,0.011841533234491095,58.678468059434,Normal,Above MA200,Bullish
2025-11-13 15:37:16.250965,Silver,283.26604707433626,287.1993288228951,280.1430934195579,282.1209915742705,83458909.53473437,0.004042332329950217,30.584961720400695,Normal,Above MA200,Bullish
2025-11-14 15:37:16.250965,Silver,286.88451882556956,290.3648603374599,284.2181827405814,285.06048154529657,40057736.85908994,0.006358088919332815,48.39635687820643,Normal,Above MA200,Neutral
2025-11-15 15:37:16.250965,Silver,288.35692862510285,297.35610492262714,286.3365678286619,293.62671770313733,6999171.949786853,0.018275229602288594,66.71847922805426,Normal,Above MA200,Neutral
2025-11-16 15:37:16.250965,Silver,282.64593983071103,290.2862560013197,281.2574048291369,288.03508936238165,44375619.56558711,0.019066785586583767,35.25621487221855,Normal,Above MA200,Neutral
2025-11-17 15:37:16.250965,Silver,273.15471709239563,276.5139425953835,266.4974824385803,274.8183408726852,46687803.18766767,0.00609040838832321,68.38560847062351,Normal,Above MA200,Bullish
2025-11-18 15:37:16.250965,Silver,275.27407381735975,282.80171340618,268.84161665858244,279.6027982180344,10322217.076430153,0.01572514381992515,65.3569016784505,Normal,Above MA200,Bearish
2025-11-19 15:37:16.250965,Silver,268.93776037369776,269.39881452640765,264.0090818488278,264.9080393633299,29555753.271586407,0.014983842375902891,39.37199856894885,Normal,Above MA200,Bearish
2025-11-20 15:37:16.250965,Silver,261.45710423451396,263.8672432077012,255.5164284577529,263.00318633668417,18338922.754728824,0.005913329862260992,68.73643154764605,Normal,Above MA200,Neutral
2025-11-21 15:37:16.250965,Silver,273.9512209042948,274.5249597726606,263.24320822497543,265.2725031943249,20522997.886252295,0.031679792049555504,54.2585474070226,Normal,Above MA200,Bullish
2025-11-22 15:37:16.250965,Silver,287.7159643308213,290.4458734062001,287.5953024964738,289.4082071266158,85791762.53793713,0.005881643723629922,37.7369804417077,Normal,Above MA200,Bullish
2025-11-23 15:37:16.250965,Silver,285.0398631701573,285.2199618132728,276.02801186701015,276.6973843008596,16032501.118882287,0.02926776197726963,31.87040055244665,Normal,Above MA200,Neutral
2025-11-24 15:37:16.250965,Silver,274.1730500837197,276.9864482617182,267.994479764359,269.9803258162771,55799367.24949722,0.015292255260545696,33.11897694087246,Normal,Above MA200,Bullish
2025-11-25 15:37:16.250965,Silver,281.3892552808863,284.00654092450895,274.35519333649216,274.3919122146471,58040500.73855983,0.02486712955423378,47.866708978456614,Normal,Above MA200,Neutral
2025-11-26 15:37:16.250965,Silver,283.3922795096198,294.8114343748096,281.36506806637374,286.94033705282277,3074264.8591579646,0.012519951317454706,32.031345569470055,Normal,Above MA200,Bearish
2025-11-27 15:37:16.250965,Silver,287.9812573203134,290.38109346131995,281.91178410580136,289.46281422050384,32465263.695373233,0.005144629598385962,44.41097200495469,Normal,Above MA200,Bearish
2025-11-28 15:37:16.250965,Silver,284.19839340960147,284.3928941542773,282.6164323597194,283.42779264190295,99615401.84909831,0.0027114888245969074,42.086850532211514,Normal,Above MA200,Bearish
2025-11-29 15:37:16.250965,Silver,278.01057395612474,283.7008750890662,271.84223281323983,280.8663629005377,23034738.017574877,0.010272231389528439,59.53568661144571,Normal,Above MA200,Neutral
2025-11-30 15:37:16.250965,Silver,276.58367039435933,278.05480439680525,270.70509426737743,273.00302149157557,42575586.990630776,0.012945988089891261,45.37270541833487,Normal,Above MA200,Neutral
2025-12-01 15:37:16.250965,Silver,277.62235725050755,286.7389600855253,273.2893157083352,283.0730085792807,70448842.31106156,0.019633329904532384,33.61494151889936,Normal,Above MA200,Neutral
2025-12-02 15:37:16.250965,Silver,273.263228363178,274.5237587590949,269.8579176592448,274.35038686245946,81497432.56005815,0.003978429537678683,43.49315107334368,Normal,Above MA200,Bearish
2025-12-03 15:37:16.250965,Silver,280.9907177234887,286.32613304476416,278.0143259152384,282.7656708836699,5485038.982055692,0.006316767950775796,53.44195233649708,Normal,Above MA200,Bullish
2025-12-04 15:37:16.250965,Silver,270.63649812563693,274.556318391704,267.34710144070203,273.52401800399645,31916272.013036266,0.010669366099390879,39.14348234819268,Normal,Above MA200,Bearish
2025-12-05 15:37:16.250965,Silver,273.0755058289703,276.15624573675484,269.55798707648904,275.26808211314244,7087262.595853701,0.008029194260818813,48.81785255494525,Normal,Above MA200,Bullish
2025-12-06 15:37:16.250965,Silver,273.827978618345,284.107087060296,273.48629995586566,280.36854309739925,79833887.74590483,0.023885669068792855,66.18364063412673,Normal,Above MA200,Bearish
2025-12-07 15:37:16.250965,Silver,281.0916384145264,284.67770141938416,277.6446705154131,282.56940246816106,26148741.565720987,0.00525723234589919,57.9431171490066,Normal,Above MA200,Neutral
2025-12-08 15:37:16.250965,Silver,275.37477157005,280.4216163893122,273.1671497541011,279.2921602313467,11844123.892759757,0.014225662862874962,39.90177148072184,Normal,Above MA200,Bullish
2025-12-09 15:37:16.250965,Silver,279.58121573599817,282.0074327409348,267.30534536892185,269.6099657347647,94155496.82029036,0.03566494971768437,38.61140900308766,Normal,Above MA200,Bullish
2025-12-10 15:37:16.250965,Silver,282.4245658634203,285.03532274904813,273.4308082747697,279.2397849821792,98307618.05310929,0.011276571751131817,63.397632128548494,Normal,Above MA200,Neutral
2025-12-11 15:37:16.250965,Silver,283.879536243178,284.8296667676085,277.06527286667847,279.3932459216783,78797004.0651362,0.015803500248276682,38.94702392425815,Normal,Above MA200,Neutral
2025-12-12 15:37:16.250965,Silver,278.5959712903805,284.5819476927592,275.20385273955185,282.0882170549863,7781210.401505218,0.012535162473565889,38.40421798020086,Normal,Above MA200,Bullish
2025-12-13 15:37:16.250965,Silver,273.98853610951375,282.4530997978714,270.2810634073945,276.81588659783415,84505485.80380702,0.010319229149026542,46.709527057750506,Normal,Above MA200,Neutral
2025-12-14 15:37:16.250965,Silver,272.2226411423573,284.8147843713447,269.90154864978126,280.55587246478433,70347114.23083252,0.03061182305578034,66.6493533325286,Normal,Above MA200,Neutral
2025-12-15 15:37:16.250965,Silver,269.2270049728202,276.64755704635365,263.1495600288751,275.76199572440356,72350829.71406282,0.024273162167528683,67.53546084533566,Normal,Above MA200,Neutral
2025-12-16 15:37:16.250965,Silver,276.7367459059814,278.6383156286225,273.1972307263152,276.30810305161134,35720955.031724416,0.001548919182983069,47.263816423906775,Normal,Above MA200,Bullish
2025-12-17 15:37:16.250965,Silver,277.5446132108428,290.40218668170223,277.52724851840514,286.49489715324574,74776629.24241944,0.03224809099646858,30.819138444975973,Normal,Above MA200,Bullish
2025-12-18 15:37:16.250965,Silver,282.28104898288274,283.31436584041063,270.60764032027964,272.3997511836694,72967153.44992697,0.03500517599327926,30.475079629661316,Normal,Above MA200,Bullish
2025-12-19 15:37:16.250965,Silver,273.6327049963135,277.9662741559482,272.4616308671001,273.3603490798582,4796556.041615322,0.000995333932977665,31.08334619312831,Normal,Above MA200,Neutral
2025-12-20 15:37:16.250965,Silver,262.65532961714007,268.5450010700468,260.1649867646053,265.094221780758,43613362.64463658,0.00928552322609611,38.30728331857827,Normal,Above MA200,Neutral
2025-12-21 15:37:16.250965,Silver,261.5956401849349,272.72293211354196,258.8817379376701,269.34783212985343,47896914.56124154,0.02963425514063653,50.70734610120297,Normal,Above MA200,Neutral
2025-12-22 15:37:16.250965,Silver,253.97785353015257,259.8832642739916,252.3428231824967,257.8775412098897,28160666.2216816,0.015354439867624898,46.944876708850785,Normal,Above MA200,Neutral
2025-12-23 15:37:16.250965,Silver,254.2155171851839,257.84250546249467,243.45583846363968,244.63226452611937,97950699.74432312,0.03769735524084302,49.88011890041267,Normal,Above MA200,Neutral
2025-12-24 15:37:16.250965,Silver,249.1909652892122,249.7176713316575,238.98966712955166,242.6997622576284,68887577.05369748,0.026049110665188183,34.394619112774805,Normal,Above MA200,Bearish
2025-12-25 15:37:16.250965,Silver,251.01570291323915,252.83788516963156,245.26616839951748,248.98250605229936,58403589.13336595,0.008099879160319066,69.86912856317852,Normal,Above MA200,Bullish
2025-12-26 15:37:16.250965,Silver,246.35031921081452,247.54588495156423,244.95332920934564,245.28211323220302,2624236.4439679263,0.004336125814788967,33.29448527233122,Normal,Above MA200,Bullish
2025-12-27 15:37:16.250965,Silver,249.6939592031742,254.32995787315105,237.63982778337177,237.71691130528632,77661678.23197722,0.047966910918106086,30.020399560637742,Normal,Above MA200,Bullish
2025-12-28 15:37:16.250965,Silver,244.4435707538825,249.97490381625462,239.91401960009512,249.29284556428698,63304176.37035367,0.019838013311002337,57.684599863452355,Normal,Above MA200,Bullish
2025-12-29 15:37:16.250965,Silver,233.33310886772637,236.22777429575115,230.78762563732903,231.62361199243148,23663702.83317353,0.007326422227820257,40.93335838944725,Normal,Above MA200,Neutral
2025-12-30 15:37:16.250965,Silver,238.41486028589728,243.3287170829628,234.9772203917851,240.78631386437527,7062968.54859786,0.0099467523779107,65.55593185006524,Normal,Above MA200,Neutral
2025-12-31 15:37:16.250965,Silver,233.8335624165922,234.77480563712282,231.97604540652227,233.82785153039666,12735552.760589179,2.442286785741994e-05,48.19545796291325,Normal,Above MA200,Neutral
2026-01-01 15:37:16.250965,Silver,242.01310519327797,247.50139546738347,236.55639508801642,242.98333579704342,72037130.06054504,0.004009000268768927,53.98545927453257,Normal,Above MA200,Bullish
2026-01-02 15:37:16.250965,Silver,238.19000860748338,240.8241925848127,233.67248721329727,239.0195139972732,6907712.173373613,0.0034825364617068213,48.8873442653787,Normal,Above MA200,Neutral
2026-01-03 15:37:16.250965,Silver,233.28730722778516,236.2500181901463,228.78425812380965,229.67994492872083,20705398.04721629,0.015463174323247932,38.93815248737013,Normal,Above MA200,Neutral
2026-01-04 15:37:16.250965,Silver,231.59463282275573,233.07655149464696,226.43939858258443,226.91775798267662,57680457.48875462,0.020194228091885123,62.77144945136413,Normal,Above MA200,Bearish
2026-01-05 15:37:16.250965,Silver,228.25496994869184,231.28192200808132,227.1605800143107,230.5262139339439,97040074.66882458,0.009950468924127128,61.2315138391917,Normal,Above MA200,Bearish
2026-01-06 15:37:16.250965,Silver,229.00687897936427,230.42925202831475,224.31131697180643,224.32108764503124,58410687.8899526,0.020461356249282216,60.62987040137237,Normal,Above MA200,Bullish
2026-01-07 15:37:16.250965,Silver,231.40615802779436,238.58713919664814,230.42559832157642,235.7851116722917,16377666.764500616,0.01892323731493502,62.914220945809625,Normal,Above MA200,Neutral
2026-01-08 15:37:16.250965,Silver,234.7094316337613,237.9865765887232,231.8174617889332,236.21449333451773,44028532.51990569,0.006412446616567658,57.66813671501384,Normal,Above MA200,Bullish
2026-01-09 15:37:16.250965,Silver,234.1985347128981,237.08492483722725,232.90540823866255,233.76342940935268,75035403.73255391,0.0018578481034427264,65.81740403024423,Normal,Above MA200,Neutral
2026-01-10 15:37:16.250965,Silver,225.2546272900073,226.77600211611542,224.0462555117813,226.53773105178038,32509355.219005104,0.005696237086047107,35.64743938318873,Normal,Above MA200,Bullish
2026-01-11 15:37:16.250965,Silver,235.52560193267303,242.38020660689526,233.13411849016484,240.209740114339,37288542.87849243,0.019888021273394205,37.84074581219433,Normal,Above MA200,Bullish
2026-01-12 15:37:16.250965,Silver,233.32460357194657,233.35088855355872,220.4332085138935,223.6289571147391,70901555.26779519,0.04155432521379067,52.79636320851047,Normal,Above MA200,Bearish
2026-01-13 15:37:16.250965,Silver,230.81274235512518,232.77266485966643,226.5661266823464,227.06885316814154,59184813.87643743,0.016220461438924062,53.126488023978546,Normal,Above MA200,Bullish
2026-01-14 15:37:16.250965,Silver,230.28305991080714,231.8334318091204,224.28043544569854,226.6025024684133,59294909.46484129,0.015982753763213772,31.568740051200585,Normal,Above MA200,Bearish
2026-01-15 15:37:16.250965,Silver,228.72575583954887,228.98830743945183,219.8591669228269,223.2136251007064,74134379.4407779,0.024099300573343523,31.102729633433825,Normal,Above MA200,Bullish
2026-01-16 15:37:16.250965,Silver,218.30213620702273,221.2349044847566,217.29638476751654,217.45017040630657,79764131.12171596,0.003902691084562753,69.89833315358393,Normal,Above MA200,Bullish
2026-01-17 15:37:16.250965,Silver,221.7286870118894,224.87420458741525,218.723599295223,219.89452722431105,42212344.07141735,0.008272090599986362,36.24194390927196,Normal,Above MA200,Bearish
2026-01-18 15:37:16.250965,Silver,216.83931992963545,219.28577361813504,214.45468879862926,215.99017001853906,91730065.3170214,0.003916032901098974,63.99126794960922,Normal,Above MA200,Neutral
2026-01-19 15:37:16.250965,Silver,214.90950073227924,217.51611348446764,213.71235261837722,215.03687996686656,95231906.10626404,0.0005927110441989787,43.3285089236642,Normal,Above MA200,Neutral
2026-01-20 15:37:16.250965,Silver,225.3944246034282,235.82438078976372,224.9579363167927,235.0285870776878,88500586.11424993,0.04274357048188092,63.67842724935177,Normal,Above MA200,Bearish
2026-01-21 15:37:16.250965,Silver,231.02317345807563,239.14032100960765,226.8686262362173,236.34041252857605,62884361.297577254,0.023016042031235303,68.47166015244872,Normal,Above MA200,Bearish
2026-01-22 15:37:16.250965,Silver,240.63119754117346,241.47148796614974,239.01268108652766,240.92516414460476,85766467.23454525,0.0012216479261006967,66.11459175166564,Normal,Above MA200,Neutral
2026-01-23 15:37:16.250965,Silver,236.5964864048358,238.94431081810257,232.80829892235457,238.50231437259757,91858028.34594446,0.00805518288424941,48.89055856014859,Normal,Above MA200,Bearish
2026-01-24 15:37:16.250965,Silver,240.94719408351972,241.91048495328988,238.0115213995216,239.73433366321146,26920334.992499106,0.005033718798517602,55.508456955468546,Normal,Above MA200,Bearish
2026-01-25 15:37:16.250965,Silver,243.35046903774423,246.29333774462032,241.6364577482377,245.76736022854334,41992132.081120804,0.00993173015180947,42.99178011453475,Normal,Above MA200,Neutral
2026-01-26 15:37:16.250965,Silver,243.0249369364756,248.72861633123398,240.5106208349975,247.3177974605362,62459449.65554212,0.017664279963099893,47.89009386078449,Normal,Above MA200,Neutral
2026-01-27 15:37:16.250965,Silver,238.55169524440407,242.30653651819208,237.20099240844542,238.95736236574413,54576209.183672436,0.0017005417669509334,50.127762903158626,Normal,Above MA200,Bullish
2026-01-28 15:37:16.250965,Silver,245.0154811899574,247.96958334534995,244.851731361736,246.27918909469477,36533579.74032979,0.005157665542601662,35.923939992048204,Normal,Above MA200,Neutral
2026-01-29 15:37:16.250965,Silver,241.951583743557,244.1500823303734,236.61607315435373,241.682120168464,47635680.296768926,0.0011137086640384125,35.73902816536859,Normal,Above MA200,Bullish
2026-01-30 15:37:16.250965,Silver,242.76377297729064,248.88960269493103,237.57493329490327,240.4638465633071,2660993.7122889524,0.009473927620158914,61.57956707294561,Normal,Above MA200,Neutral
2026-01-31 15:37:16.250965,Silver,248.20554531012564,262.9250569489467,244.74828153712684,256.9245702591142,7822059.864715034,0.03512824396447061,55.357534407804984,Normal,Above MA200,Neutral
2026-02-01 15:37:16.250965,Silver,242.3846614344178,258.58078640828523,239.60435036410806,254.60953469388028,10247360.49426138,0.050435836934220234,59.42496600870036,Normal,Above MA200,Neutral
2026-02-02 15:37:16.250965,Silver,235.89685573498227,236.25295497262957,228.35881330560085,229.35833838000914,49785510.51744241,0.027717696086287793,39.51153684446285,Normal,Above MA200,Bearish
2026-02-03 15:37:16.250965,Silver,250.8917861819715,252.56774550631434,247.26545913809744,248.40771621988037,20284584.58012258,0.009900961685088637,46.53369056595261,Normal,Above MA200,Bearish
2026-02-04 15:37:16.250965,Silver,245.76618277876145,246.49345554950204,240.9215756287252,242.1795933737492,80834337.97493204,0.01459350250901223,36.950227849192935,Normal,Above MA200,Bearish
2026-02-05 15:37:16.250965,Silver,255.4012457666313,258.511193634382,248.2484397704253,249.98651910966512,15446968.979640976,0.021200862355674584,55.16187974348202,Normal,Above MA200,Neutral
2026-02-06 15:37:16.250965,Silver,255.08536812472892,256.59225573879445,250.84881990438527,251.1247291474173,65503428.51239436,0.015526719570112615,69.53948580135363,Normal,Above MA200,Neutral
2026-02-07 15:37:16.250965,Silver,252.5473299689091,255.66262931892757,251.63159056263763,252.3515596702892,13629286.1743277,0.0007751826108953156,47.424474312888954,Normal,Above MA200,Bullish
2026-02-08 15:37:16.250965,Silver,250.60064428772154,261.59705821154864,249.53039373995384,258.09889048482836,35097189.96531204,0.029921097044339092,30.45700749615004,Normal,Above MA200,Bullish
2026-02-09 15:37:16.250965,Silver,250.22985771162863,252.9688069007993,240.44894890850554,243.20406724283498,51966515.72801522,0.028077346696533487,64.71691634340456,Normal,Above MA200,Bullish
2026-02-10 15:37:16.250965,Silver,258.20325718473487,260.01569165142877,258.0301327263871,258.13025547189494,11834889.383223608,0.0002827296356981727,65.32742314802651,Normal,Above MA200,Bearish
2026-02-11 15:37:16.250965,Silver,262.70929965711645,263.6194934037451,255.19109517760108,257.36877709694875,30276666.59021579,0.020328639173177464,60.41084973611335,Normal,Above MA200,Neutral
2026-02-12 15:37:16.250965,Silver,261.4481679343064,264.1447859254611,254.64246611441948,255.46464122795646,92635335.3873368,0.022886091547803238,68.7698373684436,Normal,Above MA200,Bullish
2026-02-13 15:37:16.250965,Silver,250.32861234886298,251.64824525073544,243.69830676779213,246.44172145625996,90145250.20205025,0.015527153912338925,61.49958274517495,Normal,Above MA200,Bearish
2026-02-14 15:37:16.250965,Silver,250.45148687114875,252.42211701092702,246.62193295590944,248.30760470792342,91558509.98144038,0.008560069616709078,43.92629760576345,Normal,Above MA200,Bullish
2026-02-15 15:37:16.250965,Silver,251.2431332365292,255.39777816558527,244.36103154523212,245.6747794047761,83116549.30414096,0.022163208044817882,65.95543015448581,Normal,Above MA200,Bearish
2026-02-16 15:37:16.250965,Silver,258.7433645923439,271.89302442904875,256.72839343263036,263.82088040681083,19517669.321887396,0.01962375275774395,44.42644496732744,Normal,Above MA200,Bearish
2026-02-17 15:37:16.250965,Silver,249.98203033588405,250.3819723812504,245.81428876069316,247.28755878704862,88257708.8650528,0.010778660951009308,35.2578406659285,Normal,Above MA200,Neutral
2026-02-18 15:37:16.250965,Silver,247.04089661679893,249.4125152184274,243.8393405229693,245.9199338491643,30849938.98871382,0.004537559501224652,55.492545186685305,Normal,Above MA200,Bearish
2026-02-19 15:37:16.250965,Silver,243.9117042341893,244.78008479014383,233.1818499167122,235.4406914471254,22314531.434823167,0.034729833132281916,43.44517688112348,Normal,Above MA200,Bearish
2026-02-20 15:37:16.250965,Silver,243.57869035303688,245.57120353483876,238.28403019679322,239.66016890701985,25732498.09552557,0.016087291709868494,33.37856659411498,Normal,Above MA200,Bullish
2026-02-21 15:37:16.250965,Silver,244.12127413671135,244.55808455323006,242.04740042103361,242.2156580750858,59383153.72112213,0.0078060221025979615,61.49529701663222,Normal,Above MA200,Bearish
2026-02-22 15:37:16.250965,Silver,246.73400973445646,251.92680240908956,244.95605952866103,250.4918324601936,9277733.434121106,0.015230258405727759,53.4118256152904,Normal,Above MA200,Neutral
2026-02-23 15:37:16.250965,Silver,235.4414453299645,239.15125356259435,228.70752576953873,230.3248769918122,97811293.93313548,0.021731808225104773,62.28640313168738,Normal,Above MA200,Bullish
2026-02-24 15:37:16.250965,Silver,236.47232036574337,237.32807244332017,226.45843274485196,229.24273973051305,43884583.588460594,0.03057262949020241,35.31553956819471,Normal,Above MA200,Bearish
2026-02-25 15:37:16.250965,Silver,237.93629183367344,239.0823653924985,237.51899991617051,238.76833076531395,25984875.17562562,0.0034968979520876914,32.34165687800312,Normal,Above MA200,Bullish
2026-02-26 15:37:16.250965,Silver,238.3841615426815,239.85036109011966,235.7798686495975,237.3292807834249,28429011.816357266,0.004425129389595452,38.58857478079249,Normal,Above MA200,Bearish
2026-02-27 15:37:16.250965,Silver,237.3256436274797,240.57617652366054,235.99714571183912,239.63452292904458,25005483.508166127,0.009728739238937934,50.929883009599195,Normal,Above MA200,Bearish
2026-02-28 15:37:16.250965,Silver,216.94498310405476,223.44195885370533,216.7229007127346,217.57297378699099,88286517.58561262,0.00289470018596841,56.42978874642293,Normal,Above MA200,Bearish
2026-03-01 15:37:16.250965,Silver,220.33088586675166,223.21640684870084,216.6253179937651,222.90655272638057,23284627.78880687,0.011689994571104118,41.58197292329192,Normal,Above MA200,Neutral
2026-03-02 15:37:16.250965,Silver,214.53099264445538,216.4751881554126,213.74863251877463,216.28542076879978,77625214.9861474,0.008177970477450102,30.33167232606582,Normal,Above MA200,Bearish
2026-03-03 15:37:16.250965,Silver,218.188449132531,221.451048002356,217.37511410700793,220.1292883699666,28421045.73751848,0.008895242828627997,38.85107021488933,Normal,Above MA200,Bearish
2026-03-04 15:37:16.250965,Silver,225.6387865862337,228.32698474646597,220.7163101232062,222.26304581476913,71136336.73581204,0.01496081778552923,60.866088016756336,Normal,Above MA200,Neutral
2026-03-05 15:37:16.250965,Silver,215.6499165479392,225.0228608558841,215.31521943936292,223.38062555446032,75252196.8483903,0.03584842104403305,61.5088314918442,Normal,Above MA200,Bullish
2026-03-06 15:37:16.250965,Silver,219.12589649751828,225.57106913474132,217.16709919050473,224.17622500291014,12906296.576891154,0.023047611378279303,32.847931779421295,Normal,Above MA200,Bullish
2026-03-07 15:37:16.250965,Silver,211.76241874416536,215.41029674442933,199.36171468580753,205.54983886714922,40663067.37461477,0.029337499608566908,67.19369974534825,Normal,Above MA200,Bearish
2026-03-08 15:37:16.250965,Silver,211.50974801773805,216.7608027842432,209.80326208752902,213.600680398584,36484148.49563473,0.009885749476996187,66.22193126415664,Normal,Above MA200,Neutral
2026-03-09 15:37:16.250965,Silver,210.75916778583368,212.79194992856586,208.6911218647705,212.56353367805312,64012619.03572427,0.008561268822493003,39.22784493794612,Normal,Above MA200,Bullish
2026-03-10 15:37:16.250965,Silver,215.26710131315212,223.45646378864262,213.74475674242234,220.24032535798193,88209967.73411895,0.023102573567872643,35.68585481826067,Normal,Above MA200,Bearish
2026-03-11 15:37:16.250965,Silver,218.89005575820505,221.21251957745085,218.10505765112939,219.23888612826593,16578459.350198975,0.0015936327890847806,58.04714873417083,Normal,Above MA200,Bearish
2026-03-12 15:37:16.250965,Silver,220.45215862599701,224.5897000752628,217.25819965404062,220.65507053614962,61123565.54920626,0.0009204351248692666,54.62460437555154,Normal,Above MA200,Neutral
2026-03-13 15:37:16.250965,Silver,210.65843700428127,214.7565427239866,210.4474829913244,212.85470245188552,28927817.02529339,0.010425717948147483,55.3074386973003,Normal,Above MA200,Bearish
2026-03-14 15:37:16.250965,Silver,195.6712151207469,199.1558878657543,191.25309977870035,191.34959118572937,73375570.95654732,0.022086150649959897,30.760296001026855,Normal,Above MA200,Bearish
2026-03-15 15:37:16.250965,Silver,201.10803412685866,207.54575045637972,199.73094148436792,206.20522943256688,27316233.53153986,0.025345557813433447,33.74062729877493,Normal,Above MA200,Bearish
2026-03-16 15:37:16.250965,Silver,205.55667128736405,205.6086884618688,195.96740801920004,196.62633961467634,87761464.5766995,0.0434446209736647,51.623184428546885,Normal,Above MA200,Neutral
2026-03-17 15:37:16.250965,Silver,199.61210785097992,202.89828881415232,196.13902641939254,198.32074693255922,83008531.71578957,0.006469351645666512,61.66124284660221,Normal,Above MA200,Neutral
2026-03-18 15:37:16.250965,Silver,201.68214230769337,202.33643528279129,197.31218644954146,198.1946130081753,85875805.64313328,0.017292206734879724,68.06243410156063,Normal,Above MA200,Bullish
2026-03-19 15:37:16.250965,Silver,200.43497015945871,203.10021567444338,197.20140826681535,199.06973895133183,64742460.26603259,0.006811342387212942,60.80045559609128,Normal,Above MA200,Bearish
2026-03-20 15:37:16.250965,Silver,206.9100037161326,212.03533168279407,205.16446914759985,205.45371733685516,92474951.82747242,0.007038259886531908,40.55833872988166,Normal,Above MA200,Neutral
2026-03-21 15:37:16.250965,Silver,207.40813490982262,208.7766187063828,206.00915660068333,207.75607016687408,14274231.077606648,0.0016775391052174446,37.72289095186925,Normal,Above MA200,Neutral
2026-03-22 15:37:16.250965,Silver,212.77408210870544,214.51351725126372,205.66109790908504,207.62236472607498,93775281.7274853,0.024212147135469635,38.212744969331354,Normal,Above MA200,Neutral
2026-03-23 15:37:16.250965,Silver,209.11748905033238,213.70306394312152,203.9282123404281,213.45761891368423,89368918.07481413,0.020754504480049587,64.75029726420223,Normal,Above MA200,Bullish
2026-03-24 15:37:16.250965,Silver,210.81610937629682,211.07465071088353,206.57723701867823,208.53800781599313,25557966.68178348,0.010806107593217162,31.546801760752405,Normal,Above MA200,Bearish
2026-03-25 15:37:16.250965,Silver,208.35672307707705,213.53681826781911,199.38581139551476,201.6443422356748,70589178.80813482,0.03221581114480832,64.05884055547509,Normal,Above MA200,Neutral
2026-03-26 15:37:16.250965,Silver,204.67097626280372,205.18947690470773,194.05719404185072,196.03482344196647,71819355.10745995,0.04219529792904375,61.63670401112516,Normal,Above MA200,Neutral
2026-03-27 15:37:16.250965,Silver,190.7859310535971,192.34246476883385,187.9738786450926,188.4505212798909,17602034.968317073,0.012240995763204995,55.0685030382715,Normal,Above MA200,Neutral
2026-03-28 15:37:16.250965,Silver,196.2894856795665,198.4589194848905,193.69447584383545,195.0486286409625,99751624.92674148,0.006321566508303123,56.3459478859921,Normal,Above MA200,Bearish
2026-03-29 15:37:16.250965,Silver,206.716923913342,208.93625809049078,200.7955861688726,202.57656630170044,46834392.84942551,0.020029117758047,53.9017749810888,Normal,Above MA200,Bullish
2026-03-30 15:37:16.250965,Silver,198.44505768549323,199.1981155139902,196.64639451593706,197.03028599821994,85015201.39735287,0.007129286583269236,30.83347305048324,Normal,Above MA200,Bullish
2026-03-31 15:37:16.250965,Silver,202.57859467860442,206.8443015931679,199.08682546547686,199.77458720736718,11591198.955573555,0.013841578256013936,60.45877315749267,Normal,Above MA200,Bearish
2026-04-01 15:37:16.250965,Silver,206.46375837093154,209.34849941556152,202.9855230408336,204.3111373480635,73125717.26753247,0.010426144713498163,54.440369938167564,Normal,Above MA200,Bearish
2026-04-02 15:37:16.250965,Silver,203.39696743074379,203.70348171815078,197.49979552862223,198.49313736904892,5687042.590394556,0.024109651798838172,34.16825750151405,Normal,Above MA200,Bearish
2026-04-03 15:37:16.250965,Silver,199.0018662684326,204.65284196327877,198.5376196273609,202.77800144507856,49627136.842530705,0.01897537569598644,57.15533467557209,Normal,Above MA200,Bearish
2026-04-04 15:37:16.250965,Silver,206.03717716580104,207.3146782669312,204.58540653523244,205.39381583310555,23600221.149820942,0.0031225497337200245,34.80279643552118,Normal,Above MA200,Bullish
2026-04-05 15:37:16.250965,Silver,212.44438562341426,213.0725854257043,210.33760653846772,210.91731116205767,6009408.405563115,0.007188113994518671,62.04011590542371,Normal,Above MA200,Bearish
2026-04-06 15:37:16.250965,Silver,215.13507566665618,217.84483689647908,208.75910084705018,209.5074465270088,50357206.38789582,0.026158584890021333,44.802482514799024,Normal,Above MA200,Neutral
2026-04-07 15:37:16.250965,Silver,212.03627613117294,215.17119259757388,210.66934402643335,212.93064814124048,94775552.34463798,0.00421801413600692,68.07125374793468,Normal,Above MA200,Bullish
2026-04-08 15:37:16.250965,Silver,218.52897229983427,218.68107299605518,217.60397263627922,218.04270283639937,90594527.37126017,0.0022251944825316143,37.15034013884257,Normal,Above MA200,Bullish
2026-04-09 15:37:16.250965,Silver,213.54327749921336,218.43441211015045,209.47197377502906,215.60861395366103,88500783.67398739,0.00967174653604005,66.05554462142292,Normal,Above MA200,Bullish
2026-04-10 15:37:16.250965,Silver,222.00967743876586,222.95702258976877,220.0601298315118,222.1049059597994,97803337.42468129,0.0004289386036327113,34.458485583340675,Normal,Above MA200,Bearish
2026-04-11 15:37:16.250965,Silver,231.7369461827284,236.11934254615988,231.00466520783593,234.38755253214111,20444190.797258064,0.011437996370775892,52.10079121467912,Normal,Above MA200,Bearish
2026-04-12 15:37:16.250965,Silver,238.778070591095,239.05889936157976,235.35116404027997,236.58647930654502,90284355.66854107,0.009178360806437203,39.80225557014972,Normal,Above MA200,Bullish
2026-04-13 15:37:16.250965,Silver,240.82106315614618,242.16800880387777,239.81890855848053,242.11167813984324,61555535.685411625,0.005359227996017213,38.94768573328253,Normal,Above MA200,Bullish
2026-04-14 15:37:16.250965,Silver,225.63967594347986,227.04861176929276,222.97310534181813,224.1165175539781,56513189.42909203,0.006750401422679238,53.471091528926,Normal,Above MA200,Neutral
2026-04-15 15:37:16.250965,Silver,224.5384602756373,230.72297307844676,224.0644208806824,227.34795292277283,8872201.267937971,0.012512300314550522,30.799707448687684,Normal,Above MA200,Neutral
2026-04-16 15:37:16.250965,Silver,235.0564031799159,239.3765462182942,232.7057791147511,233.7519048411967,38891985.096552275,0.005549724751470416,30.4436997409797,Normal,Above MA200,Bearish
2026-04-17 15:37:16.250965,Silver,240.64086571821267,241.92367582682905,231.7914701825172,234.15695151775418,45972432.838190354,0.026944360348383458,65.0288519227667,Normal,Above MA200,Bullish
2026-04-18 15:37:16.250965,Silver,243.2351543591314,247.2498508660537,241.25274913661198,246.39446038931723,31174110.967684407,0.012988690053910353,49.25005129486288,Normal,Above MA200,Bearish
2026-04-19 15:37:16.250965,Silver,239.17760469733065,247.69159706221794,234.92678771447197,244.49930276691188,62468080.75533579,0.022249984802363124,46.405988795545596,Normal,Above MA200,Bullish
2026-04-20 15:37:16.250965,Silver,245.28263312017432,248.48814048577847,240.96951966657954,247.64230503216112,17718000.522823542,0.009620216001312512,59.825831895381,Normal,Above MA200,Neutral
2026-04-21 15:37:16.250965,Silver,235.90840770726163,245.057634854794,231.63415325781938,241.54508618188535,69335998.30935472,0.023893503963700463,59.60022154436183,Normal,Above MA200,Bearish
2026-04-22 15:37:16.250965,Silver,234.89029731119146,237.78630344504316,227.43274337109497,228.20119498970882,54783516.318243116,0.028477559090576875,50.47023550228698,Normal,Above MA200,Neutral
2026-04-23 15:37:16.250965,Silver,245.25924788159614,259.2919061081775,243.06059457123416,254.90553309730294,65249237.62554657,0.039330974464880174,37.957624601855706,Normal,Above MA200,Bullish
2026-04-24 15:37:16.250965,Silver,240.46553932070063,245.90277911582604,236.24567966315777,244.05226556112137,37113597.52365454,0.014915759865438607,52.427912698570644,Normal,Above MA200,Bearish
2026-04-25 15:37:16.250965,Silver,244.09605158673565,244.3660424233699,242.979266616404,243.10447349240698,35140781.76143464,0.004062245529507625,38.15849269235066,Normal,Above MA200,Bullish
2026-04-26 15:37:16.250965,Silver,233.62433125280108,237.16349105921023,226.48740021013586,227.36175817059993,2422650.386748149,0.026806168041737636,30.834458905496362,Normal,Above MA200,Bearish
2026-04-27 15:37:16.250965,Silver,229.73747856904555,232.1558071276173,228.97249514958244,229.54907120935312,88860769.18974903,0.0008200984918349701,69.56353359424425,Normal,Above MA200,Bearish
2026-04-28 15:37:16.250965,Silver,230.80700150852329,232.6633081821156,219.42363614183228,219.7863729708065,85010032.73080054,0.04774824188905646,51.88074459106808,Normal,Above MA200,Bearish
2026-04-29 15:37:16.250965,Silver,232.91442823163212,233.64441012210312,231.11492517886478,232.90060231536157,27164236.900035717,5.936049722428235e-05,59.08862752074569,Normal,Above MA200,Bearish
2026-04-30 15:37:16.250965,Silver,245.23553043095308,246.73071064965578,238.84147302028694,241.60942006246367,18790959.922673095,0.014786235755142142,51.42059606708616,Normal,Above MA200,Bullish
2026-05-01 15:37:16.250965,Silver,242.23159947059347,242.3126860390681,234.48080485501964,236.07469717005276,53639190.66152419,0.025417419998038482,62.796017199378326,Normal,Above MA200,Bearish
2026-05-02 15:37:16.250965,Silver,245.7741901259718,247.49660027471913,230.71419883680986,231.17012812321875,46234817.68284206,0.05942064948019049,56.30688999502003,Normal,Above MA200,Bullish
2026-05-03 15:37:16.250965,Silver,249.14959255871594,253.1950415167164,248.77006325980915,252.53682112137807,70532794.62564556,0.013595159951401084,64.16061660823766,Normal,Above MA200,Bullish
2026-05-04 15:37:16.250965,Silver,245.640298204891,253.9999356324663,245.11096417598043,249.7513043918047,5826534.851324132,0.016735878505914643,48.503640827723544,Normal,Above MA200,Bearish
2026-05-05 15:37:16.250965,Silver,251.33733962894723,252.23163861745684,251.23806952010207,251.9879896590651,11635024.30577055,0.0025887519581388845,38.029687326629734,Normal,Above MA200,Bearish
2026-05-06 15:37:16.250965,Silver,255.3193655169301,259.465802564813,251.9627040654821,252.01349823369176,7374026.486939401,0.01294796920924956,46.67306015699408,Normal,Above MA200,Bearish
2026-05-07 15:37:16.250965,Silver,253.68956755134764,255.78253666866144,251.2550593496196,251.72604264499716,97118234.64675374,0.007739872495754301,63.08181964571319,Normal,Above MA200,Bullish
2026-05-08 15:37:16.250965,Silver,254.84991218183262,258.9026677632696,248.47373642653724,252.1314309336546,11185793.967102028,0.010666989150219538,62.646148955301136,Normal,Above MA200,Neutral
